-- NPC Bloodclaw Worgen (Entry 61251), Bloodclaw Alpha (61252), and Bloodclaw Rager (61253) all look like wisps and need their display ID corrected to 61191
update creature_template set display_id1 = 18174 where entry in (61251,61252,61253);
-- NPC Brother Elias (61387) change display ID to 18677
update creature_template set display_id1 = 18677 where entry = 61387;
-- NPC Odon Shademoore (61380) change display ID to 221
update creature_template set display_id1 = 221 where entry = 61380;
-- npc 61374, npc 61375 error incorrect syntax
REPLACE INTO `creature_display_info_addon` (`display_id`, `bounding_radius`, `combat_reach`, `gender`, `display_id_other_gender`) VALUES
(18174, 0, 0, 0, 0),
(18728, 0, 0, 0, 0),
(19137, 0, 0, 0, 0);
-- NPC Frell Rosewick, change scale to 1
update creature_template set scale = 0 where entry = 61381;
-- Make 2h sword weapon, grey quality with display ID 60981 with the name 'Blackwald Sword - Monster'
REPLACE INTO item_template VALUES
(61242, 2, 8, 'Monster - Sword2H, Blackwald Sword', '', 60981, 1, 0, 1, 21, 4, 17, -1, -1, 1, 1, 0, 0, 0, 0, 0, 0, 0, 0, 1, 0, 0, 0, 0, 0, 0, 0, 0, 0, 0, 0, 0, 0, 0, 0, 0, 0, 0, 0, 0, 0, 2000, 0, 0, 1, 2, 0, 0, 0, 0, 0, 0, 0, 0, 0, 0, 0, 0, 0, 0, 0, 0, 0, 0, 0, 0, 0, 0, 0, 0, 0, -1, 0, -1, 0, 0, 0, 0, -1, 0, -1, 0, 0, 0, 0, -1, 0, -1, 0, 0, 0, 0, -1, 0, -1, 0, 0, 0, 0, -1, 0, -1, 1, 0, 0, 0, 0, 0, 1, 1, 0, 0, 20, 0, 0, 0, 0, 0, 0, 0, 0, 4, 1, NULL);
-- Add Greeting to npc 61259.
delete from broadcast_text where entry = 61259;
REPLACE INTO broadcast_text VALUES
(61259, 'Gilneas has seen dark days, but with newfound allies such as yourself, there remains hope yet. I feared the Alliance would have abandoned us, yet here we stand.$B$BI will bend no knee to these Alteraci scum. We will prevail.', NULL, 0, 0, 0, 0, 0, 0, 0, 0, 0);
-- Add Greeting to npc 61257.
delete from broadcast_text where entry = 61257;
REPLACE INTO broadcast_text VALUES
(61257, 'It shall always be a Greymane who sits atop the Gilnean throne. It is by the will of my Lord that this will come to pass once again.$B$BI admit, I have little trust in outsiders, but I realize such attitudes have doomed us to these times we live in.', NULL, 0, 0, 0, 0, 0, 0, 0, 0, 0);
-- Add Greeting to npc 61260.
delete from broadcast_text where entry = 61260;
REPLACE INTO broadcast_text VALUES
(61260, 'The Kirin Tor called Arugal a charlatan using cheap parlor tricks to pass for a mage. If only they could have understood his genius and mine.$B$BThe so-called Worgen curse is a blessing: With Arugal\'s research, we can achieve immortality, never again to fear sickness or frailty, empowered as we are with strength beyond human comprehension.$B$BWe have yet to test the curse on races other than humans and dwarves, but we are not so depraved as to force it upon those unwilling.', NULL, 0, 0, 0, 0, 0, 0, 0, 0, 0);
-- New NPC for PTR (with spell lists).
REPLACE INTO creature_template VALUES
(61388, 20267, 20268, 0, 0, 0, 'Greymane Elite', NULL, 0, 45, 46, 4895, 4895, 0, 0, 3540, 14, 0, 1, 1.14286, 0, 20, 5, 0, 1, 1, 411, 488, 0, 208, 1, 2000, 2000, 1, 0, 0, 0, 0, 0, 0, 0, 53.1456, 73.0752, 100, 7, 0, 61388, 0, 0, 0, 0, 0, 0, 0, 0, 0, 0, 0, 0, 0, 0, 0, NULL, 483, 704, 'EventAI', 0, 3, 0, 0, 3, 0, 0, 0, 0, 0, 0, 0, ''),
(61389, 20273, 20274, 0, 0, 0, 'Greymane Footman', NULL, 0, 43, 44, 4038, 4278, 0, 0, 2082, 14, 0, 1, 1.14286, 0, 18, 5, 0, 1, 1, 269, 346, 0, 194, 1, 2000, 2000, 1, 0, 0, 0, 0, 0, 0, 0, 53.1456, 73.0752, 100, 7, 0, 61389, 0, 0, 0, 0, 0, 0, 0, 0, 0, 0, 0, 0, 0, 0, 0, NULL, 259, 343, 'EventAI', 0, 3, 0, 0, 3, 0, 0, 0, 0, 0, 0, 0, ''),
(61390, 20281, 20282, 0, 0, 0, 'Greymane Noble', NULL, 0, 45, 47, 4895, 5124, 1444, 1444, 2804, 14, 0, 1, 1.14286, 0, 20, 5, 0, 1, 1, 411, 502, 0, 208, 1, 2000, 2000, 2, 0, 0, 0, 0, 0, 0, 0, 53.1456, 73.0752, 100, 7, 0, 61390, 0, 0, 0, 0, 0, 0, 0, 0, 0, 0, 0, 0, 0, 0, 0, NULL, 483, 704, 'EventAI', 0, 3, 0, 0, 3, 0, 0, 0, 0, 0, 0, 0, ''),
(61391, 20265, 20266, 0, 0, 0, 'Greymane Cleric', NULL, 0, 45, 46, 4895, 4895, 1903, 1903, 3540, 14, 0, 1, 1.14286, 0, 20, 5, 0, 1, 1, 411, 488, 0, 208, 1, 2000, 2000, 2, 0, 0, 0, 0, 0, 0, 0, 53.1456, 73.0752, 100, 7, 0, 61391, 0, 0, 0, 0, 0, 0, 0, 0, 0, 0, 0, 0, 0, 0, 0, NULL, 483, 704, 'EventAI', 0, 3, 0, 0, 3, 0, 0, 0, 0, 0, 0, 0, ''),
(61392, 10794, 0, 0, 0, 0, 'Foulhide Shaman', NULL, 0, 42, 42, 1881, 1981, 1206, 1206, 2246, 61, 0, 1, 1.14286, 1.2, 18, 5, 0, 0, 1, 64, 79, 0, 172, 1, 2000, 2000, 2, 0, 0, 0, 0, 0, 0, 0, 58.7664, 80.8038, 100, 7, 0, 0, 0, 0, 0, 0, 0, 0, 0, 0, 0, 0, 0, 0, 0, 0, 0, NULL, 0, 0, 'EventAI', 0, 3, 0, 0, 3, 0, 0, 0, 0, 0, 0, 0, '');

set @equip_template = 20344; set @weapon_1 = 35; set @weapon_2 = 0; set @weapon_3 = 0; set @creature = 61392;
replace into creature_equip_template values (@equip_template, @weapon_1, @weapon_2, @weapon_3);
update creature_template set equipment_id = @equip_template where entry = @creature;

set @equip_template = 20343; set @weapon_1 = 22406; set @weapon_2 = 0; set @weapon_3 = 0; set @creature = 61391;
replace into creature_equip_template values (@equip_template, @weapon_1, @weapon_2, @weapon_3);
update creature_template set equipment_id = @equip_template where entry = @creature;

set @equip_template = 20342; set @weapon_1 = 80709; set @weapon_2 = 0; set @weapon_3 = 0; set @creature = 61390;
replace into creature_equip_template values (@equip_template, @weapon_1, @weapon_2, @weapon_3);
update creature_template set equipment_id = @equip_template where entry = @creature;

set @equip_template = 20341; set @weapon_1 = 15211; set @weapon_2 = 61240; set @weapon_3 = 0; set @creature = 61389;
replace into creature_equip_template values (@equip_template, @weapon_1, @weapon_2, @weapon_3);
update creature_template set equipment_id = @equip_template where entry = @creature;

set @equip_template = 20340; set @weapon_1 = 14541; set @weapon_2 = 0; set @weapon_3 = 0; set @creature = 61388;
replace into creature_equip_template values (@equip_template, @weapon_1, @weapon_2, @weapon_3);
update creature_template set equipment_id = @equip_template where entry = @creature;

-- Spell list: Foulhide Shaman.
set @creature_entry = 61392;
set @description = ': Foulhide Shaman';
set @spell_list_id = 180156;

set @spellid_1 = 6780; -- Wrath
set @probability_1 = 100;
set @casttarget_1 = 1;
set @castflags_1 = 4;
set @delayinitialmin_1 = 0;
set @delayinitialmax_1 = 0;
set @delayrepeatmin_1 = 8;
set @delayrepeatmax_1 = 8;

set @spellid_2 = 0;
set @probability_2 = 0; 
set @casttarget_2 = 0;
set @castflags_2 = 0;
set @delayinitialmin_2 = 0;
set @delayinitialmax_2 = 0;
set @delayrepeatmin_2 = 0;
set @delayrepeatmax_2 = 0;

set @spellid_3 = 0;
set @probability_3 = 0; 
set @casttarget_3 = 0; 
set @castflags_3 = 0;
set @delayinitialmin_3 = 0; 
set @delayinitialmax_3 = 0; 
set @delayrepeatmin_3 = 0; 
set @delayrepeatmax_3 = 0;

set @spellid_4 = 0;
set @probability_4 = 0; 
set @casttarget_4 = 0; 
set @castflags_4 = 0;
set @delayinitialmin_4 = 0; 
set @delayinitialmax_4 = 0; 
set @delayrepeatmin_4 = 0; 
set @delayrepeatmax_4 = 0;

set @spellid_5 = 0; 
set @probability_5 = 0; 
set @casttarget_5 = 0; 
set @castflags_5 = 0;
set @delayinitialmin_5 = 0; 
set @delayinitialmax_5 = 0; 
set @delayrepeatmin_5 = 0; 
set @delayrepeatmax_5 = 0;

set @spellid_6 = 0; 
set @probability_6 = 0; 
set @casttarget_6 = 0; 
set @castflags_6 = 0;
set @delayinitialmin_6 = 0; 
set @delayinitialmax_6 = 0; 
set @delayrepeatmin_6 = 0; 
set @delayrepeatmax_6 = 0;

set @spellid_7 = 0; 
set @probability_7 = 0; 
set @casttarget_7 = 0; 
set @castflags_7 = 0;
set @delayinitialmin_7 = 0; 
set @delayinitialmax_7 = 0; 
set @delayrepeatmin_7 = 0; 
set @delayrepeatmax_7 = 0;

set @spellid_8 = 0; 
set @probability_8 = 0; 
set @casttarget_8 = 0; 
set @castflags_8 = 0;
set @delayinitialmin_8 = 0; 
set @delayinitialmax_8 = 0; 
set @delayrepeatmin_8 = 0; 
set @delayrepeatmax_8 = 0;

-- Do not touch this part:
update creature_template set spell_list_id = @spell_list_id, ai_name = '', script_name = '', spell_id1 = 0, spell_id2 = 0, spell_id3 = 0 
where entry = @creature_entry;
replace into creature_spells (entry, name, 
spellid_1, probability_1, casttarget_1, castflags_1, delayinitialmin_1, delayinitialmax_1, delayrepeatmin_1, delayrepeatmax_1, 
spellid_2, probability_2, casttarget_2, castflags_2, delayinitialmin_2, delayinitialmax_2, delayrepeatmin_2, delayrepeatmax_2, 
spellid_3, probability_3, casttarget_3, castflags_3, delayinitialmin_3, delayinitialmax_3, delayrepeatmin_3, delayrepeatmax_3, 
spellid_4, probability_4, casttarget_4, castflags_4, delayinitialmin_4, delayinitialmax_4, delayrepeatmin_4, delayrepeatmax_4, 
spellid_5, probability_5, casttarget_5, castflags_5, delayinitialmin_5, delayinitialmax_5, delayrepeatmin_5, delayrepeatmax_5, 
spellid_6, probability_6, casttarget_6, castflags_6, delayinitialmin_6, delayinitialmax_6, delayrepeatmin_6, delayrepeatmax_6, 
spellid_7, probability_7, casttarget_7, castflags_7, delayinitialmin_7, delayinitialmax_7, delayrepeatmin_7, delayrepeatmax_7, 
spellid_8, probability_8, casttarget_8, castflags_8, delayinitialmin_8, delayinitialmax_8, delayrepeatmin_8, delayrepeatmax_8) 
values (@spell_list_id, @description,
@spellid_1, @probability_1, @casttarget_1, @castflags_1, @delayinitialmin_1, @delayinitialmax_1, @delayrepeatmin_1, @delayrepeatmax_1,
@spellid_2, @probability_2, @casttarget_2, @castflags_2, @delayinitialmin_2, @delayinitialmax_2, @delayrepeatmin_2, @delayrepeatmax_2,
@spellid_3, @probability_3, @casttarget_3, @castflags_3, @delayinitialmin_3, @delayinitialmax_3, @delayrepeatmin_3, @delayrepeatmax_3,
@spellid_4, @probability_4, @casttarget_4, @castflags_4, @delayinitialmin_4, @delayinitialmax_4, @delayrepeatmin_4, @delayrepeatmax_4,
@spellid_5, @probability_5, @casttarget_5, @castflags_5, @delayinitialmin_5, @delayinitialmax_5, @delayrepeatmin_5, @delayrepeatmax_5,
@spellid_6, @probability_6, @casttarget_6, @castflags_6, @delayinitialmin_6, @delayinitialmax_6, @delayrepeatmin_6, @delayrepeatmax_6,
@spellid_7, @probability_7, @casttarget_7, @castflags_7, @delayinitialmin_7, @delayinitialmax_7, @delayrepeatmin_7, @delayrepeatmax_7,
@spellid_8, @probability_8, @casttarget_8, @castflags_8, @delayinitialmin_8, @delayinitialmax_8, @delayrepeatmin_8, @delayrepeatmax_8);

-- Spell list: Greymane Cleric.
set @creature_entry = 61391;
set @description = ': Greymane Cleric';
set @spell_list_id = 180155;

set @spellid_1 = 6060; -- Smite
set @probability_1 = 100;
set @casttarget_1 = 1;
set @castflags_1 = 4;
set @delayinitialmin_1 = 0;
set @delayinitialmax_1 = 0;
set @delayrepeatmin_1 = 7;
set @delayrepeatmax_1 = 7;

set @spellid_2 = 10963; -- Greater Heal
set @probability_2 = 100; 
set @casttarget_2 = 15;
set @castflags_2 = 0;
set @delayinitialmin_2 = 3;
set @delayinitialmax_2 = 3;
set @delayrepeatmin_2 = 16;
set @delayrepeatmax_2 = 16;

set @spellid_3 = 0;
set @probability_3 = 0; 
set @casttarget_3 = 0; 
set @castflags_3 = 0;
set @delayinitialmin_3 = 0; 
set @delayinitialmax_3 = 0; 
set @delayrepeatmin_3 = 0; 
set @delayrepeatmax_3 = 0;

set @spellid_4 = 0;
set @probability_4 = 0; 
set @casttarget_4 = 0; 
set @castflags_4 = 0;
set @delayinitialmin_4 = 0; 
set @delayinitialmax_4 = 0; 
set @delayrepeatmin_4 = 0; 
set @delayrepeatmax_4 = 0;

set @spellid_5 = 0; 
set @probability_5 = 0; 
set @casttarget_5 = 0; 
set @castflags_5 = 0;
set @delayinitialmin_5 = 0; 
set @delayinitialmax_5 = 0; 
set @delayrepeatmin_5 = 0; 
set @delayrepeatmax_5 = 0;

set @spellid_6 = 0; 
set @probability_6 = 0; 
set @casttarget_6 = 0; 
set @castflags_6 = 0;
set @delayinitialmin_6 = 0; 
set @delayinitialmax_6 = 0; 
set @delayrepeatmin_6 = 0; 
set @delayrepeatmax_6 = 0;

set @spellid_7 = 0; 
set @probability_7 = 0; 
set @casttarget_7 = 0; 
set @castflags_7 = 0;
set @delayinitialmin_7 = 0; 
set @delayinitialmax_7 = 0; 
set @delayrepeatmin_7 = 0; 
set @delayrepeatmax_7 = 0;

set @spellid_8 = 0; 
set @probability_8 = 0; 
set @casttarget_8 = 0; 
set @castflags_8 = 0;
set @delayinitialmin_8 = 0; 
set @delayinitialmax_8 = 0; 
set @delayrepeatmin_8 = 0; 
set @delayrepeatmax_8 = 0;

-- Do not touch this part:
update creature_template set spell_list_id = @spell_list_id, ai_name = '', script_name = '', spell_id1 = 0, spell_id2 = 0, spell_id3 = 0 
where entry = @creature_entry;
replace into creature_spells (entry, name, 
spellid_1, probability_1, casttarget_1, castflags_1, delayinitialmin_1, delayinitialmax_1, delayrepeatmin_1, delayrepeatmax_1, 
spellid_2, probability_2, casttarget_2, castflags_2, delayinitialmin_2, delayinitialmax_2, delayrepeatmin_2, delayrepeatmax_2, 
spellid_3, probability_3, casttarget_3, castflags_3, delayinitialmin_3, delayinitialmax_3, delayrepeatmin_3, delayrepeatmax_3, 
spellid_4, probability_4, casttarget_4, castflags_4, delayinitialmin_4, delayinitialmax_4, delayrepeatmin_4, delayrepeatmax_4, 
spellid_5, probability_5, casttarget_5, castflags_5, delayinitialmin_5, delayinitialmax_5, delayrepeatmin_5, delayrepeatmax_5, 
spellid_6, probability_6, casttarget_6, castflags_6, delayinitialmin_6, delayinitialmax_6, delayrepeatmin_6, delayrepeatmax_6, 
spellid_7, probability_7, casttarget_7, castflags_7, delayinitialmin_7, delayinitialmax_7, delayrepeatmin_7, delayrepeatmax_7, 
spellid_8, probability_8, casttarget_8, castflags_8, delayinitialmin_8, delayinitialmax_8, delayrepeatmin_8, delayrepeatmax_8) 
values (@spell_list_id, @description,
@spellid_1, @probability_1, @casttarget_1, @castflags_1, @delayinitialmin_1, @delayinitialmax_1, @delayrepeatmin_1, @delayrepeatmax_1,
@spellid_2, @probability_2, @casttarget_2, @castflags_2, @delayinitialmin_2, @delayinitialmax_2, @delayrepeatmin_2, @delayrepeatmax_2,
@spellid_3, @probability_3, @casttarget_3, @castflags_3, @delayinitialmin_3, @delayinitialmax_3, @delayrepeatmin_3, @delayrepeatmax_3,
@spellid_4, @probability_4, @casttarget_4, @castflags_4, @delayinitialmin_4, @delayinitialmax_4, @delayrepeatmin_4, @delayrepeatmax_4,
@spellid_5, @probability_5, @casttarget_5, @castflags_5, @delayinitialmin_5, @delayinitialmax_5, @delayrepeatmin_5, @delayrepeatmax_5,
@spellid_6, @probability_6, @casttarget_6, @castflags_6, @delayinitialmin_6, @delayinitialmax_6, @delayrepeatmin_6, @delayrepeatmax_6,
@spellid_7, @probability_7, @casttarget_7, @castflags_7, @delayinitialmin_7, @delayinitialmax_7, @delayrepeatmin_7, @delayrepeatmax_7,
@spellid_8, @probability_8, @casttarget_8, @castflags_8, @delayinitialmin_8, @delayinitialmax_8, @delayrepeatmin_8, @delayrepeatmax_8);

-- Spell list: Greymane Noble.
set @creature_entry = 61390;
set @description = ': Greymane Noble';
set @spell_list_id = 180154;

set @spellid_1 = 10945; -- Mind Blast
set @probability_1 = 100;
set @casttarget_1 = 1;
set @castflags_1 = 4;
set @delayinitialmin_1 = 0;
set @delayinitialmax_1 = 0;
set @delayrepeatmin_1 = 9;
set @delayrepeatmax_1 = 9;

set @spellid_2 = 0;
set @probability_2 = 0; 
set @casttarget_2 = 0;
set @castflags_2 = 0;
set @delayinitialmin_2 = 0;
set @delayinitialmax_2 = 0;
set @delayrepeatmin_2 = 0;
set @delayrepeatmax_2 = 0;

set @spellid_3 = 0;
set @probability_3 = 0; 
set @casttarget_3 = 0; 
set @castflags_3 = 0;
set @delayinitialmin_3 = 0; 
set @delayinitialmax_3 = 0; 
set @delayrepeatmin_3 = 0; 
set @delayrepeatmax_3 = 0;

set @spellid_4 = 0;
set @probability_4 = 0; 
set @casttarget_4 = 0; 
set @castflags_4 = 0;
set @delayinitialmin_4 = 0; 
set @delayinitialmax_4 = 0; 
set @delayrepeatmin_4 = 0; 
set @delayrepeatmax_4 = 0;

set @spellid_5 = 0; 
set @probability_5 = 0; 
set @casttarget_5 = 0; 
set @castflags_5 = 0;
set @delayinitialmin_5 = 0; 
set @delayinitialmax_5 = 0; 
set @delayrepeatmin_5 = 0; 
set @delayrepeatmax_5 = 0;

set @spellid_6 = 0; 
set @probability_6 = 0; 
set @casttarget_6 = 0; 
set @castflags_6 = 0;
set @delayinitialmin_6 = 0; 
set @delayinitialmax_6 = 0; 
set @delayrepeatmin_6 = 0; 
set @delayrepeatmax_6 = 0;

set @spellid_7 = 0; 
set @probability_7 = 0; 
set @casttarget_7 = 0; 
set @castflags_7 = 0;
set @delayinitialmin_7 = 0; 
set @delayinitialmax_7 = 0; 
set @delayrepeatmin_7 = 0; 
set @delayrepeatmax_7 = 0;

set @spellid_8 = 0; 
set @probability_8 = 0; 
set @casttarget_8 = 0; 
set @castflags_8 = 0;
set @delayinitialmin_8 = 0; 
set @delayinitialmax_8 = 0; 
set @delayrepeatmin_8 = 0; 
set @delayrepeatmax_8 = 0;

-- Do not touch this part:
update creature_template set spell_list_id = @spell_list_id, ai_name = '', script_name = '', spell_id1 = 0, spell_id2 = 0, spell_id3 = 0 
where entry = @creature_entry;
replace into creature_spells (entry, name, 
spellid_1, probability_1, casttarget_1, castflags_1, delayinitialmin_1, delayinitialmax_1, delayrepeatmin_1, delayrepeatmax_1, 
spellid_2, probability_2, casttarget_2, castflags_2, delayinitialmin_2, delayinitialmax_2, delayrepeatmin_2, delayrepeatmax_2, 
spellid_3, probability_3, casttarget_3, castflags_3, delayinitialmin_3, delayinitialmax_3, delayrepeatmin_3, delayrepeatmax_3, 
spellid_4, probability_4, casttarget_4, castflags_4, delayinitialmin_4, delayinitialmax_4, delayrepeatmin_4, delayrepeatmax_4, 
spellid_5, probability_5, casttarget_5, castflags_5, delayinitialmin_5, delayinitialmax_5, delayrepeatmin_5, delayrepeatmax_5, 
spellid_6, probability_6, casttarget_6, castflags_6, delayinitialmin_6, delayinitialmax_6, delayrepeatmin_6, delayrepeatmax_6, 
spellid_7, probability_7, casttarget_7, castflags_7, delayinitialmin_7, delayinitialmax_7, delayrepeatmin_7, delayrepeatmax_7, 
spellid_8, probability_8, casttarget_8, castflags_8, delayinitialmin_8, delayinitialmax_8, delayrepeatmin_8, delayrepeatmax_8) 
values (@spell_list_id, @description,
@spellid_1, @probability_1, @casttarget_1, @castflags_1, @delayinitialmin_1, @delayinitialmax_1, @delayrepeatmin_1, @delayrepeatmax_1,
@spellid_2, @probability_2, @casttarget_2, @castflags_2, @delayinitialmin_2, @delayinitialmax_2, @delayrepeatmin_2, @delayrepeatmax_2,
@spellid_3, @probability_3, @casttarget_3, @castflags_3, @delayinitialmin_3, @delayinitialmax_3, @delayrepeatmin_3, @delayrepeatmax_3,
@spellid_4, @probability_4, @casttarget_4, @castflags_4, @delayinitialmin_4, @delayinitialmax_4, @delayrepeatmin_4, @delayrepeatmax_4,
@spellid_5, @probability_5, @casttarget_5, @castflags_5, @delayinitialmin_5, @delayinitialmax_5, @delayrepeatmin_5, @delayrepeatmax_5,
@spellid_6, @probability_6, @casttarget_6, @castflags_6, @delayinitialmin_6, @delayinitialmax_6, @delayrepeatmin_6, @delayrepeatmax_6,
@spellid_7, @probability_7, @casttarget_7, @castflags_7, @delayinitialmin_7, @delayinitialmax_7, @delayrepeatmin_7, @delayrepeatmax_7,
@spellid_8, @probability_8, @casttarget_8, @castflags_8, @delayinitialmin_8, @delayinitialmax_8, @delayrepeatmin_8, @delayrepeatmax_8);

-- Spell list: Greymane Footman, casts 15062 when at 25% hp.
delete from creature_ai_scripts where ID = 2200029;
REPLACE INTO `creature_ai_scripts` (`id`, `delay`, `priority`, `command`, `datalong`, `datalong2`, `datalong3`, `datalong4`, `target_param1`, `target_param2`, `target_type`, `data_flags`, `dataint`, `dataint2`, `dataint3`, `dataint4`, `x`, `y`, `z`, `o`, `condition_id`, `comments`) VALUES
(2200029, 0, 0, 15, 15062, 1, 0, 0, 0, 0, 0, 4, 0, 0, 0, 0, 0, 0, 0, 0, 0, 'Greymane Footman - Cast Spell Shield Block');

delete from creature_ai_events where ID = 2200029;
REPLACE INTO `creature_ai_events` (`id`, `creature_id`, `condition_id`, `event_type`, `event_inverse_phase_mask`, `event_chance`, `event_flags`, `event_param1`, `event_param2`, `event_param3`, `event_param4`, `action1_script`, `action2_script`, `action3_script`, `comment`) VALUES
(2200029, 61389, 0, 2, 0, 100, 0, 25, 0, 0, 0, 2200029, 0, 0, 'Greymane Footman - Shield Block at 25% HP');

-- Spell list: Greymane Footman.
set @creature_entry = 61389;
set @description = ': Greymane Footman';
set @spell_list_id = 180153;

set @spellid_1 = 12169; -- Shield Block
set @probability_1 = 100;
set @casttarget_1 = 0;
set @castflags_1 = 0;
set @delayinitialmin_1 = 2;
set @delayinitialmax_1 = 2;
set @delayrepeatmin_1 = 6;
set @delayrepeatmax_1 = 6;

set @spellid_2 = 0;
set @probability_2 = 0; 
set @casttarget_2 = 0;
set @castflags_2 = 0;
set @delayinitialmin_2 = 0;
set @delayinitialmax_2 = 0;
set @delayrepeatmin_2 = 0;
set @delayrepeatmax_2 = 0;

set @spellid_3 = 0;
set @probability_3 = 0; 
set @casttarget_3 = 0; 
set @castflags_3 = 0;
set @delayinitialmin_3 = 0; 
set @delayinitialmax_3 = 0; 
set @delayrepeatmin_3 = 0; 
set @delayrepeatmax_3 = 0;

set @spellid_4 = 0;
set @probability_4 = 0; 
set @casttarget_4 = 0; 
set @castflags_4 = 0;
set @delayinitialmin_4 = 0; 
set @delayinitialmax_4 = 0; 
set @delayrepeatmin_4 = 0; 
set @delayrepeatmax_4 = 0;

set @spellid_5 = 0; 
set @probability_5 = 0; 
set @casttarget_5 = 0; 
set @castflags_5 = 0;
set @delayinitialmin_5 = 0; 
set @delayinitialmax_5 = 0; 
set @delayrepeatmin_5 = 0; 
set @delayrepeatmax_5 = 0;

set @spellid_6 = 0; 
set @probability_6 = 0; 
set @casttarget_6 = 0; 
set @castflags_6 = 0;
set @delayinitialmin_6 = 0; 
set @delayinitialmax_6 = 0; 
set @delayrepeatmin_6 = 0; 
set @delayrepeatmax_6 = 0;

set @spellid_7 = 0; 
set @probability_7 = 0; 
set @casttarget_7 = 0; 
set @castflags_7 = 0;
set @delayinitialmin_7 = 0; 
set @delayinitialmax_7 = 0; 
set @delayrepeatmin_7 = 0; 
set @delayrepeatmax_7 = 0;

set @spellid_8 = 0; 
set @probability_8 = 0; 
set @casttarget_8 = 0; 
set @castflags_8 = 0;
set @delayinitialmin_8 = 0; 
set @delayinitialmax_8 = 0; 
set @delayrepeatmin_8 = 0; 
set @delayrepeatmax_8 = 0;

-- Do not touch this part:
update creature_template set spell_list_id = @spell_list_id, ai_name = 'EventAI', script_name = '', spell_id1 = 0, spell_id2 = 0, spell_id3 = 0 
where entry = @creature_entry;
replace into creature_spells (entry, name, 
spellid_1, probability_1, casttarget_1, castflags_1, delayinitialmin_1, delayinitialmax_1, delayrepeatmin_1, delayrepeatmax_1, 
spellid_2, probability_2, casttarget_2, castflags_2, delayinitialmin_2, delayinitialmax_2, delayrepeatmin_2, delayrepeatmax_2, 
spellid_3, probability_3, casttarget_3, castflags_3, delayinitialmin_3, delayinitialmax_3, delayrepeatmin_3, delayrepeatmax_3, 
spellid_4, probability_4, casttarget_4, castflags_4, delayinitialmin_4, delayinitialmax_4, delayrepeatmin_4, delayrepeatmax_4, 
spellid_5, probability_5, casttarget_5, castflags_5, delayinitialmin_5, delayinitialmax_5, delayrepeatmin_5, delayrepeatmax_5, 
spellid_6, probability_6, casttarget_6, castflags_6, delayinitialmin_6, delayinitialmax_6, delayrepeatmin_6, delayrepeatmax_6, 
spellid_7, probability_7, casttarget_7, castflags_7, delayinitialmin_7, delayinitialmax_7, delayrepeatmin_7, delayrepeatmax_7, 
spellid_8, probability_8, casttarget_8, castflags_8, delayinitialmin_8, delayinitialmax_8, delayrepeatmin_8, delayrepeatmax_8) 
values (@spell_list_id, @description,
@spellid_1, @probability_1, @casttarget_1, @castflags_1, @delayinitialmin_1, @delayinitialmax_1, @delayrepeatmin_1, @delayrepeatmax_1,
@spellid_2, @probability_2, @casttarget_2, @castflags_2, @delayinitialmin_2, @delayinitialmax_2, @delayrepeatmin_2, @delayrepeatmax_2,
@spellid_3, @probability_3, @casttarget_3, @castflags_3, @delayinitialmin_3, @delayinitialmax_3, @delayrepeatmin_3, @delayrepeatmax_3,
@spellid_4, @probability_4, @casttarget_4, @castflags_4, @delayinitialmin_4, @delayinitialmax_4, @delayrepeatmin_4, @delayrepeatmax_4,
@spellid_5, @probability_5, @casttarget_5, @castflags_5, @delayinitialmin_5, @delayinitialmax_5, @delayrepeatmin_5, @delayrepeatmax_5,
@spellid_6, @probability_6, @casttarget_6, @castflags_6, @delayinitialmin_6, @delayinitialmax_6, @delayrepeatmin_6, @delayrepeatmax_6,
@spellid_7, @probability_7, @casttarget_7, @castflags_7, @delayinitialmin_7, @delayinitialmax_7, @delayrepeatmin_7, @delayrepeatmax_7,
@spellid_8, @probability_8, @casttarget_8, @castflags_8, @delayinitialmin_8, @delayinitialmax_8, @delayrepeatmin_8, @delayrepeatmax_8);

-- Spell list: Greymane Elite.
set @creature_entry = 61388;
set @description = ': Greymane Elite';
set @spell_list_id = 180152;

set @spellid_1 = 17207; -- Whirlwind
set @probability_1 = 100;
set @casttarget_1 = 1;
set @castflags_1 = 4;
set @delayinitialmin_1 = 4;
set @delayinitialmax_1 = 4;
set @delayrepeatmin_1 = 10; 
set @delayrepeatmax_1 = 10;

set @spellid_2 = 11608; -- Cleave
set @probability_2 = 100; 
set @casttarget_2 = 1; 
set @castflags_2 = 4;
set @delayinitialmin_2 = 2; 
set @delayinitialmax_2 = 2; 
set @delayrepeatmin_2 = 15; 
set @delayrepeatmax_2 = 15;

set @spellid_3 = 0;
set @probability_3 = 0; 
set @casttarget_3 = 0; 
set @castflags_3 = 0;
set @delayinitialmin_3 = 0; 
set @delayinitialmax_3 = 0; 
set @delayrepeatmin_3 = 0; 
set @delayrepeatmax_3 = 0;

set @spellid_4 = 0;
set @probability_4 = 0; 
set @casttarget_4 = 0; 
set @castflags_4 = 0;
set @delayinitialmin_4 = 0; 
set @delayinitialmax_4 = 0; 
set @delayrepeatmin_4 = 0; 
set @delayrepeatmax_4 = 0;

set @spellid_5 = 0; 
set @probability_5 = 0; 
set @casttarget_5 = 0; 
set @castflags_5 = 0;
set @delayinitialmin_5 = 0; 
set @delayinitialmax_5 = 0; 
set @delayrepeatmin_5 = 0; 
set @delayrepeatmax_5 = 0;

set @spellid_6 = 0; 
set @probability_6 = 0; 
set @casttarget_6 = 0; 
set @castflags_6 = 0;
set @delayinitialmin_6 = 0; 
set @delayinitialmax_6 = 0; 
set @delayrepeatmin_6 = 0; 
set @delayrepeatmax_6 = 0;

set @spellid_7 = 0; 
set @probability_7 = 0; 
set @casttarget_7 = 0; 
set @castflags_7 = 0;
set @delayinitialmin_7 = 0; 
set @delayinitialmax_7 = 0; 
set @delayrepeatmin_7 = 0; 
set @delayrepeatmax_7 = 0;

set @spellid_8 = 0; 
set @probability_8 = 0; 
set @casttarget_8 = 0; 
set @castflags_8 = 0;
set @delayinitialmin_8 = 0; 
set @delayinitialmax_8 = 0; 
set @delayrepeatmin_8 = 0; 
set @delayrepeatmax_8 = 0;

-- Do not touch this part:
update creature_template set spell_list_id = @spell_list_id, ai_name = '', script_name = '', spell_id1 = 0, spell_id2 = 0, spell_id3 = 0 
where entry = @creature_entry;
replace into creature_spells (entry, name, 
spellid_1, probability_1, casttarget_1, castflags_1, delayinitialmin_1, delayinitialmax_1, delayrepeatmin_1, delayrepeatmax_1, 
spellid_2, probability_2, casttarget_2, castflags_2, delayinitialmin_2, delayinitialmax_2, delayrepeatmin_2, delayrepeatmax_2, 
spellid_3, probability_3, casttarget_3, castflags_3, delayinitialmin_3, delayinitialmax_3, delayrepeatmin_3, delayrepeatmax_3, 
spellid_4, probability_4, casttarget_4, castflags_4, delayinitialmin_4, delayinitialmax_4, delayrepeatmin_4, delayrepeatmax_4, 
spellid_5, probability_5, casttarget_5, castflags_5, delayinitialmin_5, delayinitialmax_5, delayrepeatmin_5, delayrepeatmax_5, 
spellid_6, probability_6, casttarget_6, castflags_6, delayinitialmin_6, delayinitialmax_6, delayrepeatmin_6, delayrepeatmax_6, 
spellid_7, probability_7, casttarget_7, castflags_7, delayinitialmin_7, delayinitialmax_7, delayrepeatmin_7, delayrepeatmax_7, 
spellid_8, probability_8, casttarget_8, castflags_8, delayinitialmin_8, delayinitialmax_8, delayrepeatmin_8, delayrepeatmax_8) 
values (@spell_list_id, @description,
@spellid_1, @probability_1, @casttarget_1, @castflags_1, @delayinitialmin_1, @delayinitialmax_1, @delayrepeatmin_1, @delayrepeatmax_1,
@spellid_2, @probability_2, @casttarget_2, @castflags_2, @delayinitialmin_2, @delayinitialmax_2, @delayrepeatmin_2, @delayrepeatmax_2,
@spellid_3, @probability_3, @casttarget_3, @castflags_3, @delayinitialmin_3, @delayinitialmax_3, @delayrepeatmin_3, @delayrepeatmax_3,
@spellid_4, @probability_4, @casttarget_4, @castflags_4, @delayinitialmin_4, @delayinitialmax_4, @delayrepeatmin_4, @delayrepeatmax_4,
@spellid_5, @probability_5, @casttarget_5, @castflags_5, @delayinitialmin_5, @delayinitialmax_5, @delayrepeatmin_5, @delayrepeatmax_5,
@spellid_6, @probability_6, @casttarget_6, @castflags_6, @delayinitialmin_6, @delayinitialmax_6, @delayrepeatmin_6, @delayrepeatmax_6,
@spellid_7, @probability_7, @casttarget_7, @castflags_7, @delayinitialmin_7, @delayinitialmax_7, @delayrepeatmin_7, @delayrepeatmax_7,
@spellid_8, @probability_8, @casttarget_8, @castflags_8, @delayinitialmin_8, @delayinitialmax_8, @delayrepeatmin_8, @delayrepeatmax_8);
-- New NPC for PTR.
REPLACE INTO creature_template VALUES
(61393, 20285, 20286, 0, 0, 0, 'Greymane Watcher', NULL, 0, 40, 41, 1828, 1902, 0, 0, 2033, 14, 0, 1, 1.14286, 0, 18, 5, 0, 0, 1, 72, 93, 0, 162, 1, 2000, 2000, 1, 0, 0, 0, 0, 0, 0, 0, 59.0304, 81.1668, 100, 7, 0, 0, 0, 61393, 0, 0, 0, 0, 0, 0, 0, 0, 0, 0, 0, 0, 0, NULL, 71, 98, 'EventAI', 0, 3, 0, 0, 3, 0, 0, 0, 0, 0, 0, 0, ''),
(61394, 3613, 0, 0, 0, 0, 'Greymane Worker', NULL, 0, 42, 44, 2059, 2138, 0, 0, 2477, 14, 0, 1, 1.14286, 0, 18, 5, 0, 0, 1, 68, 88, 0, 194, 1, 2000, 2000, 1, 0, 0, 0, 0, 0, 0, 0, 58.0272, 79.7874, 100, 7, 0, 61394, 0, 0, 0, 0, 0, 0, 0, 0, 0, 0, 0, 0, 0, 0, 0, NULL, 70, 96, 'EventAI', 0, 3, 0, 0, 3, 0, 0, 0, 0, 0, 0, 0, ''),
(61395, 20279, 20280, 0, 0, 0, 'Greymane Miner', NULL, 0, 39, 40, 1677, 1752, 0, 0, 2921, 14, 0, 1, 1.14286, 0, 18, 5, 0, 0, 1, 56, 70, 0, 156, 1, 2000, 2000, 1, 0, 0, 0, 0, 0, 0, 0, 64.68, 88.935, 100, 7, 0, 61395, 0, 0, 0, 0, 0, 0, 0, 0, 0, 0, 0, 0, 0, 0, 0, NULL, 70, 96, 'EventAI', 0, 3, 0, 0, 3, 0, 0, 0, 0, 0, 0, 0, ''),
(61396, 20299, 20300, 0, 0, 0, 'Greymane Taskmaster', NULL, 0, 44, 44, 2117, 2117, 0, 0, 2625, 14, 0, 1, 1.14714, 0, 18, 5, 0, 0, 1, 78, 95, 0, 204, 1, 2000, 2000, 1, 0, 0, 0, 0, 0, 0, 0, 63.7824, 87.7008, 100, 7, 0, 61396, 0, 0, 0, 0, 0, 0, 0, 0, 0, 0, 0, 0, 0, 0, 0, NULL, 84, 115, 'EventAI', 0, 3, 0, 0, 3, 0, 0, 0, 0, 0, 0, 0, ''),
(61397, 20269, 20270, 0, 0, 0, 'Greymane Enforcer', NULL, 0, 41, 42, 1981, 2059, 0, 0, 2397, 14, 0, 1, 1.14286, 0, 18, 5, 0, 0, 1, 76, 97, 0, 182, 1, 2000, 2000, 1, 0, 0, 0, 0, 0, 0, 0, 60.984, 83.853, 100, 7, 0, 61397, 0, 0, 0, 0, 0, 0, 0, 0, 0, 0, 0, 0, 0, 0, 0, NULL, 75, 103, 'EventAI', 0, 3, 0, 0, 3, 0, 0, 0, 0, 0, 0, 0, ''),
(61398, 20262, 0, 0, 0, 0, 'Cannoneer Rileson', NULL, 0, 42, 42, 1881, 1981, 0, 0, 2246, 14, 0, 1, 1.14286, 0, 18, 5, 0, 0, 1, 64, 79, 0, 172, 1, 2000, 2000, 1, 0, 0, 0, 0, 0, 0, 0, 58.7664, 80.8038, 100, 7, 0, 61398, 0, 0, 0, 0, 0, 0, 0, 0, 0, 0, 0, 0, 0, 0, 0, NULL, 0, 0, 'EventAI', 0, 3, 0, 0, 3, 0, 0, 0, 0, 0, 0, 0, ''),
(61399, 10795, 0, 0, 0, 0, 'Foulhide Miner', NULL, 0, 39, 40, 1677, 1752, 0, 0, 2921, 61, 0, 1, 1.14286, 1.2, 18, 5, 0, 0, 1, 56, 70, 0, 156, 1, 2000, 2000, 1, 0, 0, 0, 0, 0, 0, 0, 64.68, 88.935, 100, 7, 0, 61399, 0, 0, 0, 0, 0, 0, 0, 0, 0, 0, 0, 0, 0, 0, 0, NULL, 70, 96, 'EventAI', 0, 3, 0, 0, 3, 0, 0, 0, 0, 0, 0, 0, ''),
(61400, 20271, 20272, 0, 0, 0, 'Enslaved Worker', NULL, 0, 30, 30, 1002, 1002, 0, 0, 1188, 35, 0, 1, 1.14286, 0, 18, 5, 0, 0, 1, 42, 53, 0, 122, 1, 2000, 2000, 1, 0, 0, 0, 0, 0, 0, 0, 42.1344, 57.9348, 100, 7, 0, 61400, 0, 0, 0, 0, 0, 0, 0, 0, 0, 0, 0, 0, 0, 0, 0, NULL, 43, 61, 'EventAI', 0, 3, 0, 0, 3, 0, 0, 0, 0, 0, 0, 0, '');

set @equip_template = 20352; set @weapon_1 = 2901; set @weapon_2 = 0; set @weapon_3 = 0; set @creature = 61400;
replace into creature_equip_template values (@equip_template, @weapon_1, @weapon_2, @weapon_3);
update creature_template set equipment_id = @equip_template where entry = @creature;

set @equip_template = 20351; set @weapon_1 = 2901; set @weapon_2 = 0; set @weapon_3 = 0; set @creature = 61399;
replace into creature_equip_template values (@equip_template, @weapon_1, @weapon_2, @weapon_3);
update creature_template set equipment_id = @equip_template where entry = @creature;

set @equip_template = 20350; set @weapon_1 = 7945; set @weapon_2 = 2081; set @weapon_3 = 0; set @creature = 61398;
replace into creature_equip_template values (@equip_template, @weapon_1, @weapon_2, @weapon_3);
update creature_template set equipment_id = @equip_template where entry = @creature;

set @equip_template = 20349; set @weapon_1 = 7945; set @weapon_2 = 15530; set @weapon_3 = 0; set @creature = 61397;
replace into creature_equip_template values (@equip_template, @weapon_1, @weapon_2, @weapon_3);
update creature_template set equipment_id = @equip_template where entry = @creature;

set @equip_template = 20348; set @weapon_1 = 1197; set @weapon_2 = 0; set @weapon_3 = 0; set @creature = 61396;
replace into creature_equip_template values (@equip_template, @weapon_1, @weapon_2, @weapon_3);
update creature_template set equipment_id = @equip_template where entry = @creature;

set @equip_template = 20347; set @weapon_1 = 2901; set @weapon_2 = 0; set @weapon_3 = 0; set @creature = 61395;
replace into creature_equip_template values (@equip_template, @weapon_1, @weapon_2, @weapon_3);
update creature_template set equipment_id = @equip_template where entry = @creature;

set @equip_template = 20346; set @weapon_1 = 1938; set @weapon_2 = 0; set @weapon_3 = 0; set @creature = 61394;
replace into creature_equip_template values (@equip_template, @weapon_1, @weapon_2, @weapon_3);
update creature_template set equipment_id = @equip_template where entry = @creature;

set @equip_template = 20345; set @weapon_1 = 4948; set @weapon_2 = 6203; set @weapon_3 = 0; set @creature = 61393;
replace into creature_equip_template values (@equip_template, @weapon_1, @weapon_2, @weapon_3);
update creature_template set equipment_id = @equip_template where entry = @creature;

REPLACE INTO `creature_display_info_addon` (`display_id`, `bounding_radius`, `combat_reach`, `gender`, `display_id_other_gender`) VALUES
(20262, 0, 0, 0, 0),
(20265, 0, 0, 0, 0),
(20267, 0, 0, 0, 0),
(20269, 0, 0, 0, 0),
(20271, 0, 0, 0, 0),
(20273, 0, 0, 0, 0),
(20279, 0, 0, 0, 0),
(20281, 0, 0, 0, 0),
(20285, 0, 0, 0, 0),
(20299, 0, 0, 0, 0),
(20266, 0, 0, 0, 0),
(20268, 0, 0, 0, 0),
(20270, 0, 0, 0, 0),
(20272, 0, 0, 0, 0),
(20274, 0, 0, 0, 0),
(20280, 0, 0, 0, 0),
(20282, 0, 0, 0, 0),
(20286, 0, 0, 0, 0),
(20300, 0, 0, 0, 0);

-- (by Moon) Fixes for new Kara spells not being castable at the right level.
-- (by Moon) Added @RMJ's request for new ways to use the Sul'thraze blades. Experimenting using a similar spell to how Thunderstrike/Benediction work - this should also -- have the benefit of carrying over enchants. IDs 49524 (Call of Sul'thraze) & 49525 (Call of Blades)
-- (by Moon) Also fix Haste 1 (13679) @Dragunovi.
UPDATE `spell_template` SET `attributes` = 67108864 WHERE `entry` = 57083;
UPDATE `spell_template` SET `attributes` = 67436560 WHERE `entry` = 57069;

UPDATE `spell_template` SET `maxTargetLevel` = 0 WHERE `entry` = 56516;
UPDATE `spell_template` SET `maxTargetLevel` = 0 WHERE `entry` = 57108;
UPDATE `spell_template` SET `maxTargetLevel` = 0 WHERE `entry` = 57094;
UPDATE `spell_template` SET `maxTargetLevel` = 0 WHERE `entry` = 57092;
UPDATE `spell_template` SET `maxTargetLevel` = 0 WHERE `entry` = 57091;
UPDATE `spell_template` SET `maxTargetLevel` = 0 WHERE `entry` = 57089;
UPDATE `spell_template` SET `maxTargetLevel` = 0 WHERE `entry` = 57088;
UPDATE `spell_template` SET `maxTargetLevel` = 0 WHERE `entry` = 56505;

REPLACE INTO `spell_template` (`entry`, `school`, `category`, `castUI`, `dispel`, `mechanic`, `attributes`, `attributesEx`, `attributesEx2`, `attributesEx3`, `attributesEx4`, `stances`, `stancesNot`, `targets`, `targetCreatureType`, `requiresSpellFocus`, `casterAuraState`, `targetAuraState`, `castingTimeIndex`, `recoveryTime`, `categoryRecoveryTime`, `interruptFlags`, `auraInterruptFlags`, `channelInterruptFlags`, `procFlags`, `procChance`, `procCharges`, `maxLevel`, `baseLevel`, `spellLevel`, `durationIndex`, `powerType`, `manaCost`, `manCostPerLevel`, `manaPerSecond`, `manaPerSecondPerLevel`, `rangeIndex`, `speed`, `modelNextSpell`, `stackAmount`, `totem1`, `totem2`, `reagent1`, `reagent2`, `reagent3`, `reagent4`, `reagent5`, `reagent6`, `reagent7`, `reagent8`, `reagentCount1`, `reagentCount2`, `reagentCount3`, `reagentCount4`, `reagentCount5`, `reagentCount6`, `reagentCount7`, `reagentCount8`, `equippedItemClass`, `equippedItemSubClassMask`, `equippedItemInventoryTypeMask`, `effect1`, `effect2`, `effect3`, `effectDieSides1`, `effectDieSides2`, `effectDieSides3`, `effectBaseDice1`, `effectBaseDice2`, `effectBaseDice3`, `effectDicePerLevel1`, `effectDicePerLevel2`, `effectDicePerLevel3`, `effectRealPointsPerLevel1`, `effectRealPointsPerLevel2`, `effectRealPointsPerLevel3`, `effectBasePoints1`, `effectBasePoints2`, `effectBasePoints3`, `effectBonusCoefficient1`, `effectBonusCoefficient2`, `effectBonusCoefficient3`, `effectMechanic1`, `effectMechanic2`, `effectMechanic3`, `effectImplicitTargetA1`, `effectImplicitTargetA2`, `effectImplicitTargetA3`, `effectImplicitTargetB1`, `effectImplicitTargetB2`, `effectImplicitTargetB3`, `effectRadiusIndex1`, `effectRadiusIndex2`, `effectRadiusIndex3`, `effectApplyAuraName1`, `effectApplyAuraName2`, `effectApplyAuraName3`, `effectAmplitude1`, `effectAmplitude2`, `effectAmplitude3`, `effectMultipleValue1`, `effectMultipleValue2`, `effectMultipleValue3`, `effectChainTarget1`, `effectChainTarget2`, `effectChainTarget3`, `effectItemType1`, `effectItemType2`, `effectItemType3`, `effectMiscValue1`, `effectMiscValue2`, `effectMiscValue3`, `effectTriggerSpell1`, `effectTriggerSpell2`, `effectTriggerSpell3`, `effectPointsPerComboPoint1`, `effectPointsPerComboPoint2`, `effectPointsPerComboPoint3`, `spellVisual1`, `spellVisual2`, `spellIconId`, `activeIconId`, `spellPriority`, `name`, `nameFlags`, `nameSubtext`, `nameSubtextFlags`, `description`, `descriptionFlags`, `auraDescription`, `auraDescriptionFlags`, `manaCostPercentage`, `startRecoveryCategory`, `startRecoveryTime`, `minTargetLevel`, `maxTargetLevel`, `spellFamilyName`, `spellFamilyFlags`, `maxAffectedTargets`, `dmgClass`, `preventionType`, `stanceBarOrder`, `dmgMultiplier1`, `dmgMultiplier2`, `dmgMultiplier3`, `minFactionId`, `minReputation`, `requiredAuraVision`, `customFlags`) VALUES (49524, 0, 0, 0, 0, 0, 256, 0, 0, 0, 0, 0, 0, 0, 0, 0, 0, 0, 7, 0, 0, 15, 0, 0, 0, 101, 0, 0, 0, 0, 0, 0, 0, 0, 0, 0, 1, 0, 0, 0, 0, 0, 9379, 0, 0, 0, 0, 0, 0, 0, 1, 0, 0, 0, 0, 0, 0, 0, -1, 0, 0, 34, 0, 0, 0, 0, 0, 0, 0, 0, 0, 0, 0, 0, 0, 0, 0, 0, 0, 1, -1, -1, 0, 0, 0, 0, 0, 0, 0, 0, 0, 0, 0, 0, 0, 0, 0, 0, 0, 0, 0, 0, 0, 0, 0, 0, 17223, 0, 0, 0, 0, 0, 0, 0, 0, 0, 0, 0, 76, 0, 1, 0, 0, 'Call of Sul\'thraze', 4128894, '', 4128892, 'Combines Jang\'thraze and Sang\'thraze to form the mighty sword, Sul\'thraze.', 4128894, '', 4128892, 0, 0, 0, 0, 0, 0, 0, 0, 0, 0, -1, 1, 1, 1, 0, 0, 0, 0);
REPLACE INTO `spell_template` (`entry`, `school`, `category`, `castUI`, `dispel`, `mechanic`, `attributes`, `attributesEx`, `attributesEx2`, `attributesEx3`, `attributesEx4`, `stances`, `stancesNot`, `targets`, `targetCreatureType`, `requiresSpellFocus`, `casterAuraState`, `targetAuraState`, `castingTimeIndex`, `recoveryTime`, `categoryRecoveryTime`, `interruptFlags`, `auraInterruptFlags`, `channelInterruptFlags`, `procFlags`, `procChance`, `procCharges`, `maxLevel`, `baseLevel`, `spellLevel`, `durationIndex`, `powerType`, `manaCost`, `manCostPerLevel`, `manaPerSecond`, `manaPerSecondPerLevel`, `rangeIndex`, `speed`, `modelNextSpell`, `stackAmount`, `totem1`, `totem2`, `reagent1`, `reagent2`, `reagent3`, `reagent4`, `reagent5`, `reagent6`, `reagent7`, `reagent8`, `reagentCount1`, `reagentCount2`, `reagentCount3`, `reagentCount4`, `reagentCount5`, `reagentCount6`, `reagentCount7`, `reagentCount8`, `equippedItemClass`, `equippedItemSubClassMask`, `equippedItemInventoryTypeMask`, `effect1`, `effect2`, `effect3`, `effectDieSides1`, `effectDieSides2`, `effectDieSides3`, `effectBaseDice1`, `effectBaseDice2`, `effectBaseDice3`, `effectDicePerLevel1`, `effectDicePerLevel2`, `effectDicePerLevel3`, `effectRealPointsPerLevel1`, `effectRealPointsPerLevel2`, `effectRealPointsPerLevel3`, `effectBasePoints1`, `effectBasePoints2`, `effectBasePoints3`, `effectBonusCoefficient1`, `effectBonusCoefficient2`, `effectBonusCoefficient3`, `effectMechanic1`, `effectMechanic2`, `effectMechanic3`, `effectImplicitTargetA1`, `effectImplicitTargetA2`, `effectImplicitTargetA3`, `effectImplicitTargetB1`, `effectImplicitTargetB2`, `effectImplicitTargetB3`, `effectRadiusIndex1`, `effectRadiusIndex2`, `effectRadiusIndex3`, `effectApplyAuraName1`, `effectApplyAuraName2`, `effectApplyAuraName3`, `effectAmplitude1`, `effectAmplitude2`, `effectAmplitude3`, `effectMultipleValue1`, `effectMultipleValue2`, `effectMultipleValue3`, `effectChainTarget1`, `effectChainTarget2`, `effectChainTarget3`, `effectItemType1`, `effectItemType2`, `effectItemType3`, `effectMiscValue1`, `effectMiscValue2`, `effectMiscValue3`, `effectTriggerSpell1`, `effectTriggerSpell2`, `effectTriggerSpell3`, `effectPointsPerComboPoint1`, `effectPointsPerComboPoint2`, `effectPointsPerComboPoint3`, `spellVisual1`, `spellVisual2`, `spellIconId`, `activeIconId`, `spellPriority`, `name`, `nameFlags`, `nameSubtext`, `nameSubtextFlags`, `description`, `descriptionFlags`, `auraDescription`, `auraDescriptionFlags`, `manaCostPercentage`, `startRecoveryCategory`, `startRecoveryTime`, `minTargetLevel`, `maxTargetLevel`, `spellFamilyName`, `spellFamilyFlags`, `maxAffectedTargets`, `dmgClass`, `preventionType`, `stanceBarOrder`, `dmgMultiplier1`, `dmgMultiplier2`, `dmgMultiplier3`, `minFactionId`, `minReputation`, `requiredAuraVision`, `customFlags`) VALUES (49525, 0, 0, 0, 0, 0, 256, 256, 0, 0, 0, 0, 0, 0, 0, 0, 0, 0, 7, 0, 0, 15, 0, 0, 0, 101, 0, 0, 0, 0, 0, 0, 0, 0, 0, 0, 1, 0, 0, 0, 0, 0, 0, 0, 0, 0, 0, 0, 0, 0, 0, 0, 0, 0, 0, 0, 0, 0, -1, 0, 0, 34, 0, 0, 0, 0, 0, 0, 0, 0, 0, 0, 0, 0, 0, 0, 0, 0, 0, 1, -1, -1, 0, 0, 0, 0, 0, 0, 0, 0, 0, 0, 0, 0, 0, 0, 0, 0, 0, 0, 0, 0, 0, 0, 0, 0, 9380, 9379, 0, 0, 0, 0, 0, 0, 0, 0, 0, 0, 76, 0, 1, 0, 0, 'Call of Blades', 4128894, '', 4128892, 'Conjures the dual blades of Sul\'thraze.', 4128894, '', 4128892, 0, 0, 0, 0, 0, 0, 0, 0, 0, 0, -1, 1, 1, 1, 0, 0, 0, 0);

UPDATE `spell_template` SET `effectDieSides2` = 1, `effectDieSides3` = 1, `effectBaseDice2` = 1, `effectBaseDice3` = 1, `effectBasePoints2` = 0, `effectBasePoints3` = 0 WHERE `entry` = 13679;