-- Item 51264 fix: fire res.
update item_template set fire_res = 10 where entry = 51264; -- blast shield

-- Grim Batol NPCS:
replace INTO creature_template VALUES
(61889, 4927, 0, 0, 0, 0, 'Dragonmaw Mindslave', NULL, 0, 61, 61, 23512, 23512, 0, 0, 2905, 60, 0, 1, 1.14286, 1, 20, 5, 0, 1, 1, 1067, 1218, 0, 278, 1, 2300, 2000, 1, 0, 0, 0, 0, 0, 0, 0, 172.1, 240.07, 100, 7, 0, 61889, 15308, 0, 0, 25, 0, 0, 25, 0, 0, 0, 0, 0, 0, 0, 0, NULL, 779, 1022, 'EventAI', 0, 3, 0, 0, 3, 0, 0, 0, 0, 0, 0, 0, 0, ''),
(61890, 8712, 0, 0, 0, 0, 'Ember Talon Whelp', NULL, 0, 61, 61, 20512, 20512, 3890, 3890, 2952, 60, 0, 1, 1.14286, 1.5, 20, 5, 0, 1, 1, 528, 681, 0, 272, 1, 1175, 2000, 2, 0, 0, 0, 0, 0, 0, 0, 59.9488, 82.4296, 100, 2, 0, 61890, 0, 61890, 0, 100, 0, 0, 0, 0, 0, 0, 0, 0, 0, 0, 0, NULL, 0, 0, 'EventAI', 0, 3, 0, 0, 3, 0, 0, 0, 8454161, 0, 0, 0, 0, ''),
(61891, 12821, 0, 0, 0, 0, 'Ember Talon Drake', NULL, 0, 63, 63, 148299, 148299, 28905, 28905, 4912, 60, 0, 1, 1.14286, 1, 20, 5, 0, 1, 1, 1726, 2290, 0, 284, 1, 2000, 2000, 2, 0, 0, 0, 0, 0, 0, 0, 203.77, 289.86, 100, 2, 0, 61891, 0, 61891, 0, 150, 0, 0, 0, 0, 0, 0, 0, 0, 0, 0, 0, NULL, 0, 0, 'EventAI', 0, 3, 0, 0, 3, 0, 0, 0, 8456785, 0, 0, 0, 0, ''),
(61892, 716, 0, 0, 0, 0, 'Ember Talon Runebreaker', NULL, 0, 63, 63, 66412, 66412, 23901, 23901, 4105, 60, 0, 1, 1.14286, 1.5, 20, 5, 0, 1, 1, 1376, 1861, 0, 284, 1, 2000, 2000, 2, 0, 0, 0, 0, 0, 0, 0, 203.77, 289.86, 100, 2, 0, 61892, 0, 61892, 0, 150, 0, 0, 0, 0, 0, 0, 0, 0, 0, 0, 0, NULL, 0, 0, 'EventAI', 0, 3, 0, 0, 3, 0, 0, 0, 8456785, 0, 0, 0, 0, ''),
(61893, 8314, 0, 0, 0, 0, 'Ember Talon Flamespeaker', NULL, 0, 63, 63, 52305, 52305, 51512, 51512, 3655, 60, 0, 1, 1.14286, 1.6, 20, 5, 0, 1, 1, 1376, 1861, 0, 284, 1, 2000, 2000, 2, 0, 0, 0, 0, 0, 0, 0, 203.77, 289.86, 100, 2, 0, 61893, 0, 61893, 0, 150, 0, 0, 0, 0, 0, 0, 0, 0, 0, 0, 0, NULL, 0, 0, 'EventAI', 0, 3, 0, 0, 3, 0, 0, 0, 8456785, 0, 0, 0, 0, '');

set @equip_template = 20505; set @weapon_1 = 2226; set @weapon_2 = 0; set @weapon_3 = 0; set @creature = 61893;
replace into creature_equip_template values (@equip_template, @weapon_1, @weapon_2, @weapon_3);
update creature_template set equipment_id = @equip_template where entry = @creature;

set @equip_template = 20504; set @weapon_1 = 61091; set @weapon_2 = 0; set @weapon_3 = 0; set @creature = 61892;
replace into creature_equip_template values (@equip_template, @weapon_1, @weapon_2, @weapon_3);
update creature_template set equipment_id = @equip_template where entry = @creature;

set @equip_template = 20503; set @weapon_1 = 4568; set @weapon_2 = 2222; set @weapon_3 = 5748; set @creature = 61889;
replace into creature_equip_template values (@equip_template, @weapon_1, @weapon_2, @weapon_3);
update creature_template set equipment_id = @equip_template where entry = @creature;

-- NPC's loot table: Ember Talon Flamespeaker:
REPLACE INTO `creature_loot_template` (`entry`, `item`, `ChanceOrQuestChance`, `groupid`, `mincountOrRef`, `maxcount`, `condition_id`) VALUES (61893, 12691, 0.02, 0, 1, 1, 0);
REPLACE INTO `creature_loot_template` (`entry`, `item`, `ChanceOrQuestChance`, `groupid`, `mincountOrRef`, `maxcount`, `condition_id`) VALUES (61893, 12693, 0.02, 0, 1, 1, 0);
REPLACE INTO `creature_loot_template` (`entry`, `item`, `ChanceOrQuestChance`, `groupid`, `mincountOrRef`, `maxcount`, `condition_id`) VALUES (61893, 12704, 0.02, 0, 1, 1, 0);
REPLACE INTO `creature_loot_template` (`entry`, `item`, `ChanceOrQuestChance`, `groupid`, `mincountOrRef`, `maxcount`, `condition_id`) VALUES (61893, 12713, 0.02, 0, 1, 1, 0);
REPLACE INTO `creature_loot_template` (`entry`, `item`, `ChanceOrQuestChance`, `groupid`, `mincountOrRef`, `maxcount`, `condition_id`) VALUES (61893, 13490, 0.02, 0, 1, 1, 0);
REPLACE INTO `creature_loot_template` (`entry`, `item`, `ChanceOrQuestChance`, `groupid`, `mincountOrRef`, `maxcount`, `condition_id`) VALUES (61893, 14466, 0.02, 0, 1, 1, 0);
REPLACE INTO `creature_loot_template` (`entry`, `item`, `ChanceOrQuestChance`, `groupid`, `mincountOrRef`, `maxcount`, `condition_id`) VALUES (61893, 14491, 0.02, 0, 1, 1, 0);
REPLACE INTO `creature_loot_template` (`entry`, `item`, `ChanceOrQuestChance`, `groupid`, `mincountOrRef`, `maxcount`, `condition_id`) VALUES (61893, 14496, 0.02, 0, 1, 1, 0);
REPLACE INTO `creature_loot_template` (`entry`, `item`, `ChanceOrQuestChance`, `groupid`, `mincountOrRef`, `maxcount`, `condition_id`) VALUES (61893, 14498, 0.02, 0, 1, 1, 0);
REPLACE INTO `creature_loot_template` (`entry`, `item`, `ChanceOrQuestChance`, `groupid`, `mincountOrRef`, `maxcount`, `condition_id`) VALUES (61893, 14504, 0.02, 0, 1, 1, 0);
REPLACE INTO `creature_loot_template` (`entry`, `item`, `ChanceOrQuestChance`, `groupid`, `mincountOrRef`, `maxcount`, `condition_id`) VALUES (61893, 14506, 0.02, 0, 1, 1, 0);
REPLACE INTO `creature_loot_template` (`entry`, `item`, `ChanceOrQuestChance`, `groupid`, `mincountOrRef`, `maxcount`, `condition_id`) VALUES (61893, 14508, 0.02, 0, 1, 1, 0);
REPLACE INTO `creature_loot_template` (`entry`, `item`, `ChanceOrQuestChance`, `groupid`, `mincountOrRef`, `maxcount`, `condition_id`) VALUES (61893, 15731, 0.02, 0, 1, 1, 0);
REPLACE INTO `creature_loot_template` (`entry`, `item`, `ChanceOrQuestChance`, `groupid`, `mincountOrRef`, `maxcount`, `condition_id`) VALUES (61893, 15757, 0.02, 0, 1, 1, 0);
REPLACE INTO `creature_loot_template` (`entry`, `item`, `ChanceOrQuestChance`, `groupid`, `mincountOrRef`, `maxcount`, `condition_id`) VALUES (61893, 15765, 0.02, 0, 1, 1, 0);
REPLACE INTO `creature_loot_template` (`entry`, `item`, `ChanceOrQuestChance`, `groupid`, `mincountOrRef`, `maxcount`, `condition_id`) VALUES (61893, 16051, 0.02, 0, 1, 1, 0);
REPLACE INTO `creature_loot_template` (`entry`, `item`, `ChanceOrQuestChance`, `groupid`, `mincountOrRef`, `maxcount`, `condition_id`) VALUES (61893, 16218, 0.02, 0, 1, 1, 0);
REPLACE INTO `creature_loot_template` (`entry`, `item`, `ChanceOrQuestChance`, `groupid`, `mincountOrRef`, `maxcount`, `condition_id`) VALUES (61893, 16251, 0.02, 0, 1, 1, 0);
REPLACE INTO `creature_loot_template` (`entry`, `item`, `ChanceOrQuestChance`, `groupid`, `mincountOrRef`, `maxcount`, `condition_id`) VALUES (61893, 30079, 0.025, 2, -30079, 1, 0);
REPLACE INTO `creature_loot_template` (`entry`, `item`, `ChanceOrQuestChance`, `groupid`, `mincountOrRef`, `maxcount`, `condition_id`) VALUES (61893, 30088, 0.025, 0, -30088, 1, 0);
REPLACE INTO `creature_loot_template` (`entry`, `item`, `ChanceOrQuestChance`, `groupid`, `mincountOrRef`, `maxcount`, `condition_id`) VALUES (61893, 4500, 0.03, 0, 1, 1, 109);
REPLACE INTO `creature_loot_template` (`entry`, `item`, `ChanceOrQuestChance`, `groupid`, `mincountOrRef`, `maxcount`, `condition_id`) VALUES (61893, 10310, 0.03, 0, 1, 1, 0);
REPLACE INTO `creature_loot_template` (`entry`, `item`, `ChanceOrQuestChance`, `groupid`, `mincountOrRef`, `maxcount`, `condition_id`) VALUES (61893, 20400, 0.03, 0, 1, 1, 108);
REPLACE INTO `creature_loot_template` (`entry`, `item`, `ChanceOrQuestChance`, `groupid`, `mincountOrRef`, `maxcount`, `condition_id`) VALUES (61893, 12684, 0.06, 0, 1, 1, 0);
REPLACE INTO `creature_loot_template` (`entry`, `item`, `ChanceOrQuestChance`, `groupid`, `mincountOrRef`, `maxcount`, `condition_id`) VALUES (61893, 12697, 0.06, 0, 1, 1, 0);
REPLACE INTO `creature_loot_template` (`entry`, `item`, `ChanceOrQuestChance`, `groupid`, `mincountOrRef`, `maxcount`, `condition_id`) VALUES (61893, 14479, 0.06, 0, 1, 1, 0);
REPLACE INTO `creature_loot_template` (`entry`, `item`, `ChanceOrQuestChance`, `groupid`, `mincountOrRef`, `maxcount`, `condition_id`) VALUES (61893, 10308, 0.08, 0, 1, 1, 0);
REPLACE INTO `creature_loot_template` (`entry`, `item`, `ChanceOrQuestChance`, `groupid`, `mincountOrRef`, `maxcount`, `condition_id`) VALUES (61893, 10309, 0.08, 0, 1, 1, 0);
REPLACE INTO `creature_loot_template` (`entry`, `item`, `ChanceOrQuestChance`, `groupid`, `mincountOrRef`, `maxcount`, `condition_id`) VALUES (61893, 10306, 0.24, 0, 1, 1, 0);
REPLACE INTO `creature_loot_template` (`entry`, `item`, `ChanceOrQuestChance`, `groupid`, `mincountOrRef`, `maxcount`, `condition_id`) VALUES (61893, 10307, 0.26, 0, 1, 1, 0);
REPLACE INTO `creature_loot_template` (`entry`, `item`, `ChanceOrQuestChance`, `groupid`, `mincountOrRef`, `maxcount`, `condition_id`) VALUES (61893, 7910, 0.3788, 0, 1, 1, 0);
REPLACE INTO `creature_loot_template` (`entry`, `item`, `ChanceOrQuestChance`, `groupid`, `mincountOrRef`, `maxcount`, `condition_id`) VALUES (61893, 10305, 0.38, 0, 1, 1, 0);
REPLACE INTO `creature_loot_template` (`entry`, `item`, `ChanceOrQuestChance`, `groupid`, `mincountOrRef`, `maxcount`, `condition_id`) VALUES (61893, 7909, 0.4, 0, 1, 1, 0);
REPLACE INTO `creature_loot_template` (`entry`, `item`, `ChanceOrQuestChance`, `groupid`, `mincountOrRef`, `maxcount`, `condition_id`) VALUES (61893, 13444, 0.82, 0, 1, 1, 0);
REPLACE INTO `creature_loot_template` (`entry`, `item`, `ChanceOrQuestChance`, `groupid`, `mincountOrRef`, `maxcount`, `condition_id`) VALUES (61893, 5759, 0.9, 0, 1, 1, 0);
REPLACE INTO `creature_loot_template` (`entry`, `item`, `ChanceOrQuestChance`, `groupid`, `mincountOrRef`, `maxcount`, `condition_id`) VALUES (61893, 24016, 1, 0, -24016, 1, 0);
REPLACE INTO `creature_loot_template` (`entry`, `item`, `ChanceOrQuestChance`, `groupid`, `mincountOrRef`, `maxcount`, `condition_id`) VALUES (61893, 30080, 1, 0, -30080, 1, 0);
REPLACE INTO `creature_loot_template` (`entry`, `item`, `ChanceOrQuestChance`, `groupid`, `mincountOrRef`, `maxcount`, `condition_id`) VALUES (61893, 30081, 1, 0, -30081, 1, 0);
REPLACE INTO `creature_loot_template` (`entry`, `item`, `ChanceOrQuestChance`, `groupid`, `mincountOrRef`, `maxcount`, `condition_id`) VALUES (61893, 30083, 1, 3, -30083, 1, 0);
REPLACE INTO `creature_loot_template` (`entry`, `item`, `ChanceOrQuestChance`, `groupid`, `mincountOrRef`, `maxcount`, `condition_id`) VALUES (61893, 13446, 1.66, 0, 1, 1, 0);
REPLACE INTO `creature_loot_template` (`entry`, `item`, `ChanceOrQuestChance`, `groupid`, `mincountOrRef`, `maxcount`, `condition_id`) VALUES (61893, 8766, 2.2727, 0, 1, 1, 0);
REPLACE INTO `creature_loot_template` (`entry`, `item`, `ChanceOrQuestChance`, `groupid`, `mincountOrRef`, `maxcount`, `condition_id`) VALUES (61893, 24024, 5, 0, -24024, 1, 0);
REPLACE INTO `creature_loot_template` (`entry`, `item`, `ChanceOrQuestChance`, `groupid`, `mincountOrRef`, `maxcount`, `condition_id`) VALUES (61893, 30048, 5, 0, -30048, 1, 0);
REPLACE INTO `creature_loot_template` (`entry`, `item`, `ChanceOrQuestChance`, `groupid`, `mincountOrRef`, `maxcount`, `condition_id`) VALUES (61893, 83537, 5, 6, 1, 1, 0);
REPLACE INTO `creature_loot_template` (`entry`, `item`, `ChanceOrQuestChance`, `groupid`, `mincountOrRef`, `maxcount`, `condition_id`) VALUES (61893, 8952, 6.4394, 0, 1, 1, 0);
REPLACE INTO `creature_loot_template` (`entry`, `item`, `ChanceOrQuestChance`, `groupid`, `mincountOrRef`, `maxcount`, `condition_id`) VALUES (61893, 4422, 54.683, 0, 1, 1, 0);
REPLACE INTO `creature_loot_template` (`entry`, `item`, `ChanceOrQuestChance`, `groupid`, `mincountOrRef`, `maxcount`, `condition_id`) VALUES (61893, 3928, 57.632, 0, 1, 1, 0);
-- NPC's skining loot: Ember Talon Flamespeaker:
REPLACE INTO `skinning_loot_template` (`entry`, `item`, `ChanceOrQuestChance`, `groupid`, `mincountOrRef`, `maxcount`, `condition_id`) VALUES (61893, 4304, 3.4884, 1, 1, 2, 0);
REPLACE INTO `skinning_loot_template` (`entry`, `item`, `ChanceOrQuestChance`, `groupid`, `mincountOrRef`, `maxcount`, `condition_id`) VALUES (61893, 8165, 10.4651, 1, 1, 1, 0);
REPLACE INTO `skinning_loot_template` (`entry`, `item`, `ChanceOrQuestChance`, `groupid`, `mincountOrRef`, `maxcount`, `condition_id`) VALUES (61893, 8170, 52.907, 1, 1, 2, 0);
REPLACE INTO `skinning_loot_template` (`entry`, `item`, `ChanceOrQuestChance`, `groupid`, `mincountOrRef`, `maxcount`, `condition_id`) VALUES (61893, 8171, 4.6512, 1, 1, 1, 0);
REPLACE INTO `skinning_loot_template` (`entry`, `item`, `ChanceOrQuestChance`, `groupid`, `mincountOrRef`, `maxcount`, `condition_id`) VALUES (61893, 15414, 28.4884, 1, 1, 2, 0);
-- NPC's loot table: Ember Talon Runebreaker:
REPLACE INTO `creature_loot_template` (`entry`, `item`, `ChanceOrQuestChance`, `groupid`, `mincountOrRef`, `maxcount`, `condition_id`) VALUES (61892, 12691, 0.02, 0, 1, 1, 0);
REPLACE INTO `creature_loot_template` (`entry`, `item`, `ChanceOrQuestChance`, `groupid`, `mincountOrRef`, `maxcount`, `condition_id`) VALUES (61892, 12693, 0.02, 0, 1, 1, 0);
REPLACE INTO `creature_loot_template` (`entry`, `item`, `ChanceOrQuestChance`, `groupid`, `mincountOrRef`, `maxcount`, `condition_id`) VALUES (61892, 12704, 0.02, 0, 1, 1, 0);
REPLACE INTO `creature_loot_template` (`entry`, `item`, `ChanceOrQuestChance`, `groupid`, `mincountOrRef`, `maxcount`, `condition_id`) VALUES (61892, 12713, 0.02, 0, 1, 1, 0);
REPLACE INTO `creature_loot_template` (`entry`, `item`, `ChanceOrQuestChance`, `groupid`, `mincountOrRef`, `maxcount`, `condition_id`) VALUES (61892, 13490, 0.02, 0, 1, 1, 0);
REPLACE INTO `creature_loot_template` (`entry`, `item`, `ChanceOrQuestChance`, `groupid`, `mincountOrRef`, `maxcount`, `condition_id`) VALUES (61892, 14466, 0.02, 0, 1, 1, 0);
REPLACE INTO `creature_loot_template` (`entry`, `item`, `ChanceOrQuestChance`, `groupid`, `mincountOrRef`, `maxcount`, `condition_id`) VALUES (61892, 14491, 0.02, 0, 1, 1, 0);
REPLACE INTO `creature_loot_template` (`entry`, `item`, `ChanceOrQuestChance`, `groupid`, `mincountOrRef`, `maxcount`, `condition_id`) VALUES (61892, 14496, 0.02, 0, 1, 1, 0);
REPLACE INTO `creature_loot_template` (`entry`, `item`, `ChanceOrQuestChance`, `groupid`, `mincountOrRef`, `maxcount`, `condition_id`) VALUES (61892, 14498, 0.02, 0, 1, 1, 0);
REPLACE INTO `creature_loot_template` (`entry`, `item`, `ChanceOrQuestChance`, `groupid`, `mincountOrRef`, `maxcount`, `condition_id`) VALUES (61892, 14504, 0.02, 0, 1, 1, 0);
REPLACE INTO `creature_loot_template` (`entry`, `item`, `ChanceOrQuestChance`, `groupid`, `mincountOrRef`, `maxcount`, `condition_id`) VALUES (61892, 14506, 0.02, 0, 1, 1, 0);
REPLACE INTO `creature_loot_template` (`entry`, `item`, `ChanceOrQuestChance`, `groupid`, `mincountOrRef`, `maxcount`, `condition_id`) VALUES (61892, 14508, 0.02, 0, 1, 1, 0);
REPLACE INTO `creature_loot_template` (`entry`, `item`, `ChanceOrQuestChance`, `groupid`, `mincountOrRef`, `maxcount`, `condition_id`) VALUES (61892, 15731, 0.02, 0, 1, 1, 0);
REPLACE INTO `creature_loot_template` (`entry`, `item`, `ChanceOrQuestChance`, `groupid`, `mincountOrRef`, `maxcount`, `condition_id`) VALUES (61892, 15757, 0.02, 0, 1, 1, 0);
REPLACE INTO `creature_loot_template` (`entry`, `item`, `ChanceOrQuestChance`, `groupid`, `mincountOrRef`, `maxcount`, `condition_id`) VALUES (61892, 15765, 0.02, 0, 1, 1, 0);
REPLACE INTO `creature_loot_template` (`entry`, `item`, `ChanceOrQuestChance`, `groupid`, `mincountOrRef`, `maxcount`, `condition_id`) VALUES (61892, 16051, 0.02, 0, 1, 1, 0);
REPLACE INTO `creature_loot_template` (`entry`, `item`, `ChanceOrQuestChance`, `groupid`, `mincountOrRef`, `maxcount`, `condition_id`) VALUES (61892, 16218, 0.02, 0, 1, 1, 0);
REPLACE INTO `creature_loot_template` (`entry`, `item`, `ChanceOrQuestChance`, `groupid`, `mincountOrRef`, `maxcount`, `condition_id`) VALUES (61892, 16251, 0.02, 0, 1, 1, 0);
REPLACE INTO `creature_loot_template` (`entry`, `item`, `ChanceOrQuestChance`, `groupid`, `mincountOrRef`, `maxcount`, `condition_id`) VALUES (61892, 30079, 0.025, 2, -30079, 1, 0);
REPLACE INTO `creature_loot_template` (`entry`, `item`, `ChanceOrQuestChance`, `groupid`, `mincountOrRef`, `maxcount`, `condition_id`) VALUES (61892, 30088, 0.025, 0, -30088, 1, 0);
REPLACE INTO `creature_loot_template` (`entry`, `item`, `ChanceOrQuestChance`, `groupid`, `mincountOrRef`, `maxcount`, `condition_id`) VALUES (61892, 4500, 0.03, 0, 1, 1, 109);
REPLACE INTO `creature_loot_template` (`entry`, `item`, `ChanceOrQuestChance`, `groupid`, `mincountOrRef`, `maxcount`, `condition_id`) VALUES (61892, 10310, 0.03, 0, 1, 1, 0);
REPLACE INTO `creature_loot_template` (`entry`, `item`, `ChanceOrQuestChance`, `groupid`, `mincountOrRef`, `maxcount`, `condition_id`) VALUES (61892, 20400, 0.03, 0, 1, 1, 108);
REPLACE INTO `creature_loot_template` (`entry`, `item`, `ChanceOrQuestChance`, `groupid`, `mincountOrRef`, `maxcount`, `condition_id`) VALUES (61892, 12684, 0.06, 0, 1, 1, 0);
REPLACE INTO `creature_loot_template` (`entry`, `item`, `ChanceOrQuestChance`, `groupid`, `mincountOrRef`, `maxcount`, `condition_id`) VALUES (61892, 12697, 0.06, 0, 1, 1, 0);
REPLACE INTO `creature_loot_template` (`entry`, `item`, `ChanceOrQuestChance`, `groupid`, `mincountOrRef`, `maxcount`, `condition_id`) VALUES (61892, 14479, 0.06, 0, 1, 1, 0);
REPLACE INTO `creature_loot_template` (`entry`, `item`, `ChanceOrQuestChance`, `groupid`, `mincountOrRef`, `maxcount`, `condition_id`) VALUES (61892, 10308, 0.08, 0, 1, 1, 0);
REPLACE INTO `creature_loot_template` (`entry`, `item`, `ChanceOrQuestChance`, `groupid`, `mincountOrRef`, `maxcount`, `condition_id`) VALUES (61892, 10309, 0.08, 0, 1, 1, 0);
REPLACE INTO `creature_loot_template` (`entry`, `item`, `ChanceOrQuestChance`, `groupid`, `mincountOrRef`, `maxcount`, `condition_id`) VALUES (61892, 10306, 0.24, 0, 1, 1, 0);
REPLACE INTO `creature_loot_template` (`entry`, `item`, `ChanceOrQuestChance`, `groupid`, `mincountOrRef`, `maxcount`, `condition_id`) VALUES (61892, 10307, 0.26, 0, 1, 1, 0);
REPLACE INTO `creature_loot_template` (`entry`, `item`, `ChanceOrQuestChance`, `groupid`, `mincountOrRef`, `maxcount`, `condition_id`) VALUES (61892, 7910, 0.3788, 0, 1, 1, 0);
REPLACE INTO `creature_loot_template` (`entry`, `item`, `ChanceOrQuestChance`, `groupid`, `mincountOrRef`, `maxcount`, `condition_id`) VALUES (61892, 10305, 0.38, 0, 1, 1, 0);
REPLACE INTO `creature_loot_template` (`entry`, `item`, `ChanceOrQuestChance`, `groupid`, `mincountOrRef`, `maxcount`, `condition_id`) VALUES (61892, 7909, 0.4, 0, 1, 1, 0);
REPLACE INTO `creature_loot_template` (`entry`, `item`, `ChanceOrQuestChance`, `groupid`, `mincountOrRef`, `maxcount`, `condition_id`) VALUES (61892, 13444, 0.82, 0, 1, 1, 0);
REPLACE INTO `creature_loot_template` (`entry`, `item`, `ChanceOrQuestChance`, `groupid`, `mincountOrRef`, `maxcount`, `condition_id`) VALUES (61892, 5759, 0.9, 0, 1, 1, 0);
REPLACE INTO `creature_loot_template` (`entry`, `item`, `ChanceOrQuestChance`, `groupid`, `mincountOrRef`, `maxcount`, `condition_id`) VALUES (61892, 24016, 1, 0, -24016, 1, 0);
REPLACE INTO `creature_loot_template` (`entry`, `item`, `ChanceOrQuestChance`, `groupid`, `mincountOrRef`, `maxcount`, `condition_id`) VALUES (61892, 30080, 1, 0, -30080, 1, 0);
REPLACE INTO `creature_loot_template` (`entry`, `item`, `ChanceOrQuestChance`, `groupid`, `mincountOrRef`, `maxcount`, `condition_id`) VALUES (61892, 30081, 1, 0, -30081, 1, 0);
REPLACE INTO `creature_loot_template` (`entry`, `item`, `ChanceOrQuestChance`, `groupid`, `mincountOrRef`, `maxcount`, `condition_id`) VALUES (61892, 30083, 1, 3, -30083, 1, 0);
REPLACE INTO `creature_loot_template` (`entry`, `item`, `ChanceOrQuestChance`, `groupid`, `mincountOrRef`, `maxcount`, `condition_id`) VALUES (61892, 13446, 1.66, 0, 1, 1, 0);
REPLACE INTO `creature_loot_template` (`entry`, `item`, `ChanceOrQuestChance`, `groupid`, `mincountOrRef`, `maxcount`, `condition_id`) VALUES (61892, 8766, 2.2727, 0, 1, 1, 0);
REPLACE INTO `creature_loot_template` (`entry`, `item`, `ChanceOrQuestChance`, `groupid`, `mincountOrRef`, `maxcount`, `condition_id`) VALUES (61892, 24024, 5, 0, -24024, 1, 0);
REPLACE INTO `creature_loot_template` (`entry`, `item`, `ChanceOrQuestChance`, `groupid`, `mincountOrRef`, `maxcount`, `condition_id`) VALUES (61892, 30048, 5, 0, -30048, 1, 0);
REPLACE INTO `creature_loot_template` (`entry`, `item`, `ChanceOrQuestChance`, `groupid`, `mincountOrRef`, `maxcount`, `condition_id`) VALUES (61892, 83537, 5, 6, 1, 1, 0);
REPLACE INTO `creature_loot_template` (`entry`, `item`, `ChanceOrQuestChance`, `groupid`, `mincountOrRef`, `maxcount`, `condition_id`) VALUES (61892, 8952, 6.4394, 0, 1, 1, 0);
REPLACE INTO `creature_loot_template` (`entry`, `item`, `ChanceOrQuestChance`, `groupid`, `mincountOrRef`, `maxcount`, `condition_id`) VALUES (61892, 4422, 54.683, 0, 1, 1, 0);
REPLACE INTO `creature_loot_template` (`entry`, `item`, `ChanceOrQuestChance`, `groupid`, `mincountOrRef`, `maxcount`, `condition_id`) VALUES (61892, 3928, 57.632, 0, 1, 1, 0);
-- NPC's skining loot: Ember Talon Runebreaker:
REPLACE INTO `skinning_loot_template` (`entry`, `item`, `ChanceOrQuestChance`, `groupid`, `mincountOrRef`, `maxcount`, `condition_id`) VALUES (61892, 4304, 3.4884, 1, 1, 2, 0);
REPLACE INTO `skinning_loot_template` (`entry`, `item`, `ChanceOrQuestChance`, `groupid`, `mincountOrRef`, `maxcount`, `condition_id`) VALUES (61892, 8165, 10.4651, 1, 1, 1, 0);
REPLACE INTO `skinning_loot_template` (`entry`, `item`, `ChanceOrQuestChance`, `groupid`, `mincountOrRef`, `maxcount`, `condition_id`) VALUES (61892, 8170, 52.907, 1, 1, 2, 0);
REPLACE INTO `skinning_loot_template` (`entry`, `item`, `ChanceOrQuestChance`, `groupid`, `mincountOrRef`, `maxcount`, `condition_id`) VALUES (61892, 8171, 4.6512, 1, 1, 1, 0);
REPLACE INTO `skinning_loot_template` (`entry`, `item`, `ChanceOrQuestChance`, `groupid`, `mincountOrRef`, `maxcount`, `condition_id`) VALUES (61892, 15414, 28.4884, 1, 1, 2, 0);
-- NPC's loot table: Ember Talon Drake:
REPLACE INTO `creature_loot_template` (`entry`, `item`, `ChanceOrQuestChance`, `groupid`, `mincountOrRef`, `maxcount`, `condition_id`) VALUES (61891, 12691, 0.02, 0, 1, 1, 0);
REPLACE INTO `creature_loot_template` (`entry`, `item`, `ChanceOrQuestChance`, `groupid`, `mincountOrRef`, `maxcount`, `condition_id`) VALUES (61891, 12693, 0.02, 0, 1, 1, 0);
REPLACE INTO `creature_loot_template` (`entry`, `item`, `ChanceOrQuestChance`, `groupid`, `mincountOrRef`, `maxcount`, `condition_id`) VALUES (61891, 12704, 0.02, 0, 1, 1, 0);
REPLACE INTO `creature_loot_template` (`entry`, `item`, `ChanceOrQuestChance`, `groupid`, `mincountOrRef`, `maxcount`, `condition_id`) VALUES (61891, 12713, 0.02, 0, 1, 1, 0);
REPLACE INTO `creature_loot_template` (`entry`, `item`, `ChanceOrQuestChance`, `groupid`, `mincountOrRef`, `maxcount`, `condition_id`) VALUES (61891, 13490, 0.02, 0, 1, 1, 0);
REPLACE INTO `creature_loot_template` (`entry`, `item`, `ChanceOrQuestChance`, `groupid`, `mincountOrRef`, `maxcount`, `condition_id`) VALUES (61891, 14466, 0.02, 0, 1, 1, 0);
REPLACE INTO `creature_loot_template` (`entry`, `item`, `ChanceOrQuestChance`, `groupid`, `mincountOrRef`, `maxcount`, `condition_id`) VALUES (61891, 14491, 0.02, 0, 1, 1, 0);
REPLACE INTO `creature_loot_template` (`entry`, `item`, `ChanceOrQuestChance`, `groupid`, `mincountOrRef`, `maxcount`, `condition_id`) VALUES (61891, 14496, 0.02, 0, 1, 1, 0);
REPLACE INTO `creature_loot_template` (`entry`, `item`, `ChanceOrQuestChance`, `groupid`, `mincountOrRef`, `maxcount`, `condition_id`) VALUES (61891, 14498, 0.02, 0, 1, 1, 0);
REPLACE INTO `creature_loot_template` (`entry`, `item`, `ChanceOrQuestChance`, `groupid`, `mincountOrRef`, `maxcount`, `condition_id`) VALUES (61891, 14504, 0.02, 0, 1, 1, 0);
REPLACE INTO `creature_loot_template` (`entry`, `item`, `ChanceOrQuestChance`, `groupid`, `mincountOrRef`, `maxcount`, `condition_id`) VALUES (61891, 14506, 0.02, 0, 1, 1, 0);
REPLACE INTO `creature_loot_template` (`entry`, `item`, `ChanceOrQuestChance`, `groupid`, `mincountOrRef`, `maxcount`, `condition_id`) VALUES (61891, 14508, 0.02, 0, 1, 1, 0);
REPLACE INTO `creature_loot_template` (`entry`, `item`, `ChanceOrQuestChance`, `groupid`, `mincountOrRef`, `maxcount`, `condition_id`) VALUES (61891, 15731, 0.02, 0, 1, 1, 0);
REPLACE INTO `creature_loot_template` (`entry`, `item`, `ChanceOrQuestChance`, `groupid`, `mincountOrRef`, `maxcount`, `condition_id`) VALUES (61891, 15757, 0.02, 0, 1, 1, 0);
REPLACE INTO `creature_loot_template` (`entry`, `item`, `ChanceOrQuestChance`, `groupid`, `mincountOrRef`, `maxcount`, `condition_id`) VALUES (61891, 15765, 0.02, 0, 1, 1, 0);
REPLACE INTO `creature_loot_template` (`entry`, `item`, `ChanceOrQuestChance`, `groupid`, `mincountOrRef`, `maxcount`, `condition_id`) VALUES (61891, 16051, 0.02, 0, 1, 1, 0);
REPLACE INTO `creature_loot_template` (`entry`, `item`, `ChanceOrQuestChance`, `groupid`, `mincountOrRef`, `maxcount`, `condition_id`) VALUES (61891, 16218, 0.02, 0, 1, 1, 0);
REPLACE INTO `creature_loot_template` (`entry`, `item`, `ChanceOrQuestChance`, `groupid`, `mincountOrRef`, `maxcount`, `condition_id`) VALUES (61891, 16251, 0.02, 0, 1, 1, 0);
REPLACE INTO `creature_loot_template` (`entry`, `item`, `ChanceOrQuestChance`, `groupid`, `mincountOrRef`, `maxcount`, `condition_id`) VALUES (61891, 30079, 0.025, 2, -30079, 1, 0);
REPLACE INTO `creature_loot_template` (`entry`, `item`, `ChanceOrQuestChance`, `groupid`, `mincountOrRef`, `maxcount`, `condition_id`) VALUES (61891, 30088, 0.025, 0, -30088, 1, 0);
REPLACE INTO `creature_loot_template` (`entry`, `item`, `ChanceOrQuestChance`, `groupid`, `mincountOrRef`, `maxcount`, `condition_id`) VALUES (61891, 4500, 0.03, 0, 1, 1, 109);
REPLACE INTO `creature_loot_template` (`entry`, `item`, `ChanceOrQuestChance`, `groupid`, `mincountOrRef`, `maxcount`, `condition_id`) VALUES (61891, 10310, 0.03, 0, 1, 1, 0);
REPLACE INTO `creature_loot_template` (`entry`, `item`, `ChanceOrQuestChance`, `groupid`, `mincountOrRef`, `maxcount`, `condition_id`) VALUES (61891, 20400, 0.03, 0, 1, 1, 108);
REPLACE INTO `creature_loot_template` (`entry`, `item`, `ChanceOrQuestChance`, `groupid`, `mincountOrRef`, `maxcount`, `condition_id`) VALUES (61891, 12684, 0.06, 0, 1, 1, 0);
REPLACE INTO `creature_loot_template` (`entry`, `item`, `ChanceOrQuestChance`, `groupid`, `mincountOrRef`, `maxcount`, `condition_id`) VALUES (61891, 12697, 0.06, 0, 1, 1, 0);
REPLACE INTO `creature_loot_template` (`entry`, `item`, `ChanceOrQuestChance`, `groupid`, `mincountOrRef`, `maxcount`, `condition_id`) VALUES (61891, 14479, 0.06, 0, 1, 1, 0);
REPLACE INTO `creature_loot_template` (`entry`, `item`, `ChanceOrQuestChance`, `groupid`, `mincountOrRef`, `maxcount`, `condition_id`) VALUES (61891, 10308, 0.08, 0, 1, 1, 0);
REPLACE INTO `creature_loot_template` (`entry`, `item`, `ChanceOrQuestChance`, `groupid`, `mincountOrRef`, `maxcount`, `condition_id`) VALUES (61891, 10309, 0.08, 0, 1, 1, 0);
REPLACE INTO `creature_loot_template` (`entry`, `item`, `ChanceOrQuestChance`, `groupid`, `mincountOrRef`, `maxcount`, `condition_id`) VALUES (61891, 10306, 0.24, 0, 1, 1, 0);
REPLACE INTO `creature_loot_template` (`entry`, `item`, `ChanceOrQuestChance`, `groupid`, `mincountOrRef`, `maxcount`, `condition_id`) VALUES (61891, 10307, 0.26, 0, 1, 1, 0);
REPLACE INTO `creature_loot_template` (`entry`, `item`, `ChanceOrQuestChance`, `groupid`, `mincountOrRef`, `maxcount`, `condition_id`) VALUES (61891, 7910, 0.3788, 0, 1, 1, 0);
REPLACE INTO `creature_loot_template` (`entry`, `item`, `ChanceOrQuestChance`, `groupid`, `mincountOrRef`, `maxcount`, `condition_id`) VALUES (61891, 10305, 0.38, 0, 1, 1, 0);
REPLACE INTO `creature_loot_template` (`entry`, `item`, `ChanceOrQuestChance`, `groupid`, `mincountOrRef`, `maxcount`, `condition_id`) VALUES (61891, 7909, 0.4, 0, 1, 1, 0);
REPLACE INTO `creature_loot_template` (`entry`, `item`, `ChanceOrQuestChance`, `groupid`, `mincountOrRef`, `maxcount`, `condition_id`) VALUES (61891, 13444, 0.82, 0, 1, 1, 0);
REPLACE INTO `creature_loot_template` (`entry`, `item`, `ChanceOrQuestChance`, `groupid`, `mincountOrRef`, `maxcount`, `condition_id`) VALUES (61891, 5759, 0.9, 0, 1, 1, 0);
REPLACE INTO `creature_loot_template` (`entry`, `item`, `ChanceOrQuestChance`, `groupid`, `mincountOrRef`, `maxcount`, `condition_id`) VALUES (61891, 24016, 1, 0, -24016, 1, 0);
REPLACE INTO `creature_loot_template` (`entry`, `item`, `ChanceOrQuestChance`, `groupid`, `mincountOrRef`, `maxcount`, `condition_id`) VALUES (61891, 30080, 1, 0, -30080, 1, 0);
REPLACE INTO `creature_loot_template` (`entry`, `item`, `ChanceOrQuestChance`, `groupid`, `mincountOrRef`, `maxcount`, `condition_id`) VALUES (61891, 30081, 1, 0, -30081, 1, 0);
REPLACE INTO `creature_loot_template` (`entry`, `item`, `ChanceOrQuestChance`, `groupid`, `mincountOrRef`, `maxcount`, `condition_id`) VALUES (61891, 30083, 1, 3, -30083, 1, 0);
REPLACE INTO `creature_loot_template` (`entry`, `item`, `ChanceOrQuestChance`, `groupid`, `mincountOrRef`, `maxcount`, `condition_id`) VALUES (61891, 13446, 1.66, 0, 1, 1, 0);
REPLACE INTO `creature_loot_template` (`entry`, `item`, `ChanceOrQuestChance`, `groupid`, `mincountOrRef`, `maxcount`, `condition_id`) VALUES (61891, 8766, 2.2727, 0, 1, 1, 0);
REPLACE INTO `creature_loot_template` (`entry`, `item`, `ChanceOrQuestChance`, `groupid`, `mincountOrRef`, `maxcount`, `condition_id`) VALUES (61891, 24024, 5, 0, -24024, 1, 0);
REPLACE INTO `creature_loot_template` (`entry`, `item`, `ChanceOrQuestChance`, `groupid`, `mincountOrRef`, `maxcount`, `condition_id`) VALUES (61891, 30048, 5, 0, -30048, 1, 0);
REPLACE INTO `creature_loot_template` (`entry`, `item`, `ChanceOrQuestChance`, `groupid`, `mincountOrRef`, `maxcount`, `condition_id`) VALUES (61891, 83537, 5, 6, 1, 1, 0);
REPLACE INTO `creature_loot_template` (`entry`, `item`, `ChanceOrQuestChance`, `groupid`, `mincountOrRef`, `maxcount`, `condition_id`) VALUES (61891, 8952, 6.4394, 0, 1, 1, 0);
REPLACE INTO `creature_loot_template` (`entry`, `item`, `ChanceOrQuestChance`, `groupid`, `mincountOrRef`, `maxcount`, `condition_id`) VALUES (61891, 4422, 54.683, 0, 1, 1, 0);
REPLACE INTO `creature_loot_template` (`entry`, `item`, `ChanceOrQuestChance`, `groupid`, `mincountOrRef`, `maxcount`, `condition_id`) VALUES (61891, 3928, 57.632, 0, 1, 1, 0);
-- NPC's skining loot: Ember Talon Drake:
REPLACE INTO `skinning_loot_template` (`entry`, `item`, `ChanceOrQuestChance`, `groupid`, `mincountOrRef`, `maxcount`, `condition_id`) VALUES (61891, 4304, 3.4884, 1, 1, 2, 0);
REPLACE INTO `skinning_loot_template` (`entry`, `item`, `ChanceOrQuestChance`, `groupid`, `mincountOrRef`, `maxcount`, `condition_id`) VALUES (61891, 8165, 10.4651, 1, 1, 1, 0);
REPLACE INTO `skinning_loot_template` (`entry`, `item`, `ChanceOrQuestChance`, `groupid`, `mincountOrRef`, `maxcount`, `condition_id`) VALUES (61891, 8170, 52.907, 1, 1, 2, 0);
REPLACE INTO `skinning_loot_template` (`entry`, `item`, `ChanceOrQuestChance`, `groupid`, `mincountOrRef`, `maxcount`, `condition_id`) VALUES (61891, 8171, 4.6512, 1, 1, 1, 0);
REPLACE INTO `skinning_loot_template` (`entry`, `item`, `ChanceOrQuestChance`, `groupid`, `mincountOrRef`, `maxcount`, `condition_id`) VALUES (61891, 15414, 28.4884, 1, 1, 2, 0);
-- NPC's loot table: Ember Talon Whelp:
REPLACE INTO `creature_loot_template` (`entry`, `item`, `ChanceOrQuestChance`, `groupid`, `mincountOrRef`, `maxcount`, `condition_id`) VALUES (61890, 12691, 0.02, 0, 1, 1, 0);
REPLACE INTO `creature_loot_template` (`entry`, `item`, `ChanceOrQuestChance`, `groupid`, `mincountOrRef`, `maxcount`, `condition_id`) VALUES (61890, 12693, 0.02, 0, 1, 1, 0);
REPLACE INTO `creature_loot_template` (`entry`, `item`, `ChanceOrQuestChance`, `groupid`, `mincountOrRef`, `maxcount`, `condition_id`) VALUES (61890, 12704, 0.02, 0, 1, 1, 0);
REPLACE INTO `creature_loot_template` (`entry`, `item`, `ChanceOrQuestChance`, `groupid`, `mincountOrRef`, `maxcount`, `condition_id`) VALUES (61890, 12713, 0.02, 0, 1, 1, 0);
REPLACE INTO `creature_loot_template` (`entry`, `item`, `ChanceOrQuestChance`, `groupid`, `mincountOrRef`, `maxcount`, `condition_id`) VALUES (61890, 13490, 0.02, 0, 1, 1, 0);
REPLACE INTO `creature_loot_template` (`entry`, `item`, `ChanceOrQuestChance`, `groupid`, `mincountOrRef`, `maxcount`, `condition_id`) VALUES (61890, 14466, 0.02, 0, 1, 1, 0);
REPLACE INTO `creature_loot_template` (`entry`, `item`, `ChanceOrQuestChance`, `groupid`, `mincountOrRef`, `maxcount`, `condition_id`) VALUES (61890, 14491, 0.02, 0, 1, 1, 0);
REPLACE INTO `creature_loot_template` (`entry`, `item`, `ChanceOrQuestChance`, `groupid`, `mincountOrRef`, `maxcount`, `condition_id`) VALUES (61890, 14496, 0.02, 0, 1, 1, 0);
REPLACE INTO `creature_loot_template` (`entry`, `item`, `ChanceOrQuestChance`, `groupid`, `mincountOrRef`, `maxcount`, `condition_id`) VALUES (61890, 14498, 0.02, 0, 1, 1, 0);
REPLACE INTO `creature_loot_template` (`entry`, `item`, `ChanceOrQuestChance`, `groupid`, `mincountOrRef`, `maxcount`, `condition_id`) VALUES (61890, 14504, 0.02, 0, 1, 1, 0);
REPLACE INTO `creature_loot_template` (`entry`, `item`, `ChanceOrQuestChance`, `groupid`, `mincountOrRef`, `maxcount`, `condition_id`) VALUES (61890, 14506, 0.02, 0, 1, 1, 0);
REPLACE INTO `creature_loot_template` (`entry`, `item`, `ChanceOrQuestChance`, `groupid`, `mincountOrRef`, `maxcount`, `condition_id`) VALUES (61890, 14508, 0.02, 0, 1, 1, 0);
REPLACE INTO `creature_loot_template` (`entry`, `item`, `ChanceOrQuestChance`, `groupid`, `mincountOrRef`, `maxcount`, `condition_id`) VALUES (61890, 15731, 0.02, 0, 1, 1, 0);
REPLACE INTO `creature_loot_template` (`entry`, `item`, `ChanceOrQuestChance`, `groupid`, `mincountOrRef`, `maxcount`, `condition_id`) VALUES (61890, 15757, 0.02, 0, 1, 1, 0);
REPLACE INTO `creature_loot_template` (`entry`, `item`, `ChanceOrQuestChance`, `groupid`, `mincountOrRef`, `maxcount`, `condition_id`) VALUES (61890, 15765, 0.02, 0, 1, 1, 0);
REPLACE INTO `creature_loot_template` (`entry`, `item`, `ChanceOrQuestChance`, `groupid`, `mincountOrRef`, `maxcount`, `condition_id`) VALUES (61890, 16051, 0.02, 0, 1, 1, 0);
REPLACE INTO `creature_loot_template` (`entry`, `item`, `ChanceOrQuestChance`, `groupid`, `mincountOrRef`, `maxcount`, `condition_id`) VALUES (61890, 16218, 0.02, 0, 1, 1, 0);
REPLACE INTO `creature_loot_template` (`entry`, `item`, `ChanceOrQuestChance`, `groupid`, `mincountOrRef`, `maxcount`, `condition_id`) VALUES (61890, 16251, 0.02, 0, 1, 1, 0);
REPLACE INTO `creature_loot_template` (`entry`, `item`, `ChanceOrQuestChance`, `groupid`, `mincountOrRef`, `maxcount`, `condition_id`) VALUES (61890, 30079, 0.025, 2, -30079, 1, 0);
REPLACE INTO `creature_loot_template` (`entry`, `item`, `ChanceOrQuestChance`, `groupid`, `mincountOrRef`, `maxcount`, `condition_id`) VALUES (61890, 30088, 0.025, 0, -30088, 1, 0);
REPLACE INTO `creature_loot_template` (`entry`, `item`, `ChanceOrQuestChance`, `groupid`, `mincountOrRef`, `maxcount`, `condition_id`) VALUES (61890, 4500, 0.03, 0, 1, 1, 109);
REPLACE INTO `creature_loot_template` (`entry`, `item`, `ChanceOrQuestChance`, `groupid`, `mincountOrRef`, `maxcount`, `condition_id`) VALUES (61890, 10310, 0.03, 0, 1, 1, 0);
REPLACE INTO `creature_loot_template` (`entry`, `item`, `ChanceOrQuestChance`, `groupid`, `mincountOrRef`, `maxcount`, `condition_id`) VALUES (61890, 20400, 0.03, 0, 1, 1, 108);
REPLACE INTO `creature_loot_template` (`entry`, `item`, `ChanceOrQuestChance`, `groupid`, `mincountOrRef`, `maxcount`, `condition_id`) VALUES (61890, 12684, 0.06, 0, 1, 1, 0);
REPLACE INTO `creature_loot_template` (`entry`, `item`, `ChanceOrQuestChance`, `groupid`, `mincountOrRef`, `maxcount`, `condition_id`) VALUES (61890, 12697, 0.06, 0, 1, 1, 0);
REPLACE INTO `creature_loot_template` (`entry`, `item`, `ChanceOrQuestChance`, `groupid`, `mincountOrRef`, `maxcount`, `condition_id`) VALUES (61890, 14479, 0.06, 0, 1, 1, 0);
REPLACE INTO `creature_loot_template` (`entry`, `item`, `ChanceOrQuestChance`, `groupid`, `mincountOrRef`, `maxcount`, `condition_id`) VALUES (61890, 10308, 0.08, 0, 1, 1, 0);
REPLACE INTO `creature_loot_template` (`entry`, `item`, `ChanceOrQuestChance`, `groupid`, `mincountOrRef`, `maxcount`, `condition_id`) VALUES (61890, 10309, 0.08, 0, 1, 1, 0);
REPLACE INTO `creature_loot_template` (`entry`, `item`, `ChanceOrQuestChance`, `groupid`, `mincountOrRef`, `maxcount`, `condition_id`) VALUES (61890, 10306, 0.24, 0, 1, 1, 0);
REPLACE INTO `creature_loot_template` (`entry`, `item`, `ChanceOrQuestChance`, `groupid`, `mincountOrRef`, `maxcount`, `condition_id`) VALUES (61890, 10307, 0.26, 0, 1, 1, 0);
REPLACE INTO `creature_loot_template` (`entry`, `item`, `ChanceOrQuestChance`, `groupid`, `mincountOrRef`, `maxcount`, `condition_id`) VALUES (61890, 7910, 0.3788, 0, 1, 1, 0);
REPLACE INTO `creature_loot_template` (`entry`, `item`, `ChanceOrQuestChance`, `groupid`, `mincountOrRef`, `maxcount`, `condition_id`) VALUES (61890, 10305, 0.38, 0, 1, 1, 0);
REPLACE INTO `creature_loot_template` (`entry`, `item`, `ChanceOrQuestChance`, `groupid`, `mincountOrRef`, `maxcount`, `condition_id`) VALUES (61890, 7909, 0.4, 0, 1, 1, 0);
REPLACE INTO `creature_loot_template` (`entry`, `item`, `ChanceOrQuestChance`, `groupid`, `mincountOrRef`, `maxcount`, `condition_id`) VALUES (61890, 13444, 0.82, 0, 1, 1, 0);
REPLACE INTO `creature_loot_template` (`entry`, `item`, `ChanceOrQuestChance`, `groupid`, `mincountOrRef`, `maxcount`, `condition_id`) VALUES (61890, 5759, 0.9, 0, 1, 1, 0);
REPLACE INTO `creature_loot_template` (`entry`, `item`, `ChanceOrQuestChance`, `groupid`, `mincountOrRef`, `maxcount`, `condition_id`) VALUES (61890, 24016, 1, 0, -24016, 1, 0);
REPLACE INTO `creature_loot_template` (`entry`, `item`, `ChanceOrQuestChance`, `groupid`, `mincountOrRef`, `maxcount`, `condition_id`) VALUES (61890, 30080, 1, 0, -30080, 1, 0);
REPLACE INTO `creature_loot_template` (`entry`, `item`, `ChanceOrQuestChance`, `groupid`, `mincountOrRef`, `maxcount`, `condition_id`) VALUES (61890, 30081, 1, 0, -30081, 1, 0);
REPLACE INTO `creature_loot_template` (`entry`, `item`, `ChanceOrQuestChance`, `groupid`, `mincountOrRef`, `maxcount`, `condition_id`) VALUES (61890, 30083, 1, 3, -30083, 1, 0);
REPLACE INTO `creature_loot_template` (`entry`, `item`, `ChanceOrQuestChance`, `groupid`, `mincountOrRef`, `maxcount`, `condition_id`) VALUES (61890, 13446, 1.66, 0, 1, 1, 0);
REPLACE INTO `creature_loot_template` (`entry`, `item`, `ChanceOrQuestChance`, `groupid`, `mincountOrRef`, `maxcount`, `condition_id`) VALUES (61890, 8766, 2.2727, 0, 1, 1, 0);
REPLACE INTO `creature_loot_template` (`entry`, `item`, `ChanceOrQuestChance`, `groupid`, `mincountOrRef`, `maxcount`, `condition_id`) VALUES (61890, 24024, 5, 0, -24024, 1, 0);
REPLACE INTO `creature_loot_template` (`entry`, `item`, `ChanceOrQuestChance`, `groupid`, `mincountOrRef`, `maxcount`, `condition_id`) VALUES (61890, 30048, 5, 0, -30048, 1, 0);
REPLACE INTO `creature_loot_template` (`entry`, `item`, `ChanceOrQuestChance`, `groupid`, `mincountOrRef`, `maxcount`, `condition_id`) VALUES (61890, 83537, 5, 6, 1, 1, 0);
REPLACE INTO `creature_loot_template` (`entry`, `item`, `ChanceOrQuestChance`, `groupid`, `mincountOrRef`, `maxcount`, `condition_id`) VALUES (61890, 8952, 6.4394, 0, 1, 1, 0);
REPLACE INTO `creature_loot_template` (`entry`, `item`, `ChanceOrQuestChance`, `groupid`, `mincountOrRef`, `maxcount`, `condition_id`) VALUES (61890, 4422, 54.683, 0, 1, 1, 0);
REPLACE INTO `creature_loot_template` (`entry`, `item`, `ChanceOrQuestChance`, `groupid`, `mincountOrRef`, `maxcount`, `condition_id`) VALUES (61890, 3928, 57.632, 0, 1, 1, 0);
-- NPC's skining loot: Ember Talon Whelp:
REPLACE INTO `skinning_loot_template` (`entry`, `item`, `ChanceOrQuestChance`, `groupid`, `mincountOrRef`, `maxcount`, `condition_id`) VALUES (61890, 4304, 3.4884, 1, 1, 2, 0);
REPLACE INTO `skinning_loot_template` (`entry`, `item`, `ChanceOrQuestChance`, `groupid`, `mincountOrRef`, `maxcount`, `condition_id`) VALUES (61890, 8165, 10.4651, 1, 1, 1, 0);
REPLACE INTO `skinning_loot_template` (`entry`, `item`, `ChanceOrQuestChance`, `groupid`, `mincountOrRef`, `maxcount`, `condition_id`) VALUES (61890, 8170, 52.907, 1, 1, 2, 0);
REPLACE INTO `skinning_loot_template` (`entry`, `item`, `ChanceOrQuestChance`, `groupid`, `mincountOrRef`, `maxcount`, `condition_id`) VALUES (61890, 8171, 4.6512, 1, 1, 1, 0);
REPLACE INTO `skinning_loot_template` (`entry`, `item`, `ChanceOrQuestChance`, `groupid`, `mincountOrRef`, `maxcount`, `condition_id`) VALUES (61890, 15414, 28.4884, 1, 1, 2, 0);
-- NPC's loot table: Dragonmaw Mindslave:
REPLACE INTO `creature_loot_template` (`entry`, `item`, `ChanceOrQuestChance`, `groupid`, `mincountOrRef`, `maxcount`, `condition_id`) VALUES (61889, 30082, 0.0025, 0, -30082, 1, 0);
REPLACE INTO `creature_loot_template` (`entry`, `item`, `ChanceOrQuestChance`, `groupid`, `mincountOrRef`, `maxcount`, `condition_id`) VALUES (61889, 30086, 0.0025, 0, -30086, 1, 0);
REPLACE INTO `creature_loot_template` (`entry`, `item`, `ChanceOrQuestChance`, `groupid`, `mincountOrRef`, `maxcount`, `condition_id`) VALUES (61889, 30087, 0.0025, 0, -30087, 1, 0);
REPLACE INTO `creature_loot_template` (`entry`, `item`, `ChanceOrQuestChance`, `groupid`, `mincountOrRef`, `maxcount`, `condition_id`) VALUES (61889, 30103, 0.0025, 0, -30103, 1, 0);
REPLACE INTO `creature_loot_template` (`entry`, `item`, `ChanceOrQuestChance`, `groupid`, `mincountOrRef`, `maxcount`, `condition_id`) VALUES (61889, 24032, 0.01, 0, -24032, 1, 0);
REPLACE INTO `creature_loot_template` (`entry`, `item`, `ChanceOrQuestChance`, `groupid`, `mincountOrRef`, `maxcount`, `condition_id`) VALUES (61889, 30047, 0.01, 0, -30047, 1, 0);
REPLACE INTO `creature_loot_template` (`entry`, `item`, `ChanceOrQuestChance`, `groupid`, `mincountOrRef`, `maxcount`, `condition_id`) VALUES (61889, 30079, 0.01, 2, -30079, 1, 0);
REPLACE INTO `creature_loot_template` (`entry`, `item`, `ChanceOrQuestChance`, `groupid`, `mincountOrRef`, `maxcount`, `condition_id`) VALUES (61889, 30085, 0.01, 10, -30085, 1, 0);
REPLACE INTO `creature_loot_template` (`entry`, `item`, `ChanceOrQuestChance`, `groupid`, `mincountOrRef`, `maxcount`, `condition_id`) VALUES (61889, 2772, 0.02, 0, 1, 1, 0);
REPLACE INTO `creature_loot_template` (`entry`, `item`, `ChanceOrQuestChance`, `groupid`, `mincountOrRef`, `maxcount`, `condition_id`) VALUES (61889, 2838, 0.02, 0, 1, 1, 0);
REPLACE INTO `creature_loot_template` (`entry`, `item`, `ChanceOrQuestChance`, `groupid`, `mincountOrRef`, `maxcount`, `condition_id`) VALUES (61889, 3928, 0.02, 0, 1, 1, 0);
REPLACE INTO `creature_loot_template` (`entry`, `item`, `ChanceOrQuestChance`, `groupid`, `mincountOrRef`, `maxcount`, `condition_id`) VALUES (61889, 4500, 0.02, 0, 1, 1, 109);
REPLACE INTO `creature_loot_template` (`entry`, `item`, `ChanceOrQuestChance`, `groupid`, `mincountOrRef`, `maxcount`, `condition_id`) VALUES (61889, 6149, 0.02, 0, 1, 1, 0);
REPLACE INTO `creature_loot_template` (`entry`, `item`, `ChanceOrQuestChance`, `groupid`, `mincountOrRef`, `maxcount`, `condition_id`) VALUES (61889, 8838, 0.02, 0, 1, 1, 0);
REPLACE INTO `creature_loot_template` (`entry`, `item`, `ChanceOrQuestChance`, `groupid`, `mincountOrRef`, `maxcount`, `condition_id`) VALUES (61889, 8948, 0.02, 0, 1, 1, 0);
REPLACE INTO `creature_loot_template` (`entry`, `item`, `ChanceOrQuestChance`, `groupid`, `mincountOrRef`, `maxcount`, `condition_id`) VALUES (61889, 12683, 0.02, 0, 1, 1, 0);
REPLACE INTO `creature_loot_template` (`entry`, `item`, `ChanceOrQuestChance`, `groupid`, `mincountOrRef`, `maxcount`, `condition_id`) VALUES (61889, 12684, 0.02, 0, 1, 1, 0);
REPLACE INTO `creature_loot_template` (`entry`, `item`, `ChanceOrQuestChance`, `groupid`, `mincountOrRef`, `maxcount`, `condition_id`) VALUES (61889, 12689, 0.02, 0, 1, 1, 0);
REPLACE INTO `creature_loot_template` (`entry`, `item`, `ChanceOrQuestChance`, `groupid`, `mincountOrRef`, `maxcount`, `condition_id`) VALUES (61889, 12693, 0.02, 0, 1, 1, 0);
REPLACE INTO `creature_loot_template` (`entry`, `item`, `ChanceOrQuestChance`, `groupid`, `mincountOrRef`, `maxcount`, `condition_id`) VALUES (61889, 12694, 0.02, 0, 1, 1, 0);
REPLACE INTO `creature_loot_template` (`entry`, `item`, `ChanceOrQuestChance`, `groupid`, `mincountOrRef`, `maxcount`, `condition_id`) VALUES (61889, 12695, 0.02, 0, 1, 1, 0);
REPLACE INTO `creature_loot_template` (`entry`, `item`, `ChanceOrQuestChance`, `groupid`, `mincountOrRef`, `maxcount`, `condition_id`) VALUES (61889, 12697, 0.02, 0, 1, 1, 0);
REPLACE INTO `creature_loot_template` (`entry`, `item`, `ChanceOrQuestChance`, `groupid`, `mincountOrRef`, `maxcount`, `condition_id`) VALUES (61889, 12713, 0.02, 0, 1, 1, 0);
REPLACE INTO `creature_loot_template` (`entry`, `item`, `ChanceOrQuestChance`, `groupid`, `mincountOrRef`, `maxcount`, `condition_id`) VALUES (61889, 13490, 0.02, 0, 1, 1, 0);
REPLACE INTO `creature_loot_template` (`entry`, `item`, `ChanceOrQuestChance`, `groupid`, `mincountOrRef`, `maxcount`, `condition_id`) VALUES (61889, 14466, 0.02, 0, 1, 1, 0);
REPLACE INTO `creature_loot_template` (`entry`, `item`, `ChanceOrQuestChance`, `groupid`, `mincountOrRef`, `maxcount`, `condition_id`) VALUES (61889, 14467, 0.02, 0, 1, 1, 0);
REPLACE INTO `creature_loot_template` (`entry`, `item`, `ChanceOrQuestChance`, `groupid`, `mincountOrRef`, `maxcount`, `condition_id`) VALUES (61889, 14474, 0.02, 0, 1, 1, 0);
REPLACE INTO `creature_loot_template` (`entry`, `item`, `ChanceOrQuestChance`, `groupid`, `mincountOrRef`, `maxcount`, `condition_id`) VALUES (61889, 14478, 0.02, 0, 1, 1, 0);
REPLACE INTO `creature_loot_template` (`entry`, `item`, `ChanceOrQuestChance`, `groupid`, `mincountOrRef`, `maxcount`, `condition_id`) VALUES (61889, 14484, 0.02, 0, 1, 1, 0);
REPLACE INTO `creature_loot_template` (`entry`, `item`, `ChanceOrQuestChance`, `groupid`, `mincountOrRef`, `maxcount`, `condition_id`) VALUES (61889, 14491, 0.02, 0, 1, 1, 0);
REPLACE INTO `creature_loot_template` (`entry`, `item`, `ChanceOrQuestChance`, `groupid`, `mincountOrRef`, `maxcount`, `condition_id`) VALUES (61889, 14492, 0.02, 0, 1, 1, 0);
REPLACE INTO `creature_loot_template` (`entry`, `item`, `ChanceOrQuestChance`, `groupid`, `mincountOrRef`, `maxcount`, `condition_id`) VALUES (61889, 14494, 0.02, 0, 1, 1, 0);
REPLACE INTO `creature_loot_template` (`entry`, `item`, `ChanceOrQuestChance`, `groupid`, `mincountOrRef`, `maxcount`, `condition_id`) VALUES (61889, 14496, 0.02, 0, 1, 1, 0);
REPLACE INTO `creature_loot_template` (`entry`, `item`, `ChanceOrQuestChance`, `groupid`, `mincountOrRef`, `maxcount`, `condition_id`) VALUES (61889, 14498, 0.02, 0, 1, 1, 0);
REPLACE INTO `creature_loot_template` (`entry`, `item`, `ChanceOrQuestChance`, `groupid`, `mincountOrRef`, `maxcount`, `condition_id`) VALUES (61889, 14504, 0.02, 0, 1, 1, 0);
REPLACE INTO `creature_loot_template` (`entry`, `item`, `ChanceOrQuestChance`, `groupid`, `mincountOrRef`, `maxcount`, `condition_id`) VALUES (61889, 14506, 0.02, 0, 1, 1, 0);
REPLACE INTO `creature_loot_template` (`entry`, `item`, `ChanceOrQuestChance`, `groupid`, `mincountOrRef`, `maxcount`, `condition_id`) VALUES (61889, 14508, 0.02, 0, 1, 1, 0);
REPLACE INTO `creature_loot_template` (`entry`, `item`, `ChanceOrQuestChance`, `groupid`, `mincountOrRef`, `maxcount`, `condition_id`) VALUES (61889, 15743, 0.02, 0, 1, 1, 0);
REPLACE INTO `creature_loot_template` (`entry`, `item`, `ChanceOrQuestChance`, `groupid`, `mincountOrRef`, `maxcount`, `condition_id`) VALUES (61889, 15745, 0.02, 0, 1, 1, 0);
REPLACE INTO `creature_loot_template` (`entry`, `item`, `ChanceOrQuestChance`, `groupid`, `mincountOrRef`, `maxcount`, `condition_id`) VALUES (61889, 15746, 0.02, 0, 1, 1, 0);
REPLACE INTO `creature_loot_template` (`entry`, `item`, `ChanceOrQuestChance`, `groupid`, `mincountOrRef`, `maxcount`, `condition_id`) VALUES (61889, 15757, 0.02, 0, 1, 1, 0);
REPLACE INTO `creature_loot_template` (`entry`, `item`, `ChanceOrQuestChance`, `groupid`, `mincountOrRef`, `maxcount`, `condition_id`) VALUES (61889, 15765, 0.02, 0, 1, 1, 0);
REPLACE INTO `creature_loot_template` (`entry`, `item`, `ChanceOrQuestChance`, `groupid`, `mincountOrRef`, `maxcount`, `condition_id`) VALUES (61889, 16043, 0.02, 0, 1, 1, 0);
REPLACE INTO `creature_loot_template` (`entry`, `item`, `ChanceOrQuestChance`, `groupid`, `mincountOrRef`, `maxcount`, `condition_id`) VALUES (61889, 16051, 0.02, 0, 1, 1, 0);
REPLACE INTO `creature_loot_template` (`entry`, `item`, `ChanceOrQuestChance`, `groupid`, `mincountOrRef`, `maxcount`, `condition_id`) VALUES (61889, 16215, 0.02, 0, 1, 1, 0);
REPLACE INTO `creature_loot_template` (`entry`, `item`, `ChanceOrQuestChance`, `groupid`, `mincountOrRef`, `maxcount`, `condition_id`) VALUES (61889, 16251, 0.02, 0, 1, 1, 0);
REPLACE INTO `creature_loot_template` (`entry`, `item`, `ChanceOrQuestChance`, `groupid`, `mincountOrRef`, `maxcount`, `condition_id`) VALUES (61889, 19231, 0.02, 0, 1, 1, 0);
REPLACE INTO `creature_loot_template` (`entry`, `item`, `ChanceOrQuestChance`, `groupid`, `mincountOrRef`, `maxcount`, `condition_id`) VALUES (61889, 19232, 0.02, 0, 1, 1, 0);
REPLACE INTO `creature_loot_template` (`entry`, `item`, `ChanceOrQuestChance`, `groupid`, `mincountOrRef`, `maxcount`, `condition_id`) VALUES (61889, 19260, 0.02, 0, 1, 1, 0);
REPLACE INTO `creature_loot_template` (`entry`, `item`, `ChanceOrQuestChance`, `groupid`, `mincountOrRef`, `maxcount`, `condition_id`) VALUES (61889, 19261, 0.02, 0, 1, 1, 0);
REPLACE INTO `creature_loot_template` (`entry`, `item`, `ChanceOrQuestChance`, `groupid`, `mincountOrRef`, `maxcount`, `condition_id`) VALUES (61889, 19269, 0.02, 0, 1, 1, 0);
REPLACE INTO `creature_loot_template` (`entry`, `item`, `ChanceOrQuestChance`, `groupid`, `mincountOrRef`, `maxcount`, `condition_id`) VALUES (61889, 19270, 0.02, 0, 1, 1, 0);
REPLACE INTO `creature_loot_template` (`entry`, `item`, `ChanceOrQuestChance`, `groupid`, `mincountOrRef`, `maxcount`, `condition_id`) VALUES (61889, 19271, 0.02, 0, 1, 1, 0);
REPLACE INTO `creature_loot_template` (`entry`, `item`, `ChanceOrQuestChance`, `groupid`, `mincountOrRef`, `maxcount`, `condition_id`) VALUES (61889, 19278, 0.02, 0, 1, 1, 0);
REPLACE INTO `creature_loot_template` (`entry`, `item`, `ChanceOrQuestChance`, `groupid`, `mincountOrRef`, `maxcount`, `condition_id`) VALUES (61889, 19279, 0.02, 0, 1, 1, 0);
REPLACE INTO `creature_loot_template` (`entry`, `item`, `ChanceOrQuestChance`, `groupid`, `mincountOrRef`, `maxcount`, `condition_id`) VALUES (61889, 19280, 0.02, 0, 1, 1, 0);
REPLACE INTO `creature_loot_template` (`entry`, `item`, `ChanceOrQuestChance`, `groupid`, `mincountOrRef`, `maxcount`, `condition_id`) VALUES (61889, 20400, 0.02, 0, 1, 1, 108);
REPLACE INTO `creature_loot_template` (`entry`, `item`, `ChanceOrQuestChance`, `groupid`, `mincountOrRef`, `maxcount`, `condition_id`) VALUES (61889, 19259, 0.0349, 0, 1, 1, 0);
REPLACE INTO `creature_loot_template` (`entry`, `item`, `ChanceOrQuestChance`, `groupid`, `mincountOrRef`, `maxcount`, `condition_id`) VALUES (61889, 10310, 0.07, 0, 1, 1, 0);
REPLACE INTO `creature_loot_template` (`entry`, `item`, `ChanceOrQuestChance`, `groupid`, `mincountOrRef`, `maxcount`, `condition_id`) VALUES (61889, 5759, 0.1046, 0, 1, 1, 0);
REPLACE INTO `creature_loot_template` (`entry`, `item`, `ChanceOrQuestChance`, `groupid`, `mincountOrRef`, `maxcount`, `condition_id`) VALUES (61889, 7909, 0.1046, 0, 1, 1, 0);
REPLACE INTO `creature_loot_template` (`entry`, `item`, `ChanceOrQuestChance`, `groupid`, `mincountOrRef`, `maxcount`, `condition_id`) VALUES (61889, 7910, 0.111, 0, 1, 1, 0);
REPLACE INTO `creature_loot_template` (`entry`, `item`, `ChanceOrQuestChance`, `groupid`, `mincountOrRef`, `maxcount`, `condition_id`) VALUES (61889, 10309, 0.12, 0, 1, 1, 0);
REPLACE INTO `creature_loot_template` (`entry`, `item`, `ChanceOrQuestChance`, `groupid`, `mincountOrRef`, `maxcount`, `condition_id`) VALUES (61889, 10307, 0.19, 0, 1, 1, 0);
REPLACE INTO `creature_loot_template` (`entry`, `item`, `ChanceOrQuestChance`, `groupid`, `mincountOrRef`, `maxcount`, `condition_id`) VALUES (61889, 10308, 0.19, 0, 1, 1, 0);
REPLACE INTO `creature_loot_template` (`entry`, `item`, `ChanceOrQuestChance`, `groupid`, `mincountOrRef`, `maxcount`, `condition_id`) VALUES (61889, 10305, 0.222, 0, 1, 1, 0);
REPLACE INTO `creature_loot_template` (`entry`, `item`, `ChanceOrQuestChance`, `groupid`, `mincountOrRef`, `maxcount`, `condition_id`) VALUES (61889, 10306, 0.257, 0, 1, 1, 0);
REPLACE INTO `creature_loot_template` (`entry`, `item`, `ChanceOrQuestChance`, `groupid`, `mincountOrRef`, `maxcount`, `condition_id`) VALUES (61889, 30046, 0.5, 0, -30046, 1, 0);
REPLACE INTO `creature_loot_template` (`entry`, `item`, `ChanceOrQuestChance`, `groupid`, `mincountOrRef`, `maxcount`, `condition_id`) VALUES (61889, 30080, 0.5, 0, -30080, 1, 0);
REPLACE INTO `creature_loot_template` (`entry`, `item`, `ChanceOrQuestChance`, `groupid`, `mincountOrRef`, `maxcount`, `condition_id`) VALUES (61889, 30081, 0.5, 0, -30081, 1, 0);
REPLACE INTO `creature_loot_template` (`entry`, `item`, `ChanceOrQuestChance`, `groupid`, `mincountOrRef`, `maxcount`, `condition_id`) VALUES (61889, 30083, 0.5, 3, -30083, 1, 0);
REPLACE INTO `creature_loot_template` (`entry`, `item`, `ChanceOrQuestChance`, `groupid`, `mincountOrRef`, `maxcount`, `condition_id`) VALUES (61889, 13444, 0.73, 0, 1, 1, 0);
REPLACE INTO `creature_loot_template` (`entry`, `item`, `ChanceOrQuestChance`, `groupid`, `mincountOrRef`, `maxcount`, `condition_id`) VALUES (61889, 15774, 0.97, 0, 1, 1, 0);
REPLACE INTO `creature_loot_template` (`entry`, `item`, `ChanceOrQuestChance`, `groupid`, `mincountOrRef`, `maxcount`, `condition_id`) VALUES (61889, 13446, 1.5, 0, 1, 1, 0);
REPLACE INTO `creature_loot_template` (`entry`, `item`, `ChanceOrQuestChance`, `groupid`, `mincountOrRef`, `maxcount`, `condition_id`) VALUES (61889, 8766, 2.3353, 0, 1, 1, 0);
REPLACE INTO `creature_loot_template` (`entry`, `item`, `ChanceOrQuestChance`, `groupid`, `mincountOrRef`, `maxcount`, `condition_id`) VALUES (61889, 24024, 2.5, 0, -24024, 1, 0);
REPLACE INTO `creature_loot_template` (`entry`, `item`, `ChanceOrQuestChance`, `groupid`, `mincountOrRef`, `maxcount`, `condition_id`) VALUES (61889, 30048, 2.5, 0, -30048, 1, 0);
REPLACE INTO `creature_loot_template` (`entry`, `item`, `ChanceOrQuestChance`, `groupid`, `mincountOrRef`, `maxcount`, `condition_id`) VALUES (61889, 8952, 4.6706, 0, 1, 1, 0);
REPLACE INTO `creature_loot_template` (`entry`, `item`, `ChanceOrQuestChance`, `groupid`, `mincountOrRef`, `maxcount`, `condition_id`) VALUES (61889, 14047, 35.657, 0, 1, 3, 0);

-- Ember Talon Flamespeaker
set @creature_entry = 61893;
set @description = ': Ember Talon Flamespeaker';
set @spell_list_id = 180296;

set @spellid_1 = 44028; -- Embernova
set @probability_1 = 100;
set @casttarget_1 = 1;
set @castflags_1 = 4;
set @delayinitialmin_1 = 2;
set @delayinitialmax_1 = 2;
set @delayrepeatmin_1 = 12;
set @delayrepeatmax_1 = 15;

set @spellid_2 = 44027; -- Curse of Ember
set @probability_2 = 100;
set @casttarget_2 = 1;
set @castflags_2 = 4;
set @delayinitialmin_2 = 0;
set @delayinitialmax_2 = 0;
set @delayrepeatmin_2 = 25;
set @delayrepeatmax_2 = 25;

set @spellid_3 = 0;
set @probability_3 = 0;
set @casttarget_3 = 0;
set @castflags_3 = 0;
set @delayinitialmin_3 = 0;
set @delayinitialmax_3 = 0;
set @delayrepeatmin_3 = 0;
set @delayrepeatmax_3 = 0;

set @spellid_4 = 0;
set @probability_4 = 0;
set @casttarget_4 = 0;
set @castflags_4 = 0;
set @delayinitialmin_4 = 0;
set @delayinitialmax_4 = 0;
set @delayrepeatmin_4 = 0;
set @delayrepeatmax_4 = 0;

set @spellid_5 = 0;
set @probability_5 = 0;
set @casttarget_5 = 0;
set @castflags_5 = 0;
set @delayinitialmin_5 = 0;
set @delayinitialmax_5 = 0;
set @delayrepeatmin_5 = 0;
set @delayrepeatmax_5 = 0;

set @spellid_6 = 0;
set @probability_6 = 0;
set @casttarget_6 = 0;
set @castflags_6 = 0;
set @delayinitialmin_6 = 0;
set @delayinitialmax_6 = 0;
set @delayrepeatmin_6 = 0;
set @delayrepeatmax_6 = 0;

set @spellid_7 = 0;
set @probability_7 = 0;
set @casttarget_7 = 0;
set @castflags_7 = 0;
set @delayinitialmin_7 = 0;
set @delayinitialmax_7 = 0;
set @delayrepeatmin_7 = 0;
set @delayrepeatmax_7 = 0;

set @spellid_8 = 0;
set @probability_8 = 0;
set @casttarget_8 = 0;
set @castflags_8 = 0;
set @delayinitialmin_8 = 0;
set @delayinitialmax_8 = 0;
set @delayrepeatmin_8 = 0;
set @delayrepeatmax_8 = 0;

-- Do not touch this part:
update creature_template set spell_list_id = @spell_list_id, ai_name = '', script_name = '', spell_id1 = 0, spell_id2 = 0, spell_id3 = 0 
where entry = @creature_entry;
replace into creature_spells (entry, name, 
spellid_1, probability_1, casttarget_1, castflags_1, delayinitialmin_1, delayinitialmax_1, delayrepeatmin_1, delayrepeatmax_1, 
spellid_2, probability_2, casttarget_2, castflags_2, delayinitialmin_2, delayinitialmax_2, delayrepeatmin_2, delayrepeatmax_2, 
spellid_3, probability_3, casttarget_3, castflags_3, delayinitialmin_3, delayinitialmax_3, delayrepeatmin_3, delayrepeatmax_3, 
spellid_4, probability_4, casttarget_4, castflags_4, delayinitialmin_4, delayinitialmax_4, delayrepeatmin_4, delayrepeatmax_4, 
spellid_5, probability_5, casttarget_5, castflags_5, delayinitialmin_5, delayinitialmax_5, delayrepeatmin_5, delayrepeatmax_5, 
spellid_6, probability_6, casttarget_6, castflags_6, delayinitialmin_6, delayinitialmax_6, delayrepeatmin_6, delayrepeatmax_6, 
spellid_7, probability_7, casttarget_7, castflags_7, delayinitialmin_7, delayinitialmax_7, delayrepeatmin_7, delayrepeatmax_7, 
spellid_8, probability_8, casttarget_8, castflags_8, delayinitialmin_8, delayinitialmax_8, delayrepeatmin_8, delayrepeatmax_8) 
values (@spell_list_id, @description,
@spellid_1, @probability_1, @casttarget_1, @castflags_1, @delayinitialmin_1, @delayinitialmax_1, @delayrepeatmin_1, @delayrepeatmax_1,
@spellid_2, @probability_2, @casttarget_2, @castflags_2, @delayinitialmin_2, @delayinitialmax_2, @delayrepeatmin_2, @delayrepeatmax_2,
@spellid_3, @probability_3, @casttarget_3, @castflags_3, @delayinitialmin_3, @delayinitialmax_3, @delayrepeatmin_3, @delayrepeatmax_3,
@spellid_4, @probability_4, @casttarget_4, @castflags_4, @delayinitialmin_4, @delayinitialmax_4, @delayrepeatmin_4, @delayrepeatmax_4,
@spellid_5, @probability_5, @casttarget_5, @castflags_5, @delayinitialmin_5, @delayinitialmax_5, @delayrepeatmin_5, @delayrepeatmax_5,
@spellid_6, @probability_6, @casttarget_6, @castflags_6, @delayinitialmin_6, @delayinitialmax_6, @delayrepeatmin_6, @delayrepeatmax_6,
@spellid_7, @probability_7, @casttarget_7, @castflags_7, @delayinitialmin_7, @delayinitialmax_7, @delayrepeatmin_7, @delayrepeatmax_7,
@spellid_8, @probability_8, @casttarget_8, @castflags_8, @delayinitialmin_8, @delayinitialmax_8, @delayrepeatmin_8, @delayrepeatmax_8);

-- Ember Talon Runebreaker
set @creature_entry = 61892;
set @description = ': Ember Talon Runebreaker';
set @spell_list_id = 180295;

set @spellid_1 = 44031; -- Draconic Binding Rune
set @probability_1 = 100;
set @casttarget_1 = 4;
set @castflags_1 = 4;
set @delayinitialmin_1 = 0;
set @delayinitialmax_1 = 0;
set @delayrepeatmin_1 = 2;
set @delayrepeatmax_1 = 6;

set @spellid_2 = 44032; -- Draconic Burning Rune
set @probability_2 = 100;
set @casttarget_2 = 4;
set @castflags_2 = 4;
set @delayinitialmin_2 = 2;
set @delayinitialmax_2 = 2;
set @delayrepeatmin_2 = 5;
set @delayrepeatmax_2 = 10;

set @spellid_3 = 0;
set @probability_3 = 0;
set @casttarget_3 = 0;
set @castflags_3 = 0;
set @delayinitialmin_3 = 0;
set @delayinitialmax_3 = 0;
set @delayrepeatmin_3 = 0;
set @delayrepeatmax_3 = 0;

set @spellid_4 = 0;
set @probability_4 = 0;
set @casttarget_4 = 0;
set @castflags_4 = 0;
set @delayinitialmin_4 = 0;
set @delayinitialmax_4 = 0;
set @delayrepeatmin_4 = 0;
set @delayrepeatmax_4 = 0;

set @spellid_5 = 0;
set @probability_5 = 0;
set @casttarget_5 = 0;
set @castflags_5 = 0;
set @delayinitialmin_5 = 0;
set @delayinitialmax_5 = 0;
set @delayrepeatmin_5 = 0;
set @delayrepeatmax_5 = 0;

set @spellid_6 = 0;
set @probability_6 = 0;
set @casttarget_6 = 0;
set @castflags_6 = 0;
set @delayinitialmin_6 = 0;
set @delayinitialmax_6 = 0;
set @delayrepeatmin_6 = 0;
set @delayrepeatmax_6 = 0;

set @spellid_7 = 0;
set @probability_7 = 0;
set @casttarget_7 = 0;
set @castflags_7 = 0;
set @delayinitialmin_7 = 0;
set @delayinitialmax_7 = 0;
set @delayrepeatmin_7 = 0;
set @delayrepeatmax_7 = 0;

set @spellid_8 = 0;
set @probability_8 = 0;
set @casttarget_8 = 0;
set @castflags_8 = 0;
set @delayinitialmin_8 = 0;
set @delayinitialmax_8 = 0;
set @delayrepeatmin_8 = 0;
set @delayrepeatmax_8 = 0;

-- Do not touch this part:
update creature_template set spell_list_id = @spell_list_id, ai_name = '', script_name = '', spell_id1 = 0, spell_id2 = 0, spell_id3 = 0 
where entry = @creature_entry;
replace into creature_spells (entry, name, 
spellid_1, probability_1, casttarget_1, castflags_1, delayinitialmin_1, delayinitialmax_1, delayrepeatmin_1, delayrepeatmax_1, 
spellid_2, probability_2, casttarget_2, castflags_2, delayinitialmin_2, delayinitialmax_2, delayrepeatmin_2, delayrepeatmax_2, 
spellid_3, probability_3, casttarget_3, castflags_3, delayinitialmin_3, delayinitialmax_3, delayrepeatmin_3, delayrepeatmax_3, 
spellid_4, probability_4, casttarget_4, castflags_4, delayinitialmin_4, delayinitialmax_4, delayrepeatmin_4, delayrepeatmax_4, 
spellid_5, probability_5, casttarget_5, castflags_5, delayinitialmin_5, delayinitialmax_5, delayrepeatmin_5, delayrepeatmax_5, 
spellid_6, probability_6, casttarget_6, castflags_6, delayinitialmin_6, delayinitialmax_6, delayrepeatmin_6, delayrepeatmax_6, 
spellid_7, probability_7, casttarget_7, castflags_7, delayinitialmin_7, delayinitialmax_7, delayrepeatmin_7, delayrepeatmax_7, 
spellid_8, probability_8, casttarget_8, castflags_8, delayinitialmin_8, delayinitialmax_8, delayrepeatmin_8, delayrepeatmax_8) 
values (@spell_list_id, @description,
@spellid_1, @probability_1, @casttarget_1, @castflags_1, @delayinitialmin_1, @delayinitialmax_1, @delayrepeatmin_1, @delayrepeatmax_1,
@spellid_2, @probability_2, @casttarget_2, @castflags_2, @delayinitialmin_2, @delayinitialmax_2, @delayrepeatmin_2, @delayrepeatmax_2,
@spellid_3, @probability_3, @casttarget_3, @castflags_3, @delayinitialmin_3, @delayinitialmax_3, @delayrepeatmin_3, @delayrepeatmax_3,
@spellid_4, @probability_4, @casttarget_4, @castflags_4, @delayinitialmin_4, @delayinitialmax_4, @delayrepeatmin_4, @delayrepeatmax_4,
@spellid_5, @probability_5, @casttarget_5, @castflags_5, @delayinitialmin_5, @delayinitialmax_5, @delayrepeatmin_5, @delayrepeatmax_5,
@spellid_6, @probability_6, @casttarget_6, @castflags_6, @delayinitialmin_6, @delayinitialmax_6, @delayrepeatmin_6, @delayrepeatmax_6,
@spellid_7, @probability_7, @casttarget_7, @castflags_7, @delayinitialmin_7, @delayinitialmax_7, @delayrepeatmin_7, @delayrepeatmax_7,
@spellid_8, @probability_8, @casttarget_8, @castflags_8, @delayinitialmin_8, @delayinitialmax_8, @delayrepeatmin_8, @delayrepeatmax_8);

-- Ember Talon Drake
set @creature_entry = 61891;
set @description = ': Ember Talon Drake';
set @spell_list_id = 180294;

set @spellid_1 = 23461; -- Flame Breath
set @probability_1 = 100;
set @casttarget_1 = 1;
set @castflags_1 = 4;
set @delayinitialmin_1 = 2;
set @delayinitialmax_1 = 2;
set @delayrepeatmin_1 = 12;
set @delayrepeatmax_1 = 20;

set @spellid_2 = 44026; -- Compounding Flame
set @probability_2 = 100;
set @casttarget_2 = 1;
set @castflags_2 = 4;
set @delayinitialmin_2 = 0;
set @delayinitialmax_2 = 0;
set @delayrepeatmin_2 = 2;
set @delayrepeatmax_2 = 2;

set @spellid_3 = 0;
set @probability_3 = 0;
set @casttarget_3 = 0;
set @castflags_3 = 0;
set @delayinitialmin_3 = 0;
set @delayinitialmax_3 = 0;
set @delayrepeatmin_3 = 0;
set @delayrepeatmax_3 = 0;

set @spellid_4 = 0;
set @probability_4 = 0;
set @casttarget_4 = 0;
set @castflags_4 = 0;
set @delayinitialmin_4 = 0;
set @delayinitialmax_4 = 0;
set @delayrepeatmin_4 = 0;
set @delayrepeatmax_4 = 0;

set @spellid_5 = 0;
set @probability_5 = 0;
set @casttarget_5 = 0;
set @castflags_5 = 0;
set @delayinitialmin_5 = 0;
set @delayinitialmax_5 = 0;
set @delayrepeatmin_5 = 0;
set @delayrepeatmax_5 = 0;

set @spellid_6 = 0;
set @probability_6 = 0;
set @casttarget_6 = 0;
set @castflags_6 = 0;
set @delayinitialmin_6 = 0;
set @delayinitialmax_6 = 0;
set @delayrepeatmin_6 = 0;
set @delayrepeatmax_6 = 0;

set @spellid_7 = 0;
set @probability_7 = 0;
set @casttarget_7 = 0;
set @castflags_7 = 0;
set @delayinitialmin_7 = 0;
set @delayinitialmax_7 = 0;
set @delayrepeatmin_7 = 0;
set @delayrepeatmax_7 = 0;

set @spellid_8 = 0;
set @probability_8 = 0;
set @casttarget_8 = 0;
set @castflags_8 = 0;
set @delayinitialmin_8 = 0;
set @delayinitialmax_8 = 0;
set @delayrepeatmin_8 = 0;
set @delayrepeatmax_8 = 0;

-- Do not touch this part:
update creature_template set spell_list_id = @spell_list_id, ai_name = '', script_name = '', spell_id1 = 0, spell_id2 = 0, spell_id3 = 0 
where entry = @creature_entry;
replace into creature_spells (entry, name, 
spellid_1, probability_1, casttarget_1, castflags_1, delayinitialmin_1, delayinitialmax_1, delayrepeatmin_1, delayrepeatmax_1, 
spellid_2, probability_2, casttarget_2, castflags_2, delayinitialmin_2, delayinitialmax_2, delayrepeatmin_2, delayrepeatmax_2, 
spellid_3, probability_3, casttarget_3, castflags_3, delayinitialmin_3, delayinitialmax_3, delayrepeatmin_3, delayrepeatmax_3, 
spellid_4, probability_4, casttarget_4, castflags_4, delayinitialmin_4, delayinitialmax_4, delayrepeatmin_4, delayrepeatmax_4, 
spellid_5, probability_5, casttarget_5, castflags_5, delayinitialmin_5, delayinitialmax_5, delayrepeatmin_5, delayrepeatmax_5, 
spellid_6, probability_6, casttarget_6, castflags_6, delayinitialmin_6, delayinitialmax_6, delayrepeatmin_6, delayrepeatmax_6, 
spellid_7, probability_7, casttarget_7, castflags_7, delayinitialmin_7, delayinitialmax_7, delayrepeatmin_7, delayrepeatmax_7, 
spellid_8, probability_8, casttarget_8, castflags_8, delayinitialmin_8, delayinitialmax_8, delayrepeatmin_8, delayrepeatmax_8) 
values (@spell_list_id, @description,
@spellid_1, @probability_1, @casttarget_1, @castflags_1, @delayinitialmin_1, @delayinitialmax_1, @delayrepeatmin_1, @delayrepeatmax_1,
@spellid_2, @probability_2, @casttarget_2, @castflags_2, @delayinitialmin_2, @delayinitialmax_2, @delayrepeatmin_2, @delayrepeatmax_2,
@spellid_3, @probability_3, @casttarget_3, @castflags_3, @delayinitialmin_3, @delayinitialmax_3, @delayrepeatmin_3, @delayrepeatmax_3,
@spellid_4, @probability_4, @casttarget_4, @castflags_4, @delayinitialmin_4, @delayinitialmax_4, @delayrepeatmin_4, @delayrepeatmax_4,
@spellid_5, @probability_5, @casttarget_5, @castflags_5, @delayinitialmin_5, @delayinitialmax_5, @delayrepeatmin_5, @delayrepeatmax_5,
@spellid_6, @probability_6, @casttarget_6, @castflags_6, @delayinitialmin_6, @delayinitialmax_6, @delayrepeatmin_6, @delayrepeatmax_6,
@spellid_7, @probability_7, @casttarget_7, @castflags_7, @delayinitialmin_7, @delayinitialmax_7, @delayrepeatmin_7, @delayrepeatmax_7,
@spellid_8, @probability_8, @casttarget_8, @castflags_8, @delayinitialmin_8, @delayinitialmax_8, @delayrepeatmin_8, @delayrepeatmax_8);

-- Ember Talon Whelp
set @creature_entry = 61890;
set @description = ': Ember Talon Whelp';
set @spell_list_id = 180293;

set @spellid_1 = 25306; -- Fireball
set @probability_1 = 100;
set @casttarget_1 = 4;
set @castflags_1 = 4;
set @delayinitialmin_1 = 0;
set @delayinitialmax_1 = 0;
set @delayrepeatmin_1 = 8;
set @delayrepeatmax_1 = 8;

set @spellid_2 = 0;
set @probability_2 = 0;
set @casttarget_2 = 0;
set @castflags_2 = 0;
set @delayinitialmin_2 = 0;
set @delayinitialmax_2 = 0;
set @delayrepeatmin_2 = 0;
set @delayrepeatmax_2 = 0;

set @spellid_3 = 0;
set @probability_3 = 0;
set @casttarget_3 = 0;
set @castflags_3 = 0;
set @delayinitialmin_3 = 0;
set @delayinitialmax_3 = 0;
set @delayrepeatmin_3 = 0;
set @delayrepeatmax_3 = 0;

set @spellid_4 = 0;
set @probability_4 = 0;
set @casttarget_4 = 0;
set @castflags_4 = 0;
set @delayinitialmin_4 = 0;
set @delayinitialmax_4 = 0;
set @delayrepeatmin_4 = 0;
set @delayrepeatmax_4 = 0;

set @spellid_5 = 0;
set @probability_5 = 0;
set @casttarget_5 = 0;
set @castflags_5 = 0;
set @delayinitialmin_5 = 0;
set @delayinitialmax_5 = 0;
set @delayrepeatmin_5 = 0;
set @delayrepeatmax_5 = 0;

set @spellid_6 = 0;
set @probability_6 = 0;
set @casttarget_6 = 0;
set @castflags_6 = 0;
set @delayinitialmin_6 = 0;
set @delayinitialmax_6 = 0;
set @delayrepeatmin_6 = 0;
set @delayrepeatmax_6 = 0;

set @spellid_7 = 0;
set @probability_7 = 0;
set @casttarget_7 = 0;
set @castflags_7 = 0;
set @delayinitialmin_7 = 0;
set @delayinitialmax_7 = 0;
set @delayrepeatmin_7 = 0;
set @delayrepeatmax_7 = 0;

set @spellid_8 = 0;
set @probability_8 = 0;
set @casttarget_8 = 0;
set @castflags_8 = 0;
set @delayinitialmin_8 = 0;
set @delayinitialmax_8 = 0;
set @delayrepeatmin_8 = 0;
set @delayrepeatmax_8 = 0;

-- Do not touch this part:
update creature_template set spell_list_id = @spell_list_id, ai_name = '', script_name = '', spell_id1 = 0, spell_id2 = 0, spell_id3 = 0 
where entry = @creature_entry;
replace into creature_spells (entry, name, 
spellid_1, probability_1, casttarget_1, castflags_1, delayinitialmin_1, delayinitialmax_1, delayrepeatmin_1, delayrepeatmax_1, 
spellid_2, probability_2, casttarget_2, castflags_2, delayinitialmin_2, delayinitialmax_2, delayrepeatmin_2, delayrepeatmax_2, 
spellid_3, probability_3, casttarget_3, castflags_3, delayinitialmin_3, delayinitialmax_3, delayrepeatmin_3, delayrepeatmax_3, 
spellid_4, probability_4, casttarget_4, castflags_4, delayinitialmin_4, delayinitialmax_4, delayrepeatmin_4, delayrepeatmax_4, 
spellid_5, probability_5, casttarget_5, castflags_5, delayinitialmin_5, delayinitialmax_5, delayrepeatmin_5, delayrepeatmax_5, 
spellid_6, probability_6, casttarget_6, castflags_6, delayinitialmin_6, delayinitialmax_6, delayrepeatmin_6, delayrepeatmax_6, 
spellid_7, probability_7, casttarget_7, castflags_7, delayinitialmin_7, delayinitialmax_7, delayrepeatmin_7, delayrepeatmax_7, 
spellid_8, probability_8, casttarget_8, castflags_8, delayinitialmin_8, delayinitialmax_8, delayrepeatmin_8, delayrepeatmax_8) 
values (@spell_list_id, @description,
@spellid_1, @probability_1, @casttarget_1, @castflags_1, @delayinitialmin_1, @delayinitialmax_1, @delayrepeatmin_1, @delayrepeatmax_1,
@spellid_2, @probability_2, @casttarget_2, @castflags_2, @delayinitialmin_2, @delayinitialmax_2, @delayrepeatmin_2, @delayrepeatmax_2,
@spellid_3, @probability_3, @casttarget_3, @castflags_3, @delayinitialmin_3, @delayinitialmax_3, @delayrepeatmin_3, @delayrepeatmax_3,
@spellid_4, @probability_4, @casttarget_4, @castflags_4, @delayinitialmin_4, @delayinitialmax_4, @delayrepeatmin_4, @delayrepeatmax_4,
@spellid_5, @probability_5, @casttarget_5, @castflags_5, @delayinitialmin_5, @delayinitialmax_5, @delayrepeatmin_5, @delayrepeatmax_5,
@spellid_6, @probability_6, @casttarget_6, @castflags_6, @delayinitialmin_6, @delayinitialmax_6, @delayrepeatmin_6, @delayrepeatmax_6,
@spellid_7, @probability_7, @casttarget_7, @castflags_7, @delayinitialmin_7, @delayinitialmax_7, @delayrepeatmin_7, @delayrepeatmax_7,
@spellid_8, @probability_8, @casttarget_8, @castflags_8, @delayinitialmin_8, @delayinitialmax_8, @delayrepeatmin_8, @delayrepeatmax_8);

-- Dragonmaw Mindslave
set @creature_entry = 61889;
set @description = ': Dragonmaw Mindslave';
set @spell_list_id = 180292;

set @spellid_1 = 15620; -- Shoot
set @probability_1 = 100;
set @casttarget_1 = 1;
set @castflags_1 = 8;
set @delayinitialmin_1 = 0;
set @delayinitialmax_1 = 0;
set @delayrepeatmin_1 = 1;
set @delayrepeatmax_1 = 8;

set @spellid_2 = 15609; -- Hooked Net
set @probability_2 = 100;
set @casttarget_2 = 1;
set @castflags_2 = 4;
set @delayinitialmin_2 = 2;
set @delayinitialmax_2 = 2;
set @delayrepeatmin_2 = 10;
set @delayrepeatmax_2 = 30;

set @spellid_3 = 0;
set @probability_3 = 0;
set @casttarget_3 = 0;
set @castflags_3 = 0;
set @delayinitialmin_3 = 0;
set @delayinitialmax_3 = 0;
set @delayrepeatmin_3 = 0;
set @delayrepeatmax_3 = 0;

set @spellid_4 = 0;
set @probability_4 = 0;
set @casttarget_4 = 0;
set @castflags_4 = 0;
set @delayinitialmin_4 = 0;
set @delayinitialmax_4 = 0;
set @delayrepeatmin_4 = 0;
set @delayrepeatmax_4 = 0;

set @spellid_5 = 0;
set @probability_5 = 0;
set @casttarget_5 = 0;
set @castflags_5 = 0;
set @delayinitialmin_5 = 0;
set @delayinitialmax_5 = 0;
set @delayrepeatmin_5 = 0;
set @delayrepeatmax_5 = 0;

set @spellid_6 = 0;
set @probability_6 = 0;
set @casttarget_6 = 0;
set @castflags_6 = 0;
set @delayinitialmin_6 = 0;
set @delayinitialmax_6 = 0;
set @delayrepeatmin_6 = 0;
set @delayrepeatmax_6 = 0;

set @spellid_7 = 0;
set @probability_7 = 0;
set @casttarget_7 = 0;
set @castflags_7 = 0;
set @delayinitialmin_7 = 0;
set @delayinitialmax_7 = 0;
set @delayrepeatmin_7 = 0;
set @delayrepeatmax_7 = 0;

set @spellid_8 = 0;
set @probability_8 = 0;
set @casttarget_8 = 0;
set @castflags_8 = 0;
set @delayinitialmin_8 = 0;
set @delayinitialmax_8 = 0;
set @delayrepeatmin_8 = 0;
set @delayrepeatmax_8 = 0;

-- Do not touch this part:
update creature_template set spell_list_id = @spell_list_id, ai_name = '', script_name = '', spell_id1 = 0, spell_id2 = 0, spell_id3 = 0 
where entry = @creature_entry;
replace into creature_spells (entry, name, 
spellid_1, probability_1, casttarget_1, castflags_1, delayinitialmin_1, delayinitialmax_1, delayrepeatmin_1, delayrepeatmax_1, 
spellid_2, probability_2, casttarget_2, castflags_2, delayinitialmin_2, delayinitialmax_2, delayrepeatmin_2, delayrepeatmax_2, 
spellid_3, probability_3, casttarget_3, castflags_3, delayinitialmin_3, delayinitialmax_3, delayrepeatmin_3, delayrepeatmax_3, 
spellid_4, probability_4, casttarget_4, castflags_4, delayinitialmin_4, delayinitialmax_4, delayrepeatmin_4, delayrepeatmax_4, 
spellid_5, probability_5, casttarget_5, castflags_5, delayinitialmin_5, delayinitialmax_5, delayrepeatmin_5, delayrepeatmax_5, 
spellid_6, probability_6, casttarget_6, castflags_6, delayinitialmin_6, delayinitialmax_6, delayrepeatmin_6, delayrepeatmax_6, 
spellid_7, probability_7, casttarget_7, castflags_7, delayinitialmin_7, delayinitialmax_7, delayrepeatmin_7, delayrepeatmax_7, 
spellid_8, probability_8, casttarget_8, castflags_8, delayinitialmin_8, delayinitialmax_8, delayrepeatmin_8, delayrepeatmax_8) 
values (@spell_list_id, @description,
@spellid_1, @probability_1, @casttarget_1, @castflags_1, @delayinitialmin_1, @delayinitialmax_1, @delayrepeatmin_1, @delayrepeatmax_1,
@spellid_2, @probability_2, @casttarget_2, @castflags_2, @delayinitialmin_2, @delayinitialmax_2, @delayrepeatmin_2, @delayrepeatmax_2,
@spellid_3, @probability_3, @casttarget_3, @castflags_3, @delayinitialmin_3, @delayinitialmax_3, @delayrepeatmin_3, @delayrepeatmax_3,
@spellid_4, @probability_4, @casttarget_4, @castflags_4, @delayinitialmin_4, @delayinitialmax_4, @delayrepeatmin_4, @delayrepeatmax_4,
@spellid_5, @probability_5, @casttarget_5, @castflags_5, @delayinitialmin_5, @delayinitialmax_5, @delayrepeatmin_5, @delayrepeatmax_5,
@spellid_6, @probability_6, @casttarget_6, @castflags_6, @delayinitialmin_6, @delayinitialmax_6, @delayrepeatmin_6, @delayrepeatmax_6,
@spellid_7, @probability_7, @casttarget_7, @castflags_7, @delayinitialmin_7, @delayinitialmax_7, @delayrepeatmin_7, @delayrepeatmax_7,
@spellid_8, @probability_8, @casttarget_8, @castflags_8, @delayinitialmin_8, @delayinitialmax_8, @delayrepeatmin_8, @delayrepeatmax_8);

-- Quest Thalassian Goulash:
-- Change short objective to: Gather 6 Forest Hawkstrider Legs and 8 Lynx Steaks for Dalicia Sweetsilver in Brinthillien.
update quest_template set objectives = 'Gather 6 Forest Hawkstrider Legs and 8 Lynx Steaks for Dalicia Sweetsilver in Brinthillien.' where entry = 41190;
-- Change required items to 6 Forest Hawkstrider Leg and 8 Lynx Steak.
update quest_template set ReqItemCount1 = 6, ReqItemCount2 = 8 where entry = 41190;
-- Lynx Steak drop from Young Crimson Lynx, Crimson Lynx at 90%
delete from creature_loot_template where entry = 61693 and item = 41120;
delete from creature_loot_template where entry = 61691 and item = 41119;
delete from creature_loot_template where entry = 61690 and item = 41120;
replace INTO `creature_loot_template` (`entry`, `item`, `ChanceOrQuestChance`, `groupid`, `mincountOrRef`, `maxcount`, `condition_id`) VALUES
(61690, 41120, -90, 0, 1, 1, 0),
(61693, 41120, -90, 0, 1, 1, 0);
-- Forest Hawkstrider Legs drop from Forest Hawkstrider at 90%
replace INTO `creature_loot_template` (`entry`, `item`, `ChanceOrQuestChance`, `groupid`, `mincountOrRef`, `maxcount`, `condition_id`) VALUES
(61691, 41119, -90, 0, 1, 1, 0);

-- Quest The Highland Menace:
-- Change short objective to: Bring 10 Bright Lynx Furs to Maelor Steelguard in the Thaumarium.
update quest_template set objectives = 'Bring 10 Bright Lynx Furs to Maelor Steelguard in the Thaumarium.' where entry = 41216;
-- Change completion to: One, two, three... and a score of ten! Remarkable work. With such diligence, the hills will soon be secure for our laborers to resume their work without fear.
update quest_template set offerrewardtext = 'One, two, three... and a score of ten! Remarkable work. With such diligence, the hills will soon be secure for our laborers to resume their work without fear.' where entry = 41216;
-- Change required items to: 10 Bright Lynx Fur.
update quest_template set ReqItemCount1 = 10 where entry = 41216;

-- Thalassian Highlands npc spawn timers:
update creature set spawntimesecsmin = 300, spawntimesecsmax = 300 where id = 61689;
update creature set spawntimesecsmin = 300, spawntimesecsmax = 300 where id = 61690;
update creature set spawntimesecsmin = 300, spawntimesecsmax = 300 where id = 61691;
update creature set spawntimesecsmin = 300, spawntimesecsmax = 300 where id = 61692;
update creature set spawntimesecsmin = 300, spawntimesecsmax = 300 where id = 61693;
update creature set spawntimesecsmin = 300, spawntimesecsmax = 300 where id = 61694;
update creature set spawntimesecsmin = 300, spawntimesecsmax = 300 where id = 61695;
update creature set spawntimesecsmin = 300, spawntimesecsmax = 300 where id = 61696;
update creature set spawntimesecsmin = 300, spawntimesecsmax = 300 where id = 61697;
update creature set spawntimesecsmin = 300, spawntimesecsmax = 300 where id = 61698;
update creature set spawntimesecsmin = 300, spawntimesecsmax = 300 where id = 61699;
update creature set spawntimesecsmin = 300, spawntimesecsmax = 300 where id = 61700;
update creature set spawntimesecsmin = 300, spawntimesecsmax = 300 where id = 61701;
update creature set spawntimesecsmin = 300, spawntimesecsmax = 300 where id = 61702;
update creature set spawntimesecsmin = 300, spawntimesecsmax = 300 where id = 61703;
update creature set spawntimesecsmin = 300, spawntimesecsmax = 300 where id = 61704;
update creature set spawntimesecsmin = 300, spawntimesecsmax = 300 where id = 61705;
update creature set spawntimesecsmin = 300, spawntimesecsmax = 300 where id = 61706;
update creature set spawntimesecsmin = 300, spawntimesecsmax = 300 where id = 61707;
update creature set spawntimesecsmin = 300, spawntimesecsmax = 300 where id = 61708;
update creature set spawntimesecsmin = 300, spawntimesecsmax = 300 where id = 61709;
update creature set spawntimesecsmin = 300, spawntimesecsmax = 300 where id = 61710;
update creature set spawntimesecsmin = 300, spawntimesecsmax = 300 where id = 61711;
update creature set spawntimesecsmin = 300, spawntimesecsmax = 300 where id = 61712;
update creature set spawntimesecsmin = 300, spawntimesecsmax = 300 where id = 61713;
update creature set spawntimesecsmin = 300, spawntimesecsmax = 300 where id = 61714;
update creature set spawntimesecsmin = 300, spawntimesecsmax = 300 where id = 61715;
update creature set spawntimesecsmin = 300, spawntimesecsmax = 300 where id = 61716;
update creature set spawntimesecsmin = 300, spawntimesecsmax = 300 where id = 61717;
update creature set spawntimesecsmin = 300, spawntimesecsmax = 300 where id = 61718;
update creature set spawntimesecsmin = 300, spawntimesecsmax = 300 where id = 61719;
update creature set spawntimesecsmin = 300, spawntimesecsmax = 300 where id = 61774;
update creature set spawntimesecsmin = 300, spawntimesecsmax = 300 where id = 61775;
update creature set spawntimesecsmin = 300, spawntimesecsmax = 300 where id = 61776;
update creature set spawntimesecsmin = 300, spawntimesecsmax = 300 where id = 61777;
update creature set spawntimesecsmin = 300, spawntimesecsmax = 300 where id = 61778;
update creature set spawntimesecsmin = 300, spawntimesecsmax = 300 where id = 61779;
update creature set spawntimesecsmin = 300, spawntimesecsmax = 300 where id = 61780;
update creature set spawntimesecsmin = 300, spawntimesecsmax = 300 where id = 61781;
update creature set spawntimesecsmin = 300, spawntimesecsmax = 300 where id = 61782;
update creature set spawntimesecsmin = 300, spawntimesecsmax = 300 where id = 61783;
update creature set spawntimesecsmin = 300, spawntimesecsmax = 300 where id = 61784;
update creature set spawntimesecsmin = 300, spawntimesecsmax = 300 where id = 61785;
update creature set spawntimesecsmin = 300, spawntimesecsmax = 300 where id = 61788;
update creature set spawntimesecsmin = 300, spawntimesecsmax = 300 where id = 61786;
update creature set spawntimesecsmin = 300, spawntimesecsmax = 300 where id = 61787;
