-- Broken Cliff Inspection
delete from quest_template where entry = 41209;
replace into quest_template (prevquestid, entry, method, zoneorsort, questlevel, minlevel, questflags, specialflags, title, details, objectives, requestitemstext, offerrewardtext, reqitemid1, reqitemcount1, reqitemid2, reqitemcount2, reqitemid3, reqitemcount3, reqitemid4, reqitemcount4, reqcreatureorgoid1, reqcreatureorgocount1, reqcreatureorgoid2, reqcreatureorgocount2, reqcreatureorgoid3, reqcreatureorgocount3, reqcreatureorgoid4, reqcreatureorgocount4, srcitemid, srcitemcount, reworreqmoney, RewMoneyMaxLevel, rewxp, rewrepfaction1, rewrepvalue1,  rewrepfaction2, rewrepvalue2, rewrepfaction3, rewrepvalue3, rewrepfaction4, rewrepvalue4, rewspell, rewspellcast, completeemote, rewitemid1, rewitemcount1, rewitemid2, rewitemcount2, rewitemid3, rewitemcount3, rewitemid4, rewitemcount4, rewchoiceitemid1, rewchoiceitemcount1, rewchoiceitemid2, rewchoiceitemcount2, rewchoiceitemid3, rewchoiceitemcount3, rewchoiceitemid4, rewchoiceitemcount4,requiredminrepfaction,requiredminrepvalue,objectivetext1) values (0,41209,2,406,23,16,0,0,'Broken Cliff Inspection','The Venture Company has been very active in Stonetalon. Eroding the natural beauty, and spreading the marks of industry wherever it is that they go. One such location of their exploitation was that of Broken Cliff Mine just to the southeast of here, nestled just west of the pathway up to Stonetalon Peak.$B$BMy sources have told me that it has been overrun by the Deepmoss spiders who have run off and consumed most of the workers there. Nature itself is not to be underestimated, and yet those greedy goblins continue to do so.$B$BI need you to travel to Broken Cliff Mine, and scour the campsites there to find any documents of their plans. Perhaps we can be one step ahead of them next time.','Scour the Broken Cliff Mine and locate any documents for Dalanas Swiftfeather at Stonetalon Peak in Stonetalon Mountains.','So, have you found anything of value?','Hmm...$B$B<Dalanas takes his time looking over the document>$B$BIt would appear most of their efforts have been focused at the Blacksand Oil Fields, but there are potential plans for future developments. You have done well in recovering this from that worksite. Take these coins, as a contribution from us here at Stonetalon Peak.',41143,1,0,0,0,0,0,0, 0,0,0,0,0,0,0,0, 0,0, 500,9900,1650, 1001,100,0,0,0,0,0,0, 0,0,0, 41144,1,0,0,0,0,0,0, 0,0,0,0,0,0,0,0, 0,0,'');

replace into creature_questrelation		(id, quest) values (61887, 41209);
replace into creature_involvedrelation  (id, quest) values (61887, 41209);
update quest_template set requiredraces = 589		 where entry = 41209;

REPLACE INTO creature_template VALUES
(61887, 14755, 0, 0, 0, 0, 'Dalanas Swiftfeather', NULL, 0, 35, 35, 1342, 1342, 0, 0, 1373, 80, 3, 1, 1.14286, 1, 18, 5, 0, 0, 1, 51, 65, 0, 138, 1, 2000, 2000, 1, 0, 0, 0, 0, 0, 0, 0, 51.128, 70.301, 100, 7, 0, 0, 0, 0, 0, 0, 0, 0, 0, 0, 0, 0, 0, 0, 0, 0, 0, NULL, 0, 0, 'EventAI', 0, 3, 0, 0, 3, 0, 0, 0, 0, 0, 0, 0, 0, '');

set @gossip_menu_id = 41594; set @magic_number = 61887;
replace into gossip_menu (entry, text_id, condition_id) VALUES (@gossip_menu_id, @magic_number, '0'); 
replace into broadcast_text (entry, Male_Text) values (@magic_number, 'Stonetalon has always held such natural beauty.');
replace into npc_text (ID, BroadcastTextID0) values (@magic_number, @magic_number);
update creature_template set gossip_menu_id = @gossip_menu_id where entry = @magic_number;

replace into item_template (entry, display_id, name, class, quality, flags, buy_count, allowable_class, allowable_race, item_level, stackable, spellcooldown_1, spellcategorycooldown_1, spellcooldown_2, spellcategorycooldown_2, bonding, description, page_text, material) values
(41143,7601,'Venture Company Documents',12,1,2048,1,-1,-1,1,1,-1,-1,-1,-1,4,'',0,7);

REPLACE INTO gameobject_template VALUES
(2020077, 3, 24106, 'Sealed Venture Crate', 0, 4, 1, 43, 2020077, 0, 1, 0, 0, 0, 0, 0, 0, 0, 0, 0, 0, 0, 0, 0, 0, 0, 0, 0, 0, 0, 0, 0, 0, 0, '');

replace into gameobject_loot_template values
(2020077,41143,-100,0,1,1,0);

-- REPLACE INTO item_template (`entry`, `class`, `subclass`, `name`, `description`, `display_id`, `quality`, `flags`, `buy_count`, `buy_price`, `sell_price`, `inventory_type`, `allowable_class`, `allowable_race`, `item_level`, `required_level`, `required_skill`, `required_skill_rank`, `required_spell`, `required_honor_rank`, `required_city_rank`, `required_reputation_faction`, `required_reputation_rank`, `max_count`, `stackable`, `container_slots`, `stat_type1`, `stat_value1`, `stat_type2`, `stat_value2`, `stat_type3`, `stat_value3`, `stat_type4`, `stat_value4`, `stat_type5`, `stat_value5`, `stat_type6`, `stat_value6`, `stat_type7`, `stat_value7`, `stat_type8`, `stat_value8`, `stat_type9`, `stat_value9`, `stat_type10`, `stat_value10`, `delay`, `range_mod`, `ammo_type`, `dmg_min1`, `dmg_max1`, `dmg_type1`, `dmg_min2`, `dmg_max2`, `dmg_type2`, `dmg_min3`, `dmg_max3`, `dmg_type3`, `dmg_min4`, `dmg_max4`, `dmg_type4`, `dmg_min5`, `dmg_max5`, `dmg_type5`, `block`, `armor`, `holy_res`, `fire_res`, `nature_res`, `frost_res`, `shadow_res`, `arcane_res`, `spellid_1`, `spelltrigger_1`, `spellcharges_1`, `spellppmrate_1`, `spellcooldown_1`, `spellcategory_1`, `spellcategorycooldown_1`, `spellid_2`, `spelltrigger_2`, `spellcharges_2`, `spellppmrate_2`, `spellcooldown_2`, `spellcategory_2`, `spellcategorycooldown_2`, `spellid_3`, `spelltrigger_3`, `spellcharges_3`, `spellppmrate_3`, `spellcooldown_3`, `spellcategory_3`, `spellcategorycooldown_3`, `spellid_4`, `spelltrigger_4`, `spellcharges_4`, `spellppmrate_4`, `spellcooldown_4`, `spellcategory_4`, `spellcategorycooldown_4`, `spellid_5`, `spelltrigger_5`, `spellcharges_5`, `spellppmrate_5`, `spellcooldown_5`, `spellcategory_5`, `spellcategorycooldown_5`, `bonding`, `page_text`, `page_language`, `page_material`, `start_quest`, `lock_id`, `material`, `sheath`, `random_property`, `set_id`, `max_durability`, `area_bound`, `map_bound`, `duration`, `bag_family`, `disenchant_id`, `food_type`, `min_money_loot`, `max_money_loot`, `wrapped_gift`, `extra_flags`, `other_team_entry`, `script_name`) VALUES
 -- ('41144', '4', '0', 'Swiftfeather Ring', '', '9833', '2', '0', '1', '2448', '612', '11', '-1', '-1', '22',
 -- '', '0', '0', '0', '0', '0', '0', '0', '0', '1', '0', '3', '3', '7', '1',
 -- '0', '0', '0', '0', '0', '0', '0', '0', '0', '0', '0', '0', '0', '0', '0', '0', '0', '0',
 -- '0', '0', '0', '0', '0', '0', '0', '0', '0', '0', '0', '0', '0', '0', '0', '0', '0', '0', '0', '0', '0',
 -- '0', '0', '0', '0', '0', '0', '0', '-1', '0', '-1', '0', '0', '0', '0', '-1', '0', '-1', '0', '0',
 -- '0', '0', '-1', '0', '-1', '0', '0', '0', '0', '-1', '0', '-1', '0', '0', '0', '0', '-1', '0',
 -- '-1', '1', '0', '0', '0', '0', '0', '0', '0', '0', '0', '0', '0', '0', '0', '0', '1', '0', '0', '0',
 -- '0', '0', '1', NULL);

-- Durotar Labor Beginnings
delete from quest_template where entry = 41210;
replace into quest_template (prevquestid, entry, method, zoneorsort, questlevel, minlevel, questflags, specialflags, title, details, objectives, requestitemstext, offerrewardtext, reqitemid1, reqitemcount1, reqitemid2, reqitemcount2, reqitemid3, reqitemcount3, reqitemid4, reqitemcount4, reqcreatureorgoid1, reqcreatureorgocount1, reqcreatureorgoid2, reqcreatureorgocount2, reqcreatureorgoid3, reqcreatureorgocount3, reqcreatureorgoid4, reqcreatureorgocount4, srcitemid, srcitemcount, reworreqmoney, RewMoneyMaxLevel, rewxp, rewrepfaction1, rewrepvalue1,  rewrepfaction2, rewrepvalue2, rewrepfaction3, rewrepvalue3, rewrepfaction4, rewrepvalue4, rewspell, rewspellcast, completeemote, rewitemid1, rewitemcount1, rewitemid2, rewitemcount2, rewitemid3, rewitemcount3, rewitemid4, rewitemcount4, rewchoiceitemid1, rewchoiceitemcount1, rewchoiceitemid2, rewchoiceitemcount2, rewchoiceitemid3, rewchoiceitemcount3, rewchoiceitemid4, rewchoiceitemcount4,requiredminrepfaction,requiredminrepvalue,objectivetext1) values (0,41210,2,406,20,17,0,0,'Durotar Labor Beginnings','Why hello there kid, did you know that the Durotar Labor Union started out here in Stonetalon Mountains? Nert Blastentom himself used to work for the Venture Company, only to up and leave.$B$BWhile that makes for a good story it doesn\'t help the fact that Stonetalon itself has become a large hotbed of Venture Co. activity. They\'ve even begun to investigate what exactly happened in that little valley where it all kicked off. The Durotar Labor Union needs to cover our tracks as best as we can and that requires some mercenary work to ensure they don\'t figure anything out. Travel to the Venture Camp just northeast of Powder Town. Leave Powder Town eastward, and then continue north until you find the pathway that heads through the mountains there. Once you\'re there, slay them, and recover Venture Company Evidence, then return to me, simple.','Recover the Venture Company Evidence from the Venture Camp to the northeast of Powder Town and return to Galmo Tazzwrench in Stonetalon Mountains.','So, you have any luck finding anythin\'?','Why, look at this. It seems they did find something after all. It\'s a good thing we snatched it right out from under them.$B$BGood work with the mission mercenary, take some coin as payment for the good work. We Durotar Labor Union members pay for a job well done.',41145,1,0,0,0,0,0,0, 0,0,0,0,0,0,0,0, 0,0, 1225,10500,1750, 1001,250,0,0,0,0,0,0, 0,0,0, 0,0,0,0,0,0,0,0, 0,0,0,0,0,0,0,0, 0,0,'');

replace into creature_questrelation		(id, quest) values (61861, 41210);
replace into creature_involvedrelation  (id, quest) values (61861, 41210);
update quest_template set requiredraces = 589		 where entry = 41210;

replace into item_template (entry, display_id, name, class, quality, flags, buy_count, allowable_class, allowable_race, item_level, stackable, spellcooldown_1, spellcategorycooldown_1, spellcooldown_2, spellcategorycooldown_2, bonding, description, page_text, material) values
(41145,7743,'Venture Company Evidence',12,1,2048,1,-1,-1,1,1,-1,-1,-1,-1,4,'',0,3);

replace into creature_loot_template values
(61855,41145,-33,0,1,1,0),
(61856,41145,-33,0,1,1,0),
(61854,41145,-33,0,1,1,0);

-- Pest Control
delete from quest_template where entry = 41211;
replace into quest_template (prevquestid, entry, method, zoneorsort, questlevel, minlevel, questflags, specialflags, title, details, objectives, requestitemstext, offerrewardtext, reqitemid1, reqitemcount1, reqitemid2, reqitemcount2, reqitemid3, reqitemcount3, reqitemid4, reqitemcount4, reqcreatureorgoid1, reqcreatureorgocount1, reqcreatureorgoid2, reqcreatureorgocount2, reqcreatureorgoid3, reqcreatureorgocount3, reqcreatureorgoid4, reqcreatureorgocount4, srcitemid, srcitemcount, reworreqmoney, RewMoneyMaxLevel, rewxp, rewrepfaction1, rewrepvalue1,  rewrepfaction2, rewrepvalue2, rewrepfaction3, rewrepvalue3, rewrepfaction4, rewrepvalue4, rewspell, rewspellcast, completeemote, rewitemid1, rewitemcount1, rewitemid2, rewitemcount2, rewitemid3, rewitemcount3, rewitemid4, rewitemcount4, rewchoiceitemid1, rewchoiceitemcount1, rewchoiceitemid2, rewchoiceitemcount2, rewchoiceitemid3, rewchoiceitemcount3, rewchoiceitemid4, rewchoiceitemcount4,requiredminrepfaction,requiredminrepvalue,objectivetext1) values (0,41211,2,406,20,17,0,0,'Pest Control','We have received notice from Orgrimmar. The Warchief wishes to use the abandoned mine just before Stonetalon Peak for additional resources that the Horde is in dire need of. Ever since its desolation after the Third War it was used by the Venture Company to mine from, but now the aggressive Deepmoss spiders have taken residence in the mine\'s old tunnels. The Horde cannot reliably gather resources with the mine suffering from infestation.$B$B$n, do your part for the Horde\'s prosperity and cleanse the Broken Cliff Mine of the eight-legged pests. You can find the mine by turning west on the ascension to Stonetalon Peak.','Cull the Deepmoss population within and around the Broken Cliff Mine and return to Maggran Earthbinder in Sun Rock Retreat.','The Deepmoss spiders are a menace to the Stonetalon Mountains. Too often have they ambushed innocent travelers making their way through these treacherous cliffs.','I see you returned, and visibly strengthened by your venture. I take it the mine is cleared? You\'ve done a commendable service to the Horde today. News will be sent to Orgrimmar of your deeds - with resources dwindling more and more, the Warchief will acknowledge your ambitious nature, I am certain of it.',0,0,0,0,0,0,0,0, 61859,14,0,0,0,0,0,0, 0,0, 1225,10500,1750, 81,100,0,0,0,0,0,0, 0,0,0, 0,0,0,0,0,0,0,0, 0,0,0,0,0,0,0,0, 0,0,'');

replace into creature_questrelation		(id, quest) values (11860, 41211);
replace into creature_involvedrelation  (id, quest) values (11860, 41211);
update quest_template set requiredraces = 434		 where entry = 41211;

-- Pest Control
delete from quest_template where entry = 41212;
replace into quest_template (prevquestid, entry, method, zoneorsort, questlevel, minlevel, questflags, specialflags, title, details, objectives, requestitemstext, offerrewardtext, reqitemid1, reqitemcount1, reqitemid2, reqitemcount2, reqitemid3, reqitemcount3, reqitemid4, reqitemcount4, reqcreatureorgoid1, reqcreatureorgocount1, reqcreatureorgoid2, reqcreatureorgocount2, reqcreatureorgoid3, reqcreatureorgocount3, reqcreatureorgoid4, reqcreatureorgocount4, srcitemid, srcitemcount, reworreqmoney, RewMoneyMaxLevel, rewxp, rewrepfaction1, rewrepvalue1,  rewrepfaction2, rewrepvalue2, rewrepfaction3, rewrepvalue3, rewrepfaction4, rewrepvalue4, rewspell, rewspellcast, completeemote, rewitemid1, rewitemcount1, rewitemid2, rewitemcount2, rewitemid3, rewitemcount3, rewitemid4, rewitemcount4, rewchoiceitemid1, rewchoiceitemcount1, rewchoiceitemid2, rewchoiceitemcount2, rewchoiceitemid3, rewchoiceitemcount3, rewchoiceitemid4, rewchoiceitemcount4,requiredminrepfaction,requiredminrepvalue,objectivetext1) values (40698,41212,2,406,20,12,0,0,'Pest Control','If what Faldan said is true - and I trust his words - then this whole ordeal goes further than my initial assumption. While I am sure the Venture Co.\'s violations against nature might not have been the catalyst for the spider\'s change in behaviour, they surely played a vital role in accelerating it. However, to verify this presumption, we need to gather more samples and ultimately, more evidence.$B$BMy brethren on top of Stonetalon Peak report of increasing hostility by the local spiders calling the Broken Cliff Mine their home. From what I can deduct, this is all too similar to what can be observed in the Windshear Crag.$B$B$n, please aid me again by bringing me the spiders\' brains, more this time, eight samples shall be enough. I dare not think of the true reason behind it all - and frankly, I wish to be proven wrong. You can find the mine by turning westwards just before you reach Stonetalon Peak.','Collect 8 Deepmoss Lurker Brains for Maloran Oakbranch at Bael Hardul in Stonetalon Mountains','$n, how does your search for samples fare?','It is as I feared. The same faint breath of foul magic permeates these brains. Yet it may be even stronger within the spiders of the Broken Cliff Mine. I wonder, what may be the reason? Perhaps them living underground is one of the key factors here. I need to convene with Faldan about this and my findings, we have much to discuss.$B$BNevertheless, you helped me greatly in my research. Still, there is much to do to get behind this conundrum, and for the sake of Kalimdor, we have to solve it as quickly as possible.',41146,8,0,0,0,0,0,0, 0,0,0,0,0,0,0,0, 0,0, 0,11100,1850, 69,100,0,0,0,0,0,0, 0,0,0, 0,0,0,0,0,0,0,0, 0,0,0,0,0,0,0,0, 0,0,'');

replace into creature_questrelation		(id, quest) values (60998, 41212);
replace into creature_involvedrelation  (id, quest) values (60998, 41212);
update quest_template set requiredraces = 589		 where entry = 41212;

replace into item_template (entry, display_id, name, class, quality, flags, buy_count, allowable_class, allowable_race, item_level, stackable, spellcooldown_1, spellcategorycooldown_1, spellcooldown_2, spellcategorycooldown_2, bonding, description, page_text, material) values
(41146,10923,'Deepmoss Lurker Brain',12,1,2048,1,-1,-1,1,8,-1,-1,-1,-1,4,'',0,3);

replace into creature_loot_template values
(61859,41146,-40,0,1,1,0);

-- Venture Co. Expansion
delete from quest_template where entry = 41213;
replace into quest_template (prevquestid, entry, method, zoneorsort, questlevel, minlevel, questflags, specialflags, title, details, objectives, requestitemstext, offerrewardtext, reqitemid1, reqitemcount1, reqitemid2, reqitemcount2, reqitemid3, reqitemcount3, reqitemid4, reqitemcount4, reqcreatureorgoid1, reqcreatureorgocount1, reqcreatureorgoid2, reqcreatureorgocount2, reqcreatureorgoid3, reqcreatureorgocount3, reqcreatureorgoid4, reqcreatureorgocount4, srcitemid, srcitemcount, reworreqmoney, RewMoneyMaxLevel, rewxp, rewrepfaction1, rewrepvalue1,  rewrepfaction2, rewrepvalue2, rewrepfaction3, rewrepvalue3, rewrepfaction4, rewrepvalue4, rewspell, rewspellcast, completeemote, rewitemid1, rewitemcount1, rewitemid2, rewitemcount2, rewitemid3, rewitemcount3, rewitemid4, rewitemcount4, rewchoiceitemid1, rewchoiceitemcount1, rewchoiceitemid2, rewchoiceitemcount2, rewchoiceitemid3, rewchoiceitemcount3, rewchoiceitemid4, rewchoiceitemcount4,requiredminrepfaction,requiredminrepvalue,objectivetext1) values (0,41213,2,406,28,20,0,0,'Venture Co. Expansion','Hey, you there, lookin for some coin?$B$BI got a big important job that I need done and need done quick. The Venture Company has continued its expansion in Stonetalon, adding even more of its goons and lackeys to the war on resources. With every pair of boots that they put on the ground we lose influence!$B$BJust to the northeast of here is a little place called the Venture Camp, and its now the hub of some new operation for cutting wood. Led by a well reknowned and cruel overseer named Fazwick Longfuse, and if you come from Kezan his name should resonate well.$B$BIf Powder Town is to survive we must push them out of the Stonetalon Mountains for good, and send a message to not come back! Find that Venture Camp, and kill that Fazwick Longfuse, along with any goons that stand in your way, got it?','Gather 15 Venture Company Armbands and slay Overseer Fazwick Longfuse near the Venture Camp for Security Officer Mort Tozzlefume at Powder Town in Stonetalon Mountains.','Our security depends on your actions, get to it!','Our war with the Venture Co. is one step closer to victory. No thanks to your actions of course. Here, take this, as a thanks from myself.',41147,15,0,0,0,0,0,0, 61860,1,0,0,0,0,0,0, 0,0, 850,12900,2150, 1001,250,0,0,0,0,0,0, 0,0,0, 0,0,0,0,0,0,0,0, 41148,1,41149,1,41150,1,0,0, 0,0,'');

replace into creature_questrelation		(id, quest) values (60970, 41213);
replace into creature_involvedrelation  (id, quest) values (60970, 41213);
update quest_template set requiredraces = 589		 where entry = 41213;

replace into item_template (entry, display_id, name, class, quality, flags, buy_count, allowable_class, allowable_race, item_level, stackable, spellcooldown_1, spellcategorycooldown_1, spellcooldown_2, spellcategorycooldown_2, bonding, description, page_text, material) values
(41147,10301,'Venture Company Armbands',12,1,2048,1,-1,-1,1,15,-1,-1,-1,-1,4,'',0,7);

replace into creature_loot_template values
(61857,41147,-91,0,1,1,0),
(61855,41147,-91,0,1,1,0),
(61858,41147,-91,0,1,1,0),
(61856,41147,-91,0,1,1,0),
(61854,41147,-91,0,1,1,0);

REPLACE INTO item_template (`entry`, `class`, `subclass`, `name`, `description`, `display_id`, `quality`, `flags`, `buy_count`, `buy_price`, `sell_price`, `inventory_type`, `allowable_class`, `allowable_race`, `item_level`, `required_level`, `required_skill`, `required_skill_rank`, `required_spell`, `required_honor_rank`, `required_city_rank`, `required_reputation_faction`, `required_reputation_rank`, `max_count`, `stackable`, `container_slots`, `stat_type1`, `stat_value1`, `stat_type2`, `stat_value2`, `stat_type3`, `stat_value3`, `stat_type4`, `stat_value4`, `stat_type5`, `stat_value5`, `stat_type6`, `stat_value6`, `stat_type7`, `stat_value7`, `stat_type8`, `stat_value8`, `stat_type9`, `stat_value9`, `stat_type10`, `stat_value10`, `delay`, `range_mod`, `ammo_type`, `dmg_min1`, `dmg_max1`, `dmg_type1`, `dmg_min2`, `dmg_max2`, `dmg_type2`, `dmg_min3`, `dmg_max3`, `dmg_type3`, `dmg_min4`, `dmg_max4`, `dmg_type4`, `dmg_min5`, `dmg_max5`, `dmg_type5`, `block`, `armor`, `holy_res`, `fire_res`, `nature_res`, `frost_res`, `shadow_res`, `arcane_res`, `spellid_1`, `spelltrigger_1`, `spellcharges_1`, `spellppmrate_1`, `spellcooldown_1`, `spellcategory_1`, `spellcategorycooldown_1`, `spellid_2`, `spelltrigger_2`, `spellcharges_2`, `spellppmrate_2`, `spellcooldown_2`, `spellcategory_2`, `spellcategorycooldown_2`, `spellid_3`, `spelltrigger_3`, `spellcharges_3`, `spellppmrate_3`, `spellcooldown_3`, `spellcategory_3`, `spellcategorycooldown_3`, `spellid_4`, `spelltrigger_4`, `spellcharges_4`, `spellppmrate_4`, `spellcooldown_4`, `spellcategory_4`, `spellcategorycooldown_4`, `spellid_5`, `spelltrigger_5`, `spellcharges_5`, `spellppmrate_5`, `spellcooldown_5`, `spellcategory_5`, `spellcategorycooldown_5`, `bonding`, `page_text`, `page_language`, `page_material`, `start_quest`, `lock_id`, `material`, `sheath`, `random_property`, `set_id`, `max_durability`, `area_bound`, `map_bound`, `duration`, `bag_family`, `disenchant_id`, `food_type`, `min_money_loot`, `max_money_loot`, `wrapped_gift`, `extra_flags`, `other_team_entry`, `script_name`) VALUES
 ('41148', '4', '3', 'Sootstone Shackles', '', '23729', '2', '0', '1', '2264', '566', '9', '-1', '-1', '22',
 '0', '0', '0', '0', '0', '0', '0', '0', '0', '1', '0', '3', '4', '4', '2',
 '0', '0', '0', '0', '0', '0', '0', '0', '0', '0', '0', '0', '0', '0', '0', '0', '0', '0',
 '0', '0', '0', '0', '0', '0', '0', '0', '0', '0', '0', '0', '0', '0', '0', '0', '0', '74', '0', '0', '0',
 '0', '0', '0', '0', '0', '0', '0', '-1', '0', '-1', '0', '0', '0', '0', '-1', '0', '-1', '0', '0',
 '0', '0', '-1', '0', '-1', '0', '0', '0', '0', '-1', '0', '-1', '0', '0', '0', '0', '-1', '0',
 '-1', '1', '0', '0', '0', '0', '0', '0', '0', '0', '0', '30', '0', '0', '0', '0', '1', '0', '0', '0',
 '0', '0', '1', NULL);

REPLACE INTO item_template (`entry`, `class`, `subclass`, `name`, `description`, `display_id`, `quality`, `flags`, `buy_count`, `buy_price`, `sell_price`, `inventory_type`, `allowable_class`, `allowable_race`, `item_level`, `required_level`, `required_skill`, `required_skill_rank`, `required_spell`, `required_honor_rank`, `required_city_rank`, `required_reputation_faction`, `required_reputation_rank`, `max_count`, `stackable`, `container_slots`, `stat_type1`, `stat_value1`, `stat_type2`, `stat_value2`, `stat_type3`, `stat_value3`, `stat_type4`, `stat_value4`, `stat_type5`, `stat_value5`, `stat_type6`, `stat_value6`, `stat_type7`, `stat_value7`, `stat_type8`, `stat_value8`, `stat_type9`, `stat_value9`, `stat_type10`, `stat_value10`, `delay`, `range_mod`, `ammo_type`, `dmg_min1`, `dmg_max1`, `dmg_type1`, `dmg_min2`, `dmg_max2`, `dmg_type2`, `dmg_min3`, `dmg_max3`, `dmg_type3`, `dmg_min4`, `dmg_max4`, `dmg_type4`, `dmg_min5`, `dmg_max5`, `dmg_type5`, `block`, `armor`, `holy_res`, `fire_res`, `nature_res`, `frost_res`, `shadow_res`, `arcane_res`, `spellid_1`, `spelltrigger_1`, `spellcharges_1`, `spellppmrate_1`, `spellcooldown_1`, `spellcategory_1`, `spellcategorycooldown_1`, `spellid_2`, `spelltrigger_2`, `spellcharges_2`, `spellppmrate_2`, `spellcooldown_2`, `spellcategory_2`, `spellcategorycooldown_2`, `spellid_3`, `spelltrigger_3`, `spellcharges_3`, `spellppmrate_3`, `spellcooldown_3`, `spellcategory_3`, `spellcategorycooldown_3`, `spellid_4`, `spelltrigger_4`, `spellcharges_4`, `spellppmrate_4`, `spellcooldown_4`, `spellcategory_4`, `spellcategorycooldown_4`, `spellid_5`, `spelltrigger_5`, `spellcharges_5`, `spellppmrate_5`, `spellcooldown_5`, `spellcategory_5`, `spellcategorycooldown_5`, `bonding`, `page_text`, `page_language`, `page_material`, `start_quest`, `lock_id`, `material`, `sheath`, `random_property`, `set_id`, `max_durability`, `area_bound`, `map_bound`, `duration`, `bag_family`, `disenchant_id`, `food_type`, `min_money_loot`, `max_money_loot`, `wrapped_gift`, `extra_flags`, `other_team_entry`, `script_name`) VALUES
 ('41149', '4', '2', 'Mort\'s Backup Belt', '', '27963', '2', '0', '1', '1672', '418', '6', '-1', '-1', '22',
 '0', '0', '0', '0', '0', '0', '0', '0', '0', '1', '0', '5', '4', '4', '2',
 '7', '1', '0', '0', '0', '0', '0', '0', '0', '0', '0', '0', '0', '0', '0', '0', '0', '0',
 '0', '0', '0', '0', '0', '0', '0', '0', '0', '0', '0', '0', '0', '0', '0', '0', '0', '44', '0', '0', '0',
 '0', '0', '0', '0', '0', '0', '0', '-1', '0', '-1', '0', '0', '0', '0', '-1', '0', '-1', '0', '0',
 '0', '0', '-1', '0', '-1', '0', '0', '0', '0', '-1', '0', '-1', '0', '0', '0', '0', '-1', '0',
 '-1', '1', '0', '0', '0', '0', '0', '0', '0', '0', '0', '25', '0', '0', '0', '0', '1', '0', '0', '0',
 '0', '0', '1', NULL);

REPLACE INTO item_template (`entry`, `class`, `subclass`, `name`, `description`, `display_id`, `quality`, `flags`, `buy_count`, `buy_price`, `sell_price`, `inventory_type`, `allowable_class`, `allowable_race`, `item_level`, `required_level`, `required_skill`, `required_skill_rank`, `required_spell`, `required_honor_rank`, `required_city_rank`, `required_reputation_faction`, `required_reputation_rank`, `max_count`, `stackable`, `container_slots`, `stat_type1`, `stat_value1`, `stat_type2`, `stat_value2`, `stat_type3`, `stat_value3`, `stat_type4`, `stat_value4`, `stat_type5`, `stat_value5`, `stat_type6`, `stat_value6`, `stat_type7`, `stat_value7`, `stat_type8`, `stat_value8`, `stat_type9`, `stat_value9`, `stat_type10`, `stat_value10`, `delay`, `range_mod`, `ammo_type`, `dmg_min1`, `dmg_max1`, `dmg_type1`, `dmg_min2`, `dmg_max2`, `dmg_type2`, `dmg_min3`, `dmg_max3`, `dmg_type3`, `dmg_min4`, `dmg_max4`, `dmg_type4`, `dmg_min5`, `dmg_max5`, `dmg_type5`, `block`, `armor`, `holy_res`, `fire_res`, `nature_res`, `frost_res`, `shadow_res`, `arcane_res`, `spellid_1`, `spelltrigger_1`, `spellcharges_1`, `spellppmrate_1`, `spellcooldown_1`, `spellcategory_1`, `spellcategorycooldown_1`, `spellid_2`, `spelltrigger_2`, `spellcharges_2`, `spellppmrate_2`, `spellcooldown_2`, `spellcategory_2`, `spellcategorycooldown_2`, `spellid_3`, `spelltrigger_3`, `spellcharges_3`, `spellppmrate_3`, `spellcooldown_3`, `spellcategory_3`, `spellcategorycooldown_3`, `spellid_4`, `spelltrigger_4`, `spellcharges_4`, `spellppmrate_4`, `spellcooldown_4`, `spellcategory_4`, `spellcategorycooldown_4`, `spellid_5`, `spelltrigger_5`, `spellcharges_5`, `spellppmrate_5`, `spellcooldown_5`, `spellcategory_5`, `spellcategorycooldown_5`, `bonding`, `page_text`, `page_language`, `page_material`, `start_quest`, `lock_id`, `material`, `sheath`, `random_property`, `set_id`, `max_durability`, `area_bound`, `map_bound`, `duration`, `bag_family`, `disenchant_id`, `food_type`, `min_money_loot`, `max_money_loot`, `wrapped_gift`, `extra_flags`, `other_team_entry`, `script_name`) VALUES
 ('41150', '4', '1', 'Flame-retardant Britches', '', '12395', '2', '0', '1', '2416', '604', '7', '-1', '-1', '22',
 '0', '0', '0', '0', '0', '0', '0', '0', '0', '1', '0', '7', '5', '5', '2',
 '0', '0', '0', '0', '0', '0', '0', '0', '0', '0', '0', '0', '0', '0', '0', '0', '0', '0',
 '0', '0', '0', '0', '0', '0', '0', '0', '0', '0', '0', '0', '0', '0', '0', '0', '0', '30', '0', '10', '0',
 '0', '0', '0', '0', '0', '0', '0', '-1', '0', '-1', '0', '0', '0', '0', '-1', '0', '-1', '0', '0',
 '0', '0', '-1', '0', '-1', '0', '0', '0', '0', '-1', '0', '-1', '0', '0', '0', '0', '-1', '0',
 '-1', '1', '0', '0', '0', '0', '0', '0', '0', '0', '0', '45', '0', '0', '0', '0', '21', '0', '0', '0',
 '0', '0', '1', NULL);

-- Updated 2 Plaque Objects.
update gameobject_template set data0 = 50684 where entry = 2020070;
update gameobject_template set data0 = 50685 where entry = 2020071;
delete from broadcast_text where entry in (2020070,2020071);
REPLACE INTO `page_text` (`entry`, `text`, `next_page`) VALUES
(50684, 'Wine was a true warlock. Beneath the dark exterior laid the most genuine person we\'ve met. Warlock chat will never be the same without him.', 0),
(50685, 'It was an honor to have Gallifrey in guild, to teach her all about the game and regard her as a friend. May you ride your white wolf forever!', 0);