REPLACE INTO creature_template VALUES
(62015, 6686, 0, 0, 0, 0, 'Dreadlord Doomseeker', NULL, 0, 63, 63, 132314, 132314, 412331, 412331, 4491, 90, 0, 1, 1.14286, 1.8, 20, 5, 0, 1, 1, 5911, 8211, 0, 290, 1, 2000, 2000, 2, 0, 0, 0, 0, 0, 0, 0, 220.81, 320.77, 100, 3, 0, 62015, 0, 0, 0, 15, 0, 0, 100, 0, 0, 0, 0, 0, 0, 0, 0, NULL, 0, 0, 'EventAI', 0, 3, 0, 0, 3, 0, 0, 0, 42680146, 0, 0, 0, 0, ''),
(62016, 4426, 0, 0, 0, 0, 'Doomguard Annihilator', NULL, 0, 63, 63, 82499, 82499, 108399, 108399, 4991, 90, 0, 1, 1.14286, 1.7, 20, 5, 0, 1, 1, 4831, 5981, 0, 290, 1, 1500, 1500, 2, 0, 0, 0, 0, 0, 0, 0, 220.81, 320.77, 100, 3, 0, 62016, 0, 0, 0, 15, 0, 0, 0, 0, 0, 0, 0, 0, 0, 0, 0, NULL, 0, 0, 'EventAI', 0, 3, 0, 0, 3, 0, 0, 0, 42680146, 32, 0, 0, 0, ''),
(62017, 10905, 0, 0, 0, 0, 'Infernal Destroyer', NULL, 0, 63, 63, 61088, 61088, 9301, 9301, 6801, 90, 0, 1, 1.14286, 2, 20, 5, 0, 1, 1, 3801, 4492, 0, 290, 1, 2000, 2000, 2, 0, 0, 0, 0, 0, 0, 0, 220.81, 320.77, 100, 3, 0, 62017, 0, 0, 0, 0, 0, 0, 15, 0, 0, 0, 0, 0, 0, 0, 0, NULL, 0, 0, 'EventAI', 0, 3, 0, 0, 3, 0, 0, 0, 42024786, 4, 0, 0, 0, ''),
(62018, 18362, 0, 0, 0, 0, 'Darkflame Imp', NULL, 0, 61, 61, 21041, 21041, 22987, 22987, 2031, 90, 0, 1, 1.14286, 1.5, 20, 5, 0, 1, 1, 1801, 3044, 2, 278, 1, 1500, 1500, 2, 0, 0, 0, 0, 0, 0, 0, 172.1, 240.07, 100, 3, 0, 62018, 0, 0, 0, 0, 0, 0, 15, 0, 0, 0, 0, 0, 0, 0, 0, NULL, 0, 0, 'EventAI', 0, 3, 0, 0, 3, 0, 0, 0, 8994322, 4, 0, 0, 0, ''),
(62019, 18158, 0, 0, 0, 0, 'Warbringer Overseer', NULL, 0, 64, 64, 88413, 88413, 29044, 29044, 5402, 90, 0, 1, 1.14286, 1.3, 20, 5, 0, 1, 1, 2851, 3844, 0, 278, 1, 1000, 1000, 2, 0, 0, 0, 0, 0, 0, 0, 172.1, 240.07, 100, 3, 0, 62019, 0, 0, 0, 25, 0, 0, 25, 0, 0, 0, 0, 0, 0, 0, 0, NULL, 0, 0, 'EventAI', 0, 3, 0, 0, 3, 0, 0, 0, 42696530, 0, 32, 0, 0, ''),
(62020, 20683, 0, 0, 0, 0, 'Outcast Souleater', NULL, 0, 61, 62, 38099, 38099, 80138, 80138, 2099, 90, 0, 1, 1.14286, 1.7, 20, 5, 0, 1, 1, 2800, 3491, 0, 278, 1, 2500, 2500, 2, 0, 0, 0, 0, 0, 0, 0, 172.1, 240.07, 100, 3, 0, 62020, 0, 0, 0, 0, 0, 0, 150, 0, 0, 0, 0, 0, 0, 0, 0, NULL, 0, 0, 'EventAI', 0, 3, 0, 0, 3, 0, 0, 0, 9056848, 0, 0, 0, 0, ''),
(62021, 20682, 0, 0, 0, 0, 'Draenei Darkbinder', NULL, 0, 63, 63, 38041, 38041, 81412, 81412, 2104, 90, 0, 1, 1.14286, 1.5, 20, 5, 0, 1, 1, 3101, 3806, 0, 290, 1, 1500, 1500, 2, 0, 0, 0, 0, 0, 0, 0, 220.81, 320.77, 100, 3, 0, 62021, 0, 0, 0, 0, 0, 0, 75, 0, 0, 0, 0, 0, 0, 0, 0, NULL, 0, 0, 'EventAI', 0, 3, 0, 0, 3, 0, 0, 0, 9056848, 0, 0, 0, 0, ''),
(62022, 20684, 20294, 0, 0, 0, 'Draenei Worshipper', NULL, 0, 60, 60, 12444, 12444, 18944, 18944, 1815, 7, 0, 1, 1.14286, 1.2, 20, 5, 0, 1, 1, 2551, 3301, 0, 278, 1, 1500, 1500, 2, 0, 0, 0, 0, 0, 0, 0, 172.1, 240.07, 100, 7, 0, 62022, 0, 0, 0, 0, 0, 0, 15, 0, 0, 0, 0, 0, 0, 0, 0, NULL, 0, 0, 'EventAI', 0, 3, 0, 0, 3, 0, 0, 0, 0, 0, 0, 0, 0, ''),
(62023, 10920, 0, 0, 0, 0, 'Draenei Villager', NULL, 0, 58, 58, 8051, 8051, 0, 0, 1032, 7, 0, 1, 1.14286, 1, 20, 5, 0, 0, 1, 1019, 1703, 0, 262, 1, 1500, 1500, 1, 0, 0, 0, 0, 0, 0, 0, 70.4704, 96.8968, 100, 7, 0, 62023, 0, 0, 0, 0, 0, 0, 0, 0, 0, 0, 0, 0, 0, 0, 0, NULL, 0, 0, 'EventAI', 0, 3, 0, 0, 3, 0, 0, 0, 0, 0, 0, 0, 0, ''),
(62024, 10920, 0, 0, 0, 0, 'Starving Draenei', NULL, 0, 52, 52, 4012, 4012, 0, 0, 812, 7, 0, 1, 1.14286, 1, 20, 5, 0, 0, 1, 409, 603, 0, 234, 1, 3000, 3000, 1, 0, 0, 0, 0, 0, 0, 0, 70.4704, 96.8968, 100, 7, 0, 62024, 0, 0, 0, 0, 0, 0, 0, 0, 0, 0, 0, 0, 0, 0, 0, NULL, 0, 0, 'EventAI', 0, 3, 0, 0, 3, 0, 0, 0, 0, 0, 0, 0, 0, '');

set @equip_template = 20542; set @weapon_1 = 1415; set @weapon_2 = 0; set @weapon_3 = 0; set @creature = 62024;
replace into creature_equip_template values (@equip_template, @weapon_1, @weapon_2, @weapon_3);
update creature_template set equipment_id = @equip_template where entry = @creature;

set @equip_template = 20541; set @weapon_1 = 1415; set @weapon_2 = 0; set @weapon_3 = 0; set @creature = 62023;
replace into creature_equip_template values (@equip_template, @weapon_1, @weapon_2, @weapon_3);
update creature_template set equipment_id = @equip_template where entry = @creature;

set @equip_template = 20540; set @weapon_1 = 5393; set @weapon_2 = 0; set @weapon_3 = 0; set @creature = 62022;
replace into creature_equip_template values (@equip_template, @weapon_1, @weapon_2, @weapon_3);
update creature_template set equipment_id = @equip_template where entry = @creature;

set @equip_template = 20539; set @weapon_1 = 1933; set @weapon_2 = 0; set @weapon_3 = 0; set @creature = 62021;
replace into creature_equip_template values (@equip_template, @weapon_1, @weapon_2, @weapon_3);
update creature_template set equipment_id = @equip_template where entry = @creature;

set @equip_template = 20538; set @weapon_1 = 19542; set @weapon_2 = 0; set @weapon_3 = 0; set @creature = 62020;
replace into creature_equip_template values (@equip_template, @weapon_1, @weapon_2, @weapon_3);
update creature_template set equipment_id = @equip_template where entry = @creature;

set @equip_template = 20537; set @weapon_1 = 14145; set @weapon_2 = 14145; set @weapon_3 = 0; set @creature = 62019;
replace into creature_equip_template values (@equip_template, @weapon_1, @weapon_2, @weapon_3);
update creature_template set equipment_id = @equip_template where entry = @creature;

set @equip_template = 20536; set @weapon_1 = 80637; set @weapon_2 = 0; set @weapon_3 = 0; set @creature = 62016;
replace into creature_equip_template values (@equip_template, @weapon_1, @weapon_2, @weapon_3);
update creature_template set equipment_id = @equip_template where entry = @creature;


-- 			 8388608 16    1024  64    2          2048  524288   131072         65536     4096     8192				 512	256		 33554432
-- Immune to Horror, Fear, Slow, Root, Disorient, Stun, Shackle, Banish, Trap, Polymorph, Freeze, Incapacitate, Hex, Sleep, Silence, interrupt = 42680146
   
REPLACE INTO creature_template VALUES
(62025, 20685, 0, 0, 0, 0, 'Draenei Waterseeker', NULL, 0, 58, 58, 31091, 31091, 48033, 48033, 2905, 7, 0, 1, 1.14286, 1.3, 20, 5, 0, 1, 1, 2099, 3017, 0, 262, 1, 1500, 1500, 2, 0, 0, 0, 0, 0, 0, 0, 70.4704, 96.8968, 100, 7, 0, 62025, 0, 0, 0, 0, 50, 0, 0, 0, 0, 0, 0, 0, 0, 0, 0, NULL, 0, 0, 'EventAI', 0, 3, 0, 0, 3, 0, 0, 0, 5184, 0, 0, 0, 0, ''),
(62026, 20682, 0, 0, 0, 0, 'Muk B\'ang', 'Sanv Village Cook', 0, 63, 63, 48412, 48412, 39022, 39022, 3005, 7, 0, 1, 1.14286, 1.7, 20, 5, 0, 1, 1, 4048, 6609, 0, 290, 1, 2000, 2000, 2, 0, 0, 0, 0, 0, 0, 0, 220.81, 320.77, 100, 7, 0, 62026, 0, 0, 0, 0, 0, 0, 50, 0, 0, 0, 0, 0, 0, 0, 0, NULL, 0, 0, 'EventAI', 0, 3, 0, 0, 3, 0, 0, 0, 42696530, 0, 32, 0, 0, ''),
(62027, 18574, 0, 0, 0, 0, 'Na\'va D\'at', 'The Voice of Doom', 0, 64, 64, 31741, 31741, 8300, 8300, 1075, 7, 0, 1, 1.14286, 1.4, 20, 5, 0, 1, 1, 2077, 2709, 0, 278, 1, 2000, 2000, 2, 0, 0, 0, 0, 0, 0, 0, 172.1, 240.07, 100, 7, 0, 62027, 0, 0, 0, 0, 0, 0, 25, 0, 0, 0, 0, 0, 0, 0, 0, NULL, 0, 0, 'EventAI', 0, 3, 0, 0, 3, 0, 0, 0, 0, 0, 0, 0, 0, ''),
(62028, 18575, 20294, 0, 0, 0, 'Kasat T\'andr', NULL, 0, 60, 60, 13095, 13095, 0, 0, 1098, 7, 0, 1, 1.14286, 1.1, 20, 5, 0, 0, 1, 891, 1499, 0, 278, 1, 2000, 2000, 2, 0, 0, 0, 0, 0, 0, 0, 172.1, 240.07, 100, 7, 0, 62028, 0, 0, 0, 0, 0, 0, 0, 0, 0, 0, 0, 0, 0, 0, 0, NULL, 0, 0, 'EventAI', 0, 3, 0, 0, 3, 0, 0, 0, 0, 0, 0, 0, 0, ''),
(62029, 18576, 0, 0, 0, 0, 'Rud\'an Malas', 'Repair', 0, 58, 58, 4107, 4107, 0, 0, 2381, 7, 16388, 1, 1.14286, 1, 20, 5, 0, 0, 1, 705, 1103, 0, 262, 1, 2000, 2000, 1, 0, 0, 0, 0, 0, 0, 0, 70.4704, 96.8968, 100, 7, 0, 62029, 0, 0, 0, 0, 0, 0, 0, 0, 0, 0, 0, 0, 0, 0, 0, NULL, 0, 0, 'EventAI', 0, 3, 0, 0, 3, 0, 0, 0, 0, 0, 0, 0, 0, ''),
(62030, 20688, 0, 0, 0, 0, 'Pa\'dal', NULL, 0, 52, 52, 3052, 3052, 0, 0, 899, 35, 1, 1, 1.14286, 0.9, 20, 5, 0, 0, 1, 412, 808, 0, 234, 1, 2000, 2000, 1, 0, 0, 0, 0, 0, 0, 0, 70.4704, 96.8968, 100, 7, 0, 62030, 0, 0, 0, 0, 0, 0, 0, 0, 0, 0, 0, 0, 0, 0, 0, NULL, 0, 0, 'EventAI', 0, 3, 0, 0, 3, 0, 0, 0, 0, 0, 0, 0, 0, ''),
(62031, 2535, 0, 0, 0, 0, 'Mathias Brightheart', 'Master of Arms', 0, 62, 62, 65151, 65151, 0, 0, 3791, 35, 3, 1, 1.14286, 1, 20, 5, 0, 1, 1, 873, 1039, 0, 278, 1, 2000, 2000, 1, 0, 0, 0, 0, 0, 0, 0, 61.732, 84.8815, 100, 7, 0, 62031, 0, 0, 0, 0, 0, 0, 0, 0, 0, 0, 0, 0, 0, 0, 0, NULL, 0, 0, 'EventAI', 0, 3, 0, 0, 3, 0, 0, 0, 0, 0, 0, 0, 0, ''),
(62032, 6843, 0, 0, 0, 0, 'Sakgoth Ironjaw', 'Trainer of Arms', 0, 52, 52, 3082, 3082, 0, 0, 2669, 35, 3, 1, 1.14286, 1, 20, 5, 0, 0, 1, 106, 136, 0, 234, 1, 2000, 2000, 1, 0, 0, 0, 0, 0, 0, 0, 70.4704, 96.8968, 100, 7, 0, 62032, 0, 0, 0, 0, 0, 0, 0, 0, 0, 0, 0, 0, 0, 0, 0, NULL, 0, 0, 'EventAI', 0, 3, 0, 0, 3, 0, 0, 0, 0, 0, 0, 0, 0, ''),
(62033, 3046, 0, 0, 0, 0, 'Rodon Blackstout', 'Food and Drink', 0, 48, 48, 2398, 2398, 0, 0, 2753, 35, 7, 1, 1.14286, 1, 18, 5, 0, 0, 1, 74, 96, 0, 208, 1, 1000, 2000, 1, 0, 0, 0, 0, 0, 0, 0, 62.744, 86.273, 100, 7, 0, 62033, 0, 0, 0, 0, 0, 0, 0, 0, 0, 0, 0, 0, 0, 0, 0, NULL, 0, 0, 'EventAI', 0, 3, 0, 0, 3, 0, 0, 0, 0, 0, 0, 0, 0, ''),
(62034, 3124, 0, 0, 0, 0, 'Nora Steamsight', 'Researcher', 0, 50, 50, 2990, 2990, 0, 0, 2958, 35, 3, 1, 1.14286, 1, 20, 5, 40, 0, 1, 96, 125, 0, 248, 1, 2000, 2000, 1, 0, 0, 0, 0, 0, 0, 0, 70.664, 97.163, 100, 7, 0, 62034, 0, 0, 0, 0, 0, 0, 0, 0, 0, 0, 0, 0, 0, 0, 0, NULL, 0, 0, 'EventAI', 0, 3, 0, 0, 3, 0, 0, 0, 0, 0, 0, 0, 0, '');

set @equip_template = 20546; set @weapon_1 = 0; set @weapon_2 = 12743; set @weapon_3 = 0; set @creature = 62034;
replace into creature_equip_template values (@equip_template, @weapon_1, @weapon_2, @weapon_3);
update creature_template set equipment_id = @equip_template where entry = @creature;

set @equip_template = 20545; set @weapon_1 = 1938; set @weapon_2 = 0; set @weapon_3 = 0; set @creature = 62029;
replace into creature_equip_template values (@equip_template, @weapon_1, @weapon_2, @weapon_3);
update creature_template set equipment_id = @equip_template where entry = @creature;

set @equip_template = 20544; set @weapon_1 = 41029; set @weapon_2 = 0; set @weapon_3 = 0; set @creature = 62026;
replace into creature_equip_template values (@equip_template, @weapon_1, @weapon_2, @weapon_3);
update creature_template set equipment_id = @equip_template where entry = @creature;

set @equip_template = 20543; set @weapon_1 = 3661; set @weapon_2 = 0; set @weapon_3 = 0; set @creature = 62025;
replace into creature_equip_template values (@equip_template, @weapon_1, @weapon_2, @weapon_3);
update creature_template set equipment_id = @equip_template where entry = @creature;

set @gossip_menu_id = 41641; set @magic_number = 62034;
replace into gossip_menu (entry, text_id, condition_id) VALUES (@gossip_menu_id, @magic_number, '0'); 
replace into broadcast_text (entry, Male_Text) values (@magic_number, 'Why hello there, my name is Nora, I came as a good friend to Mathias. My job here is to decipher some of these old texts! Some are written in old runes or glyphs that would be impossible to translate without the proper knowledge.');
replace into npc_text (ID, BroadcastTextID0) values (@magic_number, @magic_number);
update creature_template set gossip_menu_id = @gossip_menu_id where entry = @magic_number;

set @gossip_menu_id = 41640; set @magic_number = 62033;
replace into gossip_menu (entry, text_id, condition_id) VALUES (@gossip_menu_id, @magic_number, '0'); 
replace into broadcast_text (entry, Male_Text) values (@magic_number, 'All of the fighting that takes place on this island can sure build hunger. If you need something to eat, let me know.');
replace into npc_text (ID, BroadcastTextID0) values (@magic_number, @magic_number);
update creature_template set gossip_menu_id = @gossip_menu_id where entry = @magic_number;

set @gossip_menu_id = 41639; set @magic_number = 62032;
replace into gossip_menu (entry, text_id, condition_id) VALUES (@gossip_menu_id, @magic_number, '0'); 
replace into broadcast_text (entry, Male_Text) values (@magic_number, 'Mathias has put his heart and soul into his work. It has inspired me to follow in his footsteps. There may be a day when I take his stead and continue his work long from now.');
replace into npc_text (ID, BroadcastTextID0) values (@magic_number, @magic_number);
update creature_template set gossip_menu_id = @gossip_menu_id where entry = @magic_number;

set @gossip_menu_id = 41638; set @magic_number = 62031;
replace into gossip_menu (entry, text_id, condition_id) VALUES (@gossip_menu_id, @magic_number, '0'); 
replace into broadcast_text (entry, Male_Text) values (@magic_number, 'In my years upon Azeroth I have dedicated myself to becoming a master of arms. Now that I have learned all that I can from the various races I look to the past to find techniques that may be lost to time itself. If you can assist me in finding these rare artifacts I can dispense with the knowledge that I have acquired.$B$BYou can find Ancient Warfare Text from some of the more dangerous parts of Azeroth. These documents contain information on how battle, warfare, and single combat were fought in days past, and can potentially unlock unknown combat techniques.');
replace into npc_text (ID, BroadcastTextID0) values (@magic_number, @magic_number);
update creature_template set gossip_menu_id = @gossip_menu_id where entry = @magic_number;

set @gossip_menu_id = 41637; set @magic_number = 62030;
replace into gossip_menu (entry, text_id, condition_id) VALUES (@gossip_menu_id, @magic_number, '0'); 
replace into broadcast_text (entry, Male_Text) values (@magic_number, 'The intricate magic of this place is waiting to be exploited... If you explore enough of this tower, and clear it from the evil that lurks here, I could transport you with my rift walking.');
replace into npc_text (ID, BroadcastTextID0) values (@magic_number, @magic_number);
update creature_template set gossip_menu_id = @gossip_menu_id where entry = @magic_number;

-- Vendor list: Rodon Blackstout.
REPLACE INTO `npc_vendor` (`entry`, `slot`, `item`, `maxcount`, `incrtime`, `itemflags`, `condition_id`) VALUES (62033, 0, 159 , 0, 0, 0, 0);
REPLACE INTO `npc_vendor` (`entry`, `slot`, `item`, `maxcount`, `incrtime`, `itemflags`, `condition_id`) VALUES (62033, 0, 1179, 0, 0, 0, 0);
REPLACE INTO `npc_vendor` (`entry`, `slot`, `item`, `maxcount`, `incrtime`, `itemflags`, `condition_id`) VALUES (62033, 0, 1205, 0, 0, 0, 0);
REPLACE INTO `npc_vendor` (`entry`, `slot`, `item`, `maxcount`, `incrtime`, `itemflags`, `condition_id`) VALUES (62033, 0, 1645, 0, 0, 0, 0);
REPLACE INTO `npc_vendor` (`entry`, `slot`, `item`, `maxcount`, `incrtime`, `itemflags`, `condition_id`) VALUES (62033, 0, 1708, 0, 0, 0, 0);
REPLACE INTO `npc_vendor` (`entry`, `slot`, `item`, `maxcount`, `incrtime`, `itemflags`, `condition_id`) VALUES (62033, 0, 4540, 0, 0, 0, 0);
REPLACE INTO `npc_vendor` (`entry`, `slot`, `item`, `maxcount`, `incrtime`, `itemflags`, `condition_id`) VALUES (62033, 0, 4541, 0, 0, 0, 0);
REPLACE INTO `npc_vendor` (`entry`, `slot`, `item`, `maxcount`, `incrtime`, `itemflags`, `condition_id`) VALUES (62033, 0, 4542, 0, 0, 0, 0);
REPLACE INTO `npc_vendor` (`entry`, `slot`, `item`, `maxcount`, `incrtime`, `itemflags`, `condition_id`) VALUES (62033, 0, 4544, 0, 0, 0, 0);
REPLACE INTO `npc_vendor` (`entry`, `slot`, `item`, `maxcount`, `incrtime`, `itemflags`, `condition_id`) VALUES (62033, 0, 4601, 0, 0, 0, 0);
REPLACE INTO `npc_vendor` (`entry`, `slot`, `item`, `maxcount`, `incrtime`, `itemflags`, `condition_id`) VALUES (62033, 0, 8766, 0, 0, 0, 0);
REPLACE INTO `npc_vendor` (`entry`, `slot`, `item`, `maxcount`, `incrtime`, `itemflags`, `condition_id`) VALUES (62033, 0, 8950, 0, 0, 0, 0);
-- Vendor list: Rud'an Malas.
REPLACE INTO `npc_vendor` (`entry`, `slot`, `item`, `maxcount`, `incrtime`, `itemflags`, `condition_id`) VALUES (62029, 0, 2880, 0, 0, 0, 0);
REPLACE INTO `npc_vendor` (`entry`, `slot`, `item`, `maxcount`, `incrtime`, `itemflags`, `condition_id`) VALUES (62029, 0, 3466, 0, 0, 0, 0);

replace INTO `creature_display_info_addon` (`display_id`, `bounding_radius`, `combat_reach`, `gender`, `display_id_other_gender`) VALUES
(20682, 0, 0, 0, 0),
(20683, 0, 0, 0, 0),
(20684, 0, 0, 0, 0),
(20685, 0, 0, 0, 0),
(20688, 0, 0, 0, 0);