-- Cold is the Night
delete from quest_template where entry = 41353;
replace into quest_template (prevquestid, entry, method, zoneorsort, questlevel, minlevel, questflags, specialflags, title, details, objectives, requestitemstext, offerrewardtext, reqitemid1, reqitemcount1, reqitemid2, reqitemcount2, reqitemid3, reqitemcount3, reqitemid4, reqitemcount4, reqcreatureorgoid1, reqcreatureorgocount1, reqcreatureorgoid2, reqcreatureorgocount2, reqcreatureorgoid3, reqcreatureorgocount3, reqcreatureorgoid4, reqcreatureorgocount4, srcitemid, srcitemcount, reworreqmoney, RewMoneyMaxLevel, rewxp, rewrepfaction1, rewrepvalue1,  rewrepfaction2, rewrepvalue2, rewrepfaction3, rewrepvalue3, rewrepfaction4, rewrepvalue4, rewspell, rewspellcast, completeemote, rewitemid1, rewitemcount1, rewitemid2, rewitemcount2, rewitemid3, rewitemcount3, rewitemid4, rewitemcount4, rewchoiceitemid1, rewchoiceitemcount1, rewchoiceitemid2, rewchoiceitemcount2, rewchoiceitemid3, rewchoiceitemcount3, rewchoiceitemid4, rewchoiceitemcount4,requiredminrepfaction,requiredminrepvalue,objectivetext1) values (0,41353 ,2,618,62,60,0,0,'Cold is the Night','With a single touch, the Amethyst begins to shine in a dim light that could easily enthrall your eyes forevermore.  Yet it was not its beauty that captivated your mind. A voice rings into your head. One that does not belong to you. It echoes in stern yet soothing tone:$B$B“You must give this more thought Incantagos. Return to Kel\'Theril and find comfort in my presence. That Tower is unpredictable and the Ley-Line on which it prays is purely chaotic. Fool yourself no longer, friend. There is another way!”$B$BThe Amethyst shines no longer. And whenever touched would simply speak the same message. What an odd item you have stumbled upon. Perhaps exploring the Lake of Kel\'Theril will offer you some sort of answer.','Investigate the mysteries of the Enchanted Amethyst.','Leave me to my own. There is nothing here for you.','By Elune. I gather it was not chance that brought that item into your hands.',41403,1,0,0,0,0,0,0, 0,0,0,0,0,0,0,0, 0,0, 0,7200,1200, 0,0,0,0,0,0,0,0, 0,0,0, 0,0,0,0,0,0,0,0, 0,0,0,0,0,0,0,0, 0,0,'');

replace into creature_involvedrelation	(id, quest) values (62005, 41353);
update quest_template set nextquestinchain = 41354	 where entry = 41353;

REPLACE INTO `item_template` (`entry`, `class`, `subclass`, `name`, `description`, `display_id`, `quality`, `flags`, `buy_count`, `buy_price`, `sell_price`, `inventory_type`, `allowable_class`, `allowable_race`, `item_level`, `required_level`, `required_skill`, `required_skill_rank`, `required_spell`, `required_honor_rank`, `required_city_rank`, `required_reputation_faction`, `required_reputation_rank`, `max_count`, `stackable`, `container_slots`, `stat_type1`, `stat_value1`, `stat_type2`, `stat_value2`, `stat_type3`, `stat_value3`, `stat_type4`, `stat_value4`, `stat_type5`, `stat_value5`, `stat_type6`, `stat_value6`, `stat_type7`, `stat_value7`, `stat_type8`, `stat_value8`, `stat_type9`, `stat_value9`, `stat_type10`, `stat_value10`, `delay`, `range_mod`, `ammo_type`, `dmg_min1`, `dmg_max1`, `dmg_type1`, `dmg_min2`, `dmg_max2`, `dmg_type2`, `dmg_min3`, `dmg_max3`, `dmg_type3`, `dmg_min4`, `dmg_max4`, `dmg_type4`, `dmg_min5`, `dmg_max5`, `dmg_type5`, `block`, `armor`, `holy_res`, `fire_res`, `nature_res`, `frost_res`, `shadow_res`, `arcane_res`, `spellid_1`, `spelltrigger_1`, `spellcharges_1`, `spellppmrate_1`, `spellcooldown_1`, `spellcategory_1`, `spellcategorycooldown_1`, `spellid_2`, `spelltrigger_2`, `spellcharges_2`, `spellppmrate_2`, `spellcooldown_2`, `spellcategory_2`, `spellcategorycooldown_2`, `spellid_3`, `spelltrigger_3`, `spellcharges_3`, `spellppmrate_3`, `spellcooldown_3`, `spellcategory_3`, `spellcategorycooldown_3`, `spellid_4`, `spelltrigger_4`, `spellcharges_4`, `spellppmrate_4`, `spellcooldown_4`, `spellcategory_4`, `spellcategorycooldown_4`, `spellid_5`, `spelltrigger_5`, `spellcharges_5`, `spellppmrate_5`, `spellcooldown_5`, `spellcategory_5`, `spellcategorycooldown_5`, `bonding`, `page_text`, `page_language`, `page_material`, `start_quest`, `lock_id`, `material`, `sheath`, `random_property`, `set_id`, `max_durability`, `area_bound`, `map_bound`, `duration`, `bag_family`, `disenchant_id`, `food_type`, `min_money_loot`, `max_money_loot`, `wrapped_gift`, `extra_flags`, `other_team_entry`, `script_name`) VALUES
(41403, 12, 0, 'Enchanted Amethyst', '', 20799, 1, 1, 1, 0, 0, 0, -1, -1, 1, 0, 0, 0, 0, 0, 0, 0, 0, 0, 20, 0, 0, 0, 0, 0, 0, 0, 0, 0, 0, 0, 0, 0, 0, 0, 0, 0, 0, 0, 0, 0, 1000, 0, 0, 0, 0, 0, 0, 0, 0, 0, 0, 0, 0, 0, 0, 0, 0, 0, 0, 0, 0, 0, 0, 0, 0, 0, 0, 0, 0, 0, -1, 0, -1, 0, 0, 0, 0, -1, 0, -1, 0, 1, 0, 0, -1, 0, -1, 0, 0, 0, 0, -1, 0, -1, 0, 0, 0, 0, -1, 0, -1, 1, 0, 0, 0, 41353, 0, 4, 0, 0, 0, 0, 0, 0, 0, 0, 0, 0, 0, 0, 0, 0, 1, NULL);
update item_template set quality = 4, flags = 1 where entry = 41403;

REPLACE INTO `creature_loot_template` (`entry`, `item`, `ChanceOrQuestChance`, `groupid`, `mincountOrRef`, `maxcount`, `condition_id`) VALUES
(61946, 41403, 100, 10, 1, 1, 0);

REPLACE INTO `creature_template` (`entry`, `display_id1`, `display_id2`, `display_id3`, `display_id4`, `mount_display_id`, `name`, `subname`, `gossip_menu_id`, `level_min`, `level_max`, `health_min`, `health_max`, `mana_min`, `mana_max`, `armor`, `faction`, `npc_flags`, `speed_walk`, `speed_run`, `scale`, `detection_range`, `call_for_help_range`, `leash_range`, `rank`, `xp_multiplier`, `dmg_min`, `dmg_max`, `dmg_school`, `attack_power`, `dmg_multiplier`, `base_attack_time`, `ranged_attack_time`, `unit_class`, `unit_flags`, `dynamic_flags`, `beast_family`, `trainer_type`, `trainer_spell`, `trainer_class`, `trainer_race`, `ranged_dmg_min`, `ranged_dmg_max`, `ranged_attack_power`, `type`, `type_flags`, `loot_id`, `pickpocket_loot_id`, `skinning_loot_id`, `holy_res`, `fire_res`, `nature_res`, `frost_res`, `shadow_res`, `arcane_res`, `spell_id1`, `spell_id2`, `spell_id3`, `spell_id4`, `spell_list_id`, `pet_spell_list_id`, `spawn_spell_id`, `auras`, `gold_min`, `gold_max`, `ai_name`, `movement_type`, `inhabit_type`, `civilian`, `racial_leader`, `regeneration`, `equipment_id`, `trainer_id`, `vendor_id`, `mechanic_immune_mask`, `school_immune_mask`, `immunity_flags`, `flags_extra`, `phase_quest_id`, `script_name`) VALUES
(62005, 1918, 0, 0, 0, 0, 'Al\'Dorel', NULL, 0, 61, 61, 9302, 9302, 0, 0, 2103, 35, 3, 1, 1.14286, 1, 20, 5, 0, 1, 1, 708, 937, 0, 278, 1, 2000, 2000, 1, 0, 0, 0, 0, 0, 0, 0, 172.1, 240.07, 100, 7, 0, 0, 0, 0, 0, 0, 0, 0, 0, 0, 0, 0, 0, 0, 0, 0, 0, NULL, 0, 0, 'EventAI', 0, 3, 0, 0, 3, 0, 0, 0, 0, 0, 0, 0, 0, '');

set @equip_template = 20534; set @weapon_1 = 61091; set @weapon_2 = 0; set @weapon_3 = 0; set @creature = 62005;
replace into creature_equip_template values (@equip_template, @weapon_1, @weapon_2, @weapon_3);
update creature_template set equipment_id = @equip_template where entry = @creature;

set @gossip_menu_id = 41627; set @magic_number = 62005;
replace into gossip_menu (entry, text_id, condition_id) VALUES (@gossip_menu_id, @magic_number, '0'); 
replace into broadcast_text (entry, Male_Text) values (@magic_number, 'Let the Moon guide through the night, and let the sun warm your bones during the day.');
replace into npc_text (ID, BroadcastTextID0) values (@magic_number, @magic_number);
update creature_template set gossip_menu_id = @gossip_menu_id where entry = @magic_number;

-- Embraced by the Moon
delete from quest_template where entry = 41354;
replace into quest_template (prevquestid, entry, method, zoneorsort, questlevel, minlevel, questflags, specialflags, title, details, objectives, requestitemstext, offerrewardtext, reqitemid1, reqitemcount1, reqitemid2, reqitemcount2, reqitemid3, reqitemcount3, reqitemid4, reqitemcount4, reqcreatureorgoid1, reqcreatureorgocount1, reqcreatureorgoid2, reqcreatureorgocount2, reqcreatureorgoid3, reqcreatureorgocount3, reqcreatureorgoid4, reqcreatureorgocount4, srcitemid, srcitemcount, reworreqmoney, RewMoneyMaxLevel, rewxp, rewrepfaction1, rewrepvalue1,  rewrepfaction2, rewrepvalue2, rewrepfaction3, rewrepvalue3, rewrepfaction4, rewrepvalue4, rewspell, rewspellcast, completeemote, rewitemid1, rewitemcount1, rewitemid2, rewitemcount2, rewitemid3, rewitemcount3, rewitemid4, rewitemcount4, rewchoiceitemid1, rewchoiceitemcount1, rewchoiceitemid2, rewchoiceitemcount2, rewchoiceitemid3, rewchoiceitemcount3, rewchoiceitemid4, rewchoiceitemcount4,requiredminrepfaction,requiredminrepvalue,objectivetext1) values (41353,41354 ,2,618,62,60,0,0,'Embraced by the Moon','It appears the Amethyst is losing its enchantment. I would ask you not to question the way it works. It is a secret that perhaps ought to die with what was this home of mine.$B$BAlas, I bid you welcome to Kel\'Theril. Once a city to behold, now, home to me and the troubled spirits of my kin. I know not why you sought me. I very much doubt it is the guilt for slaying Incantagos.$B$B<Al\'Dorel sighs.>$B$BA foolish son seeking to please his Father. Yet who am I, or you, to judge his path? If it\'s answers you seek you may only find them through aiding me. For a favor must be met by another favor. The highborne that linger nearby must be put to rest. All across the lake they can be seen drifting with no purpose. Free them, and you will have my thanks.','Free the spirits of Suffering and Anguished Highborne within Kel\'Theril for Al\'Dorel.','Whether Suffering or Anguished you must guide them.','Believe it or not, you have shown great kindness.',0,0,0,0,0,0,0,0, 7523,6,7524,6,0,0,0,0, 0,0, 0,26400,4400, 0,0,0,0,0,0,0,0, 0,0,0, 0,0,0,0,0,0,0,0, 0,0,0,0,0,0,0,0, 0,0,'');

replace into creature_questrelation		(id, quest) values (62005, 41354);
replace into creature_involvedrelation	(id, quest) values (62005, 41354);
update quest_template set nextquestinchain = 41355	 where entry = 41354;

-- And Lost to the Stars
delete from quest_template where entry = 41355;
replace into quest_template (prevquestid, entry, method, zoneorsort, questlevel, minlevel, questflags, specialflags, title, details, objectives, requestitemstext, offerrewardtext, reqitemid1, reqitemcount1, reqitemid2, reqitemcount2, reqitemid3, reqitemcount3, reqitemid4, reqitemcount4, reqcreatureorgoid1, reqcreatureorgocount1, reqcreatureorgoid2, reqcreatureorgocount2, reqcreatureorgoid3, reqcreatureorgocount3, reqcreatureorgoid4, reqcreatureorgocount4, srcitemid, srcitemcount, reworreqmoney, RewMoneyMaxLevel, rewxp, rewrepfaction1, rewrepvalue1,  rewrepfaction2, rewrepvalue2, rewrepfaction3, rewrepvalue3, rewrepfaction4, rewrepvalue4, rewspell, rewspellcast, completeemote, rewitemid1, rewitemcount1, rewitemid2, rewitemcount2, rewitemid3, rewitemcount3, rewitemid4, rewitemcount4, rewchoiceitemid1, rewchoiceitemcount1, rewchoiceitemid2, rewchoiceitemcount2, rewchoiceitemid3, rewchoiceitemcount3, rewchoiceitemid4, rewchoiceitemcount4,requiredminrepfaction,requiredminrepvalue,objectivetext1) values (41354,41355 ,2,618,62,60,0,0,'And Lost to the Stars','Incantagos sought the Tower for its unstable ley-lines, and the intense power that lingered there. Incantagos sought to make a name for himself in the Blue Dragonflight, to advance their cause of the great dampening on azeroth. He sought to meet Malygos himself, but Haleh denied him this right, as she believed it was not yet time for them to meet.$B$BI am uncertain of her reasons. In truth, I begin to question the actions of the Blue day by day as they began to be rather aggressive even to those they once called allies. There were times I\'d host the wyrmkin in my ruined home. It is sad to say that such times have passed, and now they have stolen something sacred to me.$B$BBefore you learn more of Incantagos\' choices, return this an item for me. A pristine moon-forged telescope that can see beyond the sky with its enchanted crystals.$B$BThey ought to have taken it inside Mazthoril to the southeast.','Bring the Magical Telescope back to Al\'Dorel.','Was your quest fruitful or are you yet to fulfill your task?','A most treasured item. One of the final relics of this once mighty city.',41404,1,0,0,0,0,0,0, 0,0,0,0,0,0,0,0, 0,0, 0,24600,4100, 0,0,0,0,0,0,0,0, 0,0,0, 0,0,0,0,0,0,0,0, 0,0,0,0,0,0,0,0, 0,0,'');

replace into creature_questrelation		(id, quest) values (62005, 41355);
replace into creature_involvedrelation	(id, quest) values (62005, 41355);
update quest_template set nextquestinchain = 41356	 where entry = 41355;

replace into item_template (entry, display_id, name, class, quality, flags, buy_count, allowable_class, allowable_race, item_level, stackable, spellcooldown_1, spellcategorycooldown_1, spellcooldown_2, spellcategorycooldown_2, bonding, description, page_text, material) values
(41404,1170,'Magical Telescope',12,1,2048,1,-1,-1,1,1,-1,-1,-1,-1,4,'',0,4);

REPLACE INTO gameobject_template VALUES
(2020109, 3, 24108, 'Magical Telescope', 0, 4, 1, 43, 2020109, 0, 1, 0, 0, 0, 0, 0, 0, 0, 0, 0, 0, 0, 0, 0, 0, 0, 0, 0, 0, 0, 0, 0, 0, 0, '');

replace into gameobject_loot_template values
(2020109,41404,-100,0,1,1,0);

-- Asleep Under Snow
delete from quest_template where entry = 41356;
replace into quest_template (prevquestid, entry, method, zoneorsort, questlevel, minlevel, questflags, specialflags, title, details, objectives, requestitemstext, offerrewardtext, reqitemid1, reqitemcount1, reqitemid2, reqitemcount2, reqitemid3, reqitemcount3, reqitemid4, reqitemcount4, reqcreatureorgoid1, reqcreatureorgocount1, reqcreatureorgoid2, reqcreatureorgocount2, reqcreatureorgoid3, reqcreatureorgocount3, reqcreatureorgoid4, reqcreatureorgocount4, srcitemid, srcitemcount, reworreqmoney, RewMoneyMaxLevel, rewxp, rewrepfaction1, rewrepvalue1,  rewrepfaction2, rewrepvalue2, rewrepfaction3, rewrepvalue3, rewrepfaction4, rewrepvalue4, rewspell, rewspellcast, completeemote, rewitemid1, rewitemcount1, rewitemid2, rewitemcount2, rewitemid3, rewitemcount3, rewitemid4, rewitemcount4, rewchoiceitemid1, rewchoiceitemcount1, rewchoiceitemid2, rewchoiceitemcount2, rewchoiceitemid3, rewchoiceitemcount3, rewchoiceitemid4, rewchoiceitemcount4,requiredminrepfaction,requiredminrepvalue,objectivetext1) values (41355,41356 ,2,618,62,60,0,0,'Asleep Under Snow','Before Incantagos left for the Eastern Kingdoms I sought to give him counsel. For I truly was a friend of the Blue. I told him that the Ley-Line he sought was nothing but unstable and not even he, a Blue, could truly harness it. Alas, not even I- nor even the great Guardian could truly.$B$BBefore he departed, he chose to rest in the Frostwhisper Gorge. He found solace amongst the Giants, for no reason I can think of. Dragons shed when they fall in deep slumber. Seek the demise of the roaming Giants, while it may upset the elements that roam these lands. We are in need of these scales, for they can tell us more.$B$BDo not falter, friend. Perhaps  you see these tasks of mine as meaningless. But I assure you, this is not something we may leave unchecked.','Brings 6 Pristine Azure Scales to Al\'Dorel.','I sense you have braved foes stronger than these Giants. I doubt you require further council.','You once more succeed to fulfill your task. For whatever kin you have left, I do hope they feel pride when they think of you.',41405,6,0,0,0,0,0,0, 0,0,0,0,0,0,0,0, 0,0, 0,34800,5800, 0,0,0,0,0,0,0,0, 0,0,0, 0,0,0,0,0,0,0,0, 0,0,0,0,0,0,0,0, 0,0,'');

replace into creature_questrelation		(id, quest) values (62005, 41356);
replace into creature_involvedrelation	(id, quest) values (62005, 41356);
update quest_template set nextquestinchain = 41357	 where entry = 41356;
update quest_template set type = 1					 where entry = 41356;

replace into item_template (entry, display_id, name, class, quality, flags, buy_count, allowable_class, allowable_race, item_level, stackable, spellcooldown_1, spellcategorycooldown_1, spellcooldown_2, spellcategorycooldown_2, bonding, description, page_text, material) values
(41405,23432,'Pristine Azure Scale',12,1,2048,1,-1,-1,1,6,-1,-1,-1,-1,4,'',0,3);

REPLACE INTO `creature_loot_template` (`entry`, `item`, `ChanceOrQuestChance`, `groupid`, `mincountOrRef`, `maxcount`, `condition_id`) VALUES
(7428, 41405, -38, 0, 1, 1, 0),
(7429, 41405, -38, 0, 1, 1, 0);

-- The Enemy Lays
delete from quest_template where entry = 41357;
replace into quest_template (prevquestid, entry, method, zoneorsort, questlevel, minlevel, questflags, specialflags, title, details, objectives, requestitemstext, offerrewardtext, reqitemid1, reqitemcount1, reqitemid2, reqitemcount2, reqitemid3, reqitemcount3, reqitemid4, reqitemcount4, reqcreatureorgoid1, reqcreatureorgocount1, reqcreatureorgoid2, reqcreatureorgocount2, reqcreatureorgoid3, reqcreatureorgocount3, reqcreatureorgoid4, reqcreatureorgocount4, srcitemid, srcitemcount, reworreqmoney, RewMoneyMaxLevel, rewxp, rewrepfaction1, rewrepvalue1,  rewrepfaction2, rewrepvalue2, rewrepfaction3, rewrepvalue3, rewrepfaction4, rewrepvalue4, rewspell, rewspellcast, completeemote, rewitemid1, rewitemcount1, rewitemid2, rewitemcount2, rewitemid3, rewitemcount3, rewitemid4, rewitemcount4, rewchoiceitemid1, rewchoiceitemcount1, rewchoiceitemid2, rewchoiceitemcount2, rewchoiceitemid3, rewchoiceitemcount3, rewchoiceitemid4, rewchoiceitemcount4,requiredminrepfaction,requiredminrepvalue,objectivetext1) values (41356,41357 ,2,5087,62,60,0,0,'The Enemy Lays','Have a look friend. These pristine scales once shined embraced by an Azure tone. Yet now, in their lifeless form they further resembles a raw piece of lapis instead. I harbor no ill intent towards you, fret not. I simply regret Incantagos met his demise. Were I any faster, perhaps he would lived.$B$BRegardless, it seems we are yet to be closer to the truth. I was afraid of this. With Incantagos gone, the magic of these scales has long dissipated. We could briefly return life to them. But to do that we would have to either siphon the life of another Blue Dragon to it, or something akin. $B$BI am afraid you are to travel East once more, friend. In the dungeons of what is now the largest Human Kingdom to remain you will find it. That despicable creation. For what reason had he done that, I will never understand. Seek the living shard of Arc\'Tiras. Within its core you will find the very magic of the Blue, the essence of Malygos.','Bring the Core of Arc\'Tiras back to Al\'Dorel','That thing is better of destroyed.','As every great wielder of the Arcane, Malygos has the thirst of knowledge and experiment. He infused his own mana into the ice of Northrend. Perhaps whatever may be closest to a “primordial” birthplace of a possible elemental. That is to say, his foolish experiment didn\'t end well. As you have seen, it did not look like an elemental. But a cold ruthless means of death.',41406,1,0,0,0,0,0,0, 0,0,0,0,0,0,0,0, 0,0, 0,33600,5600, 0,0,0,0,0,0,0,0, 0,0,0, 0,0,0,0,0,0,0,0, 0,0,0,0,0,0,0,0, 0,0,'');

replace into creature_questrelation		(id, quest) values (62005, 41357);
replace into creature_involvedrelation	(id, quest) values (62005, 41357);
update quest_template set nextquestinchain = 41358	 where entry = 41357;
update quest_template set type = 81					 where entry = 41357;

replace into item_template (entry, display_id, name, class, quality, flags, buy_count, allowable_class, allowable_race, item_level, stackable, spellcooldown_1, spellcategorycooldown_1, spellcooldown_2, spellcategorycooldown_2, bonding, description, page_text, material) values
(41406,3131,'Core of Arc\'Tiras',12,1,2048,1,-1,-1,1,1,-1,-1,-1,-1,4,'',0,3);

REPLACE INTO `creature_loot_template` (`entry`, `item`, `ChanceOrQuestChance`, `groupid`, `mincountOrRef`, `maxcount`, `condition_id`) VALUES
(93107, 41406, -100, 0, 1, 1, 0);

-- Awoke at Sun Rise
delete from quest_template where entry = 41358;
replace into quest_template (prevquestid, entry, method, zoneorsort, questlevel, minlevel, questflags, specialflags, title, details, objectives, requestitemstext, offerrewardtext, reqitemid1, reqitemcount1, reqitemid2, reqitemcount2, reqitemid3, reqitemcount3, reqitemid4, reqitemcount4, reqcreatureorgoid1, reqcreatureorgocount1, reqcreatureorgoid2, reqcreatureorgocount2, reqcreatureorgoid3, reqcreatureorgocount3, reqcreatureorgoid4, reqcreatureorgocount4, srcitemid, srcitemcount, reworreqmoney, RewMoneyMaxLevel, rewxp, rewrepfaction1, rewrepvalue1,  rewrepfaction2, rewrepvalue2, rewrepfaction3, rewrepvalue3, rewrepfaction4, rewrepvalue4, rewspell, rewspellcast, completeemote, rewitemid1, rewitemcount1, rewitemid2, rewitemcount2, rewitemid3, rewitemcount3, rewitemid4, rewitemcount4, rewchoiceitemid1, rewchoiceitemcount1, rewchoiceitemid2, rewchoiceitemcount2, rewchoiceitemid3, rewchoiceitemcount3, rewchoiceitemid4, rewchoiceitemcount4,requiredminrepfaction,requiredminrepvalue,objectivetext1) values (41357,41358,2,618,62,60,0,0,'Awoke at Sun Rise','With these objects gathered I can finally find the answers we both seek. Allow me mere moments to cast my spells.$B$B<Al\'Dorel hums under his breath with his eyes closed.>This is rather hard to accept. I am unsure how to react. I - I suppose it is not worth avoiding. Incantagos sought the Ley-Line of the Karazhan because the Dragonflight considers the mortal races of Azeroth unworthy of the Arcane. It seems that Malygos himself is preparing for… I wouldn\'t call it a war nor a battle.$B$BWould the ants see your foot as a declaration of war or battle? Or just pure extermination. I must know if all believe this to be the right path. I cannot leave this place, so please. On my behalf speak to Haleh. She is the Broodmother of Kalimdor. She rests atop Mazthoril, find a way to reach her.','Speak to Haleh at the top of Mazthoril about the truth revealed by Al\'Dorel in Winterspring.','What brings you here?','A fair concern. I owe you no explanation – but I suppose Al\'Dorel is different.',0,0,0,0,0,0,0,0, 0,0,0,0,0,0,0,0, 0,0, 0,4800,800, 0,0,0,0,0,0,0,0, 0,0,0, 0,0,0,0,0,0,0,0, 0,0,0,0,0,0,0,0, 0,0,'');

replace into creature_questrelation		(id, quest) values (62005, 41358);
replace into creature_involvedrelation	(id, quest) values (10929, 41358);
update quest_template set nextquestinchain = 41359	 where entry = 41358;

-- Through a Glimmering Light
delete from quest_template where entry = 41359;
replace into quest_template (prevquestid, entry, method, zoneorsort, questlevel, minlevel, questflags, specialflags, title, details, objectives, requestitemstext, offerrewardtext, reqitemid1, reqitemcount1, reqitemid2, reqitemcount2, reqitemid3, reqitemcount3, reqitemid4, reqitemcount4, reqcreatureorgoid1, reqcreatureorgocount1, reqcreatureorgoid2, reqcreatureorgocount2, reqcreatureorgoid3, reqcreatureorgocount3, reqcreatureorgoid4, reqcreatureorgocount4, srcitemid, srcitemcount, reworreqmoney, RewMoneyMaxLevel, rewxp, rewrepfaction1, rewrepvalue1,  rewrepfaction2, rewrepvalue2, rewrepfaction3, rewrepvalue3, rewrepfaction4, rewrepvalue4, rewspell, rewspellcast, completeemote, rewitemid1, rewitemcount1, rewitemid2, rewitemcount2, rewitemid3, rewitemcount3, rewitemid4, rewitemcount4, rewchoiceitemid1, rewchoiceitemcount1, rewchoiceitemid2, rewchoiceitemcount2, rewchoiceitemid3, rewchoiceitemcount3, rewchoiceitemid4, rewchoiceitemcount4,requiredminrepfaction,requiredminrepvalue,objectivetext1) values (41358,41359,2,618,62,60,0,0,'Through a Glimmering Light','So, Incantagos is dead. Were you not sent by Al\'Dorel I would have used my teeth rather than my words. Alas, I suppose the unexpected has once more taken our children. It is all true mortal. The Blue stands ready to deprive you mortal races of the Arcane. I hope you dare not question it. Not only has your foolishness brought the Great Sundering, the damned Burning Legion and all that came with it. A portal to a different world? A great feat, one that was paid in blood a million times over.$B$BAs protectors of this world we are meant to limit the access to the Arcane. Yet you, all of you grew so confident and rather powerful. Lord Malygos, the very one who taught the first mages, has decided that you are no longer worthy of this responsibility. Azeroth can heal, and new races can be born.$B$B Sometimes a blank canvas is the best way to fix an issue. Treat this as a warning, and leave as I still have some pity left for one that played part in both the saving and ending of Incantagos. Tell Al\'Dorel he alone, shall be safe.','Return to Al\'Dorel','What news?','I- I am afraid I have to agree with her words to a degree. But to harbor such hatred and encourage genocide of entire races? My heart sinks.',0,0,0,0,0,0,0,0, 0,0,0,0,0,0,0,0, 0,0, 0,3600,600, 0,0,0,0,0,0,0,0, 0,0,0, 0,0,0,0,0,0,0,0, 0,0,0,0,0,0,0,0, 0,0,'');

replace into creature_questrelation		(id, quest) values (10929, 41359);
replace into creature_involvedrelation	(id, quest) values (62005, 41359);
update quest_template set nextquestinchain = 41360	 where entry = 41359;

-- Warm is the Day
delete from quest_template where entry = 41360;
replace into quest_template (prevquestid, entry, method, zoneorsort, questlevel, minlevel, questflags, specialflags, title, details, objectives, requestitemstext, offerrewardtext, reqitemid1, reqitemcount1, reqitemid2, reqitemcount2, reqitemid3, reqitemcount3, reqitemid4, reqitemcount4, reqcreatureorgoid1, reqcreatureorgocount1, reqcreatureorgoid2, reqcreatureorgocount2, reqcreatureorgoid3, reqcreatureorgocount3, reqcreatureorgoid4, reqcreatureorgocount4, srcitemid, srcitemcount, reworreqmoney, RewMoneyMaxLevel, rewxp, rewrepfaction1, rewrepvalue1,  rewrepfaction2, rewrepvalue2, rewrepfaction3, rewrepvalue3, rewrepfaction4, rewrepvalue4, rewspell, rewspellcast, completeemote, rewitemid1, rewitemcount1, rewitemid2, rewitemcount2, rewitemid3, rewitemcount3, rewitemid4, rewitemcount4, rewchoiceitemid1, rewchoiceitemcount1, rewchoiceitemid2, rewchoiceitemcount2, rewchoiceitemid3, rewchoiceitemcount3, rewchoiceitemid4, rewchoiceitemcount4,requiredminrepfaction,requiredminrepvalue,objectivetext1) values (41359,41360,2,618,62,60,0,0,'Warm is the Day','Incantagos was not alone in his quest it seems. How could they be so blind, so ruthless? They must understand that this path only breeds destruction.$B$B<Al\'Dorel sighs.>So there we have it, friend. The truth, one that even if you are to share, nobody will believe. All we can do is – live. Feel the warmth of the Sun even in these cold lands. Promises of end and death should never stop us from living today. Do not worry. For as much as I was a friend of the Blue. I will be ready, and so will you.$B$BA day will come when we shall see each other\'s faces once more. I pray it will be as long as possible. Until then. Come, I have a token from our long lost life that I wish to grant you.','Accept your gift.','I wish we would have met in better circumstances.','I dread the day I will have to fight one I called friend. Alas.$B$BKel\'theril like many other Highborne settlements was filled with magic. Magic that was lost to the ages – I am the last survivor of these lands that have yet to flee it. I have had these draconic artifacts ever since the lake swallowed my home. Take one, it is yours now. Something to remind you of me. Until we meet again.',0,0,0,0,0,0,0,0, 0,0,0,0,0,0,0,0, 0,0, 0,0,0, 0,0,0,0,0,0,0,0, 0,0,0, 0,0,0,0,0,0,0,0, 55133,1,55134,1,55135,1,0,0, 0,0,'');

replace into creature_questrelation		(id, quest) values (62005, 41360);
replace into creature_involvedrelation	(id, quest) values (62005, 41360);

-- Rew XP fixes for some quests.
update quest_template set reworreqmoney = 0, RewMoneyMaxLevel = 19200, rewxp = 3200 where entry = 41347;
update quest_template set reworreqmoney = 0, RewMoneyMaxLevel = 19200, rewxp = 3200 where entry = 41348;
update quest_template set reworreqmoney = 0, RewMoneyMaxLevel = 19200, rewxp = 3200 where entry = 41349;
update quest_template set reworreqmoney = 0, RewMoneyMaxLevel = 19200, rewxp = 3200 where entry = 41350;
update quest_template set reworreqmoney = 0, RewMoneyMaxLevel = 57400, rewxp = 8200 where entry = 41351;
update quest_template set reworreqmoney = 0, RewMoneyMaxLevel = 19200, rewxp = 3200 where entry = 41352;