DELETE FROM `pool_gameobject` WHERE `guid`=17754;
INSERT INTO `pool_template` (`entry`, `max_limit`, `description`) VALUES (5616, 1, 'Ooze Covered Small Thorium Vein / Ooze Covered Rich Thorium Vein');
INSERT INTO `pool_gameobject` (`guid`, `pool_entry`, `chance`, `description`) VALUES (17754, 5616, 90, 'Ooze Covered Thorium Vein');
INSERT INTO `pool_gameobject` (`guid`, `pool_entry`, `chance`, `description`) VALUES (59818, 5616, 10, 'Ooze Covered Rich Thorium Vein');
INSERT INTO `gameobject` (`guid`, `id`, `map`, `position_x`, `position_y`, `position_z`, `orientation`, `rotation0`, `rotation1`, `rotation2`, `rotation3`, `spawntimesecsmin`, `spawntimesecsmax`, `state`, `animprogress`, `spawn_flags`) VALUES (59818, 177388, 1, -8054.04, -1181.91, -331.593, 2.23402, 0, 0, 0.898794, 0.438371, 2700, 2700, 1, 100, 4);

DELETE FROM `pool_gameobject` WHERE `guid`=17751;
INSERT INTO `pool_template` (`entry`, `max_limit`, `description`) VALUES (5617, 1, 'Ooze Covered Small Thorium Vein / Ooze Covered Rich Thorium Vein');
INSERT INTO `pool_gameobject` (`guid`, `pool_entry`, `chance`, `description`) VALUES (17751, 5617, 90, 'Ooze Covered Thorium Vein');
INSERT INTO `pool_gameobject` (`guid`, `pool_entry`, `chance`, `description`) VALUES (59819, 5617, 10, 'Ooze Covered Rich Thorium Vein');
INSERT INTO `gameobject` (`guid`, `id`, `map`, `position_x`, `position_y`, `position_z`, `orientation`, `rotation0`, `rotation1`, `rotation2`, `rotation3`, `spawntimesecsmin`, `spawntimesecsmax`, `state`, `animprogress`, `spawn_flags`) VALUES (59819, 177388, 1, -8062.87, -1248.52, -331.334, -2.26893, 0, 0, 0.906308, -0.422618, 2700, 2700, 1, 100, 4);

DELETE FROM `pool_gameobject` WHERE `guid`=15459;
INSERT INTO `pool_template` (`entry`, `max_limit`, `description`) VALUES (5618, 1, 'Ooze Covered Small Thorium Vein / Ooze Covered Rich Thorium Vein');
INSERT INTO `pool_gameobject` (`guid`, `pool_entry`, `chance`, `description`) VALUES (15459, 5618, 90, 'Ooze Covered Thorium Vein');
INSERT INTO `pool_gameobject` (`guid`, `pool_entry`, `chance`, `description`) VALUES (59820, 5618, 10, 'Ooze Covered Rich Thorium Vein');
INSERT INTO `gameobject` (`guid`, `id`, `map`, `position_x`, `position_y`, `position_z`, `orientation`, `rotation0`, `rotation1`, `rotation2`, `rotation3`, `spawntimesecsmin`, `spawntimesecsmax`, `state`, `animprogress`, `spawn_flags`) VALUES (59820, 177388, 1, -6348, -916, -252, 5.607, 0, 0, 0.331769, -0.943361, 2700, 2700, 1, 100, 4);

DELETE FROM `pool_gameobject` WHERE `guid`=15460;
INSERT INTO `pool_template` (`entry`, `max_limit`, `description`) VALUES (5619, 1, 'Ooze Covered Small Thorium Vein / Ooze Covered Rich Thorium Vein');
INSERT INTO `pool_gameobject` (`guid`, `pool_entry`, `chance`, `description`) VALUES (15460, 5619, 90, 'Ooze Covered Thorium Vein');
INSERT INTO `pool_gameobject` (`guid`, `pool_entry`, `chance`, `description`) VALUES (59821, 5619, 10, 'Ooze Covered Rich Thorium Vein');
INSERT INTO `gameobject` (`guid`, `id`, `map`, `position_x`, `position_y`, `position_z`, `orientation`, `rotation0`, `rotation1`, `rotation2`, `rotation3`, `spawntimesecsmin`, `spawntimesecsmax`, `state`, `animprogress`, `spawn_flags`) VALUES (59821, 177388, 1, -8116, -1271, -344, 5.139, 0, 0, 0, 0, 2700, 2700, 1, 100, 4);

DELETE FROM `pool_gameobject` WHERE `guid`=15461;
INSERT INTO `pool_template` (`entry`, `max_limit`, `description`) VALUES (5620, 1, 'Ooze Covered Small Thorium Vein / Ooze Covered Rich Thorium Vein');
INSERT INTO `pool_gameobject` (`guid`, `pool_entry`, `chance`, `description`) VALUES (15461, 5620, 90, 'Ooze Covered Thorium Vein');
INSERT INTO `pool_gameobject` (`guid`, `pool_entry`, `chance`, `description`) VALUES (59822, 5620, 10, 'Ooze Covered Rich Thorium Vein');
INSERT INTO `gameobject` (`guid`, `id`, `map`, `position_x`, `position_y`, `position_z`, `orientation`, `rotation0`, `rotation1`, `rotation2`, `rotation3`, `spawntimesecsmin`, `spawntimesecsmax`, `state`, `animprogress`, `spawn_flags`) VALUES (59822, 177388, 1, -8130, -1165, -330, 1.243, 0, 0, 0, 0, 2700, 2700, 1, 100, 4);

DELETE FROM `pool_gameobject` WHERE `guid`=15462;
INSERT INTO `pool_template` (`entry`, `max_limit`, `description`) VALUES (5621, 1, 'Ooze Covered Small Thorium Vein / Ooze Covered Rich Thorium Vein');
INSERT INTO `pool_gameobject` (`guid`, `pool_entry`, `chance`, `description`) VALUES (15462, 5621, 90, 'Ooze Covered Thorium Vein');
INSERT INTO `pool_gameobject` (`guid`, `pool_entry`, `chance`, `description`) VALUES (59823, 5621, 10, 'Ooze Covered Rich Thorium Vein');
INSERT INTO `gameobject` (`guid`, `id`, `map`, `position_x`, `position_y`, `position_z`, `orientation`, `rotation0`, `rotation1`, `rotation2`, `rotation3`, `spawntimesecsmin`, `spawntimesecsmax`, `state`, `animprogress`, `spawn_flags`) VALUES (59823, 177388, 1, -7945, -1286, -278, 2.618, 0, 0, 0.965926, 0.258819, 2700, 2700, 1, 100, 4);

DELETE FROM `pool_gameobject` WHERE `guid`=15463;
INSERT INTO `pool_template` (`entry`, `max_limit`, `description`) VALUES (5622, 1, 'Ooze Covered Small Thorium Vein / Ooze Covered Rich Thorium Vein');
INSERT INTO `pool_gameobject` (`guid`, `pool_entry`, `chance`, `description`) VALUES (15463, 5622, 90, 'Ooze Covered Thorium Vein');
INSERT INTO `pool_gameobject` (`guid`, `pool_entry`, `chance`, `description`) VALUES (59824, 5622, 10, 'Ooze Covered Rich Thorium Vein');
INSERT INTO `gameobject` (`guid`, `id`, `map`, `position_x`, `position_y`, `position_z`, `orientation`, `rotation0`, `rotation1`, `rotation2`, `rotation3`, `spawntimesecsmin`, `spawntimesecsmax`, `state`, `animprogress`, `spawn_flags`) VALUES (59824, 177388, 1, -8034, -1129, -317, 1.19, 0, 0, 0, 0, 2700, 2700, 1, 100, 4);

DELETE FROM `pool_gameobject` WHERE `guid`=15464;
INSERT INTO `pool_template` (`entry`, `max_limit`, `description`) VALUES (5623, 1, 'Ooze Covered Small Thorium Vein / Ooze Covered Rich Thorium Vein');
INSERT INTO `pool_gameobject` (`guid`, `pool_entry`, `chance`, `description`) VALUES (15464, 5623, 90, 'Ooze Covered Thorium Vein');
INSERT INTO `pool_gameobject` (`guid`, `pool_entry`, `chance`, `description`) VALUES (59825, 5623, 10, 'Ooze Covered Rich Thorium Vein');
INSERT INTO `gameobject` (`guid`, `id`, `map`, `position_x`, `position_y`, `position_z`, `orientation`, `rotation0`, `rotation1`, `rotation2`, `rotation3`, `spawntimesecsmin`, `spawntimesecsmax`, `state`, `animprogress`, `spawn_flags`) VALUES (59825, 177388, 1, -8006, -1307, -316, 2.459, 0, 0, 0, 0, 2700, 2700, 1, 100, 4);

DELETE FROM `pool_gameobject` WHERE `guid`=15465;
INSERT INTO `pool_template` (`entry`, `max_limit`, `description`) VALUES (5624, 1, 'Ooze Covered Small Thorium Vein / Ooze Covered Rich Thorium Vein');
INSERT INTO `pool_gameobject` (`guid`, `pool_entry`, `chance`, `description`) VALUES (15465, 5624, 90, 'Ooze Covered Thorium Vein');
INSERT INTO `pool_gameobject` (`guid`, `pool_entry`, `chance`, `description`) VALUES (59826, 5624, 10, 'Ooze Covered Rich Thorium Vein');
INSERT INTO `gameobject` (`guid`, `id`, `map`, `position_x`, `position_y`, `position_z`, `orientation`, `rotation0`, `rotation1`, `rotation2`, `rotation3`, `spawntimesecsmin`, `spawntimesecsmax`, `state`, `animprogress`, `spawn_flags`) VALUES (59826, 177388, 1, -8088, -1336, -268, 3.473, 0, 0, 0, 0, 2700, 2700, 1, 100, 4);

DELETE FROM `pool_gameobject` WHERE `guid`=15466;
INSERT INTO `pool_template` (`entry`, `max_limit`, `description`) VALUES (5625, 1, 'Ooze Covered Small Thorium Vein / Ooze Covered Rich Thorium Vein');
INSERT INTO `pool_gameobject` (`guid`, `pool_entry`, `chance`, `description`) VALUES (15466, 5625, 90, 'Ooze Covered Thorium Vein');
INSERT INTO `pool_gameobject` (`guid`, `pool_entry`, `chance`, `description`) VALUES (59827, 5625, 10, 'Ooze Covered Rich Thorium Vein');
INSERT INTO `gameobject` (`guid`, `id`, `map`, `position_x`, `position_y`, `position_z`, `orientation`, `rotation0`, `rotation1`, `rotation2`, `rotation3`, `spawntimesecsmin`, `spawntimesecsmax`, `state`, `animprogress`, `spawn_flags`) VALUES (59827, 177388, 1, -8035, -1247, -323, 1.416, 0, 0, 0, 0, 2700, 2700, 1, 100, 4);

DELETE FROM `pool_gameobject` WHERE `guid`=15467;
INSERT INTO `pool_template` (`entry`, `max_limit`, `description`) VALUES (5626, 1, 'Ooze Covered Small Thorium Vein / Ooze Covered Rich Thorium Vein');
INSERT INTO `pool_gameobject` (`guid`, `pool_entry`, `chance`, `description`) VALUES (15467, 5626, 90, 'Ooze Covered Thorium Vein');
INSERT INTO `pool_gameobject` (`guid`, `pool_entry`, `chance`, `description`) VALUES (59828, 5626, 10, 'Ooze Covered Rich Thorium Vein');
INSERT INTO `gameobject` (`guid`, `id`, `map`, `position_x`, `position_y`, `position_z`, `orientation`, `rotation0`, `rotation1`, `rotation2`, `rotation3`, `spawntimesecsmin`, `spawntimesecsmax`, `state`, `animprogress`, `spawn_flags`) VALUES (59828, 177388, 1, -8061, -1255, -332, -2, 0, 0, -0.906308, 0.422618, 2700, 2700, 1, 100, 4);

DELETE FROM `pool_gameobject` WHERE `guid`=15468;
INSERT INTO `pool_template` (`entry`, `max_limit`, `description`) VALUES (5627, 1, 'Ooze Covered Small Thorium Vein / Ooze Covered Rich Thorium Vein');
INSERT INTO `pool_gameobject` (`guid`, `pool_entry`, `chance`, `description`) VALUES (15468, 5627, 90, 'Ooze Covered Thorium Vein');
INSERT INTO `pool_gameobject` (`guid`, `pool_entry`, `chance`, `description`) VALUES (59829, 5627, 10, 'Ooze Covered Rich Thorium Vein');
INSERT INTO `gameobject` (`guid`, `id`, `map`, `position_x`, `position_y`, `position_z`, `orientation`, `rotation0`, `rotation1`, `rotation2`, `rotation3`, `spawntimesecsmin`, `spawntimesecsmax`, `state`, `animprogress`, `spawn_flags`) VALUES (59829, 177388, 1, -5295, 207.338, 61.419, 2.271, 0, 0, 0, 0, 2700, 2700, 1, 100, 4);

DELETE FROM `pool_gameobject` WHERE `guid`=15469;
INSERT INTO `pool_template` (`entry`, `max_limit`, `description`) VALUES (5628, 1, 'Ooze Covered Small Thorium Vein / Ooze Covered Rich Thorium Vein');
INSERT INTO `pool_gameobject` (`guid`, `pool_entry`, `chance`, `description`) VALUES (15469, 5628, 90, 'Ooze Covered Thorium Vein');
INSERT INTO `pool_gameobject` (`guid`, `pool_entry`, `chance`, `description`) VALUES (59830, 5628, 10, 'Ooze Covered Rich Thorium Vein');
INSERT INTO `gameobject` (`guid`, `id`, `map`, `position_x`, `position_y`, `position_z`, `orientation`, `rotation0`, `rotation1`, `rotation2`, `rotation3`, `spawntimesecsmin`, `spawntimesecsmax`, `state`, `animprogress`, `spawn_flags`) VALUES (59830, 177388, 1, -8053, -1288, -330, 3.213, 0, 0, 0, 0, 2700, 2700, 1, 100, 4);

DELETE FROM `pool_gameobject` WHERE `guid`=15470;
INSERT INTO `pool_template` (`entry`, `max_limit`, `description`) VALUES (5629, 1, 'Ooze Covered Small Thorium Vein / Ooze Covered Rich Thorium Vein');
INSERT INTO `pool_gameobject` (`guid`, `pool_entry`, `chance`, `description`) VALUES (15470, 5629, 90, 'Ooze Covered Thorium Vein');
INSERT INTO `pool_gameobject` (`guid`, `pool_entry`, `chance`, `description`) VALUES (59831, 5629, 10, 'Ooze Covered Rich Thorium Vein');
INSERT INTO `gameobject` (`guid`, `id`, `map`, `position_x`, `position_y`, `position_z`, `orientation`, `rotation0`, `rotation1`, `rotation2`, `rotation3`, `spawntimesecsmin`, `spawntimesecsmax`, `state`, `animprogress`, `spawn_flags`) VALUES (59831, 177388, 1, -7965, -1077, -328, 1.518, 0, 0, 0.688354, 0.725375, 2700, 2700, 1, 100, 4);

DELETE FROM `pool_gameobject` WHERE `guid`=15471;
INSERT INTO `pool_template` (`entry`, `max_limit`, `description`) VALUES (5630, 1, 'Ooze Covered Small Thorium Vein / Ooze Covered Rich Thorium Vein');
INSERT INTO `pool_gameobject` (`guid`, `pool_entry`, `chance`, `description`) VALUES (15471, 5630, 90, 'Ooze Covered Thorium Vein');
INSERT INTO `pool_gameobject` (`guid`, `pool_entry`, `chance`, `description`) VALUES (59832, 5630, 10, 'Ooze Covered Rich Thorium Vein');
INSERT INTO `gameobject` (`guid`, `id`, `map`, `position_x`, `position_y`, `position_z`, `orientation`, `rotation0`, `rotation1`, `rotation2`, `rotation3`, `spawntimesecsmin`, `spawntimesecsmax`, `state`, `animprogress`, `spawn_flags`) VALUES (59832, 177388, 1, -5343, 370.202, 62.399, 2.519, 0, 0, 0, 0, 2700, 2700, 1, 100, 4);

DELETE FROM `pool_gameobject` WHERE `guid`=15472;
INSERT INTO `pool_template` (`entry`, `max_limit`, `description`) VALUES (5631, 1, 'Ooze Covered Small Thorium Vein / Ooze Covered Rich Thorium Vein');
INSERT INTO `pool_gameobject` (`guid`, `pool_entry`, `chance`, `description`) VALUES (15472, 5631, 90, 'Ooze Covered Thorium Vein');
INSERT INTO `pool_gameobject` (`guid`, `pool_entry`, `chance`, `description`) VALUES (59833, 5631, 10, 'Ooze Covered Rich Thorium Vein');
INSERT INTO `gameobject` (`guid`, `id`, `map`, `position_x`, `position_y`, `position_z`, `orientation`, `rotation0`, `rotation1`, `rotation2`, `rotation3`, `spawntimesecsmin`, `spawntimesecsmax`, `state`, `animprogress`, `spawn_flags`) VALUES (59833, 177388, 1, -8012, -1191, -323, 1.463, 0, 0, 0, 0, 2700, 2700, 1, 100, 4);

DELETE FROM `pool_gameobject` WHERE `guid`=15473;
INSERT INTO `pool_template` (`entry`, `max_limit`, `description`) VALUES (5632, 1, 'Ooze Covered Small Thorium Vein / Ooze Covered Rich Thorium Vein');
INSERT INTO `pool_gameobject` (`guid`, `pool_entry`, `chance`, `description`) VALUES (15473, 5632, 90, 'Ooze Covered Thorium Vein');
INSERT INTO `pool_gameobject` (`guid`, `pool_entry`, `chance`, `description`) VALUES (59834, 5632, 10, 'Ooze Covered Rich Thorium Vein');
INSERT INTO `gameobject` (`guid`, `id`, `map`, `position_x`, `position_y`, `position_z`, `orientation`, `rotation0`, `rotation1`, `rotation2`, `rotation3`, `spawntimesecsmin`, `spawntimesecsmax`, `state`, `animprogress`, `spawn_flags`) VALUES (59834, 177388, 1, -8115, -1271, -266, 2.456, 0, 0, 0, 0, 2700, 2700, 1, 100, 4);

DELETE FROM `pool_gameobject` WHERE `guid`=50167;
INSERT INTO `pool_template` (`entry`, `max_limit`, `description`) VALUES (5633, 1, 'Ooze Covered Small Thorium Vein / Ooze Covered Rich Thorium Vein');
INSERT INTO `pool_gameobject` (`guid`, `pool_entry`, `chance`, `description`) VALUES (50167, 5633, 90, 'Ooze Covered Thorium Vein');
INSERT INTO `pool_gameobject` (`guid`, `pool_entry`, `chance`, `description`) VALUES (59835, 5633, 10, 'Ooze Covered Rich Thorium Vein');
INSERT INTO `gameobject` (`guid`, `id`, `map`, `position_x`, `position_y`, `position_z`, `orientation`, `rotation0`, `rotation1`, `rotation2`, `rotation3`, `spawntimesecsmin`, `spawntimesecsmax`, `state`, `animprogress`, `spawn_flags`) VALUES (59835, 177388, 1, -5320.53, 451.727, 9.51992, -2.33874, 0, 0, 0.920505, -0.390731, 2700, 2700, 1, 100, 4);

DELETE FROM `pool_gameobject` WHERE `guid`=20542;
INSERT INTO `pool_template` (`entry`, `max_limit`, `description`) VALUES (5634, 1, 'Ooze Covered Small Thorium Vein / Ooze Covered Rich Thorium Vein');
INSERT INTO `pool_gameobject` (`guid`, `pool_entry`, `chance`, `description`) VALUES (20542, 5634, 10, 'Ooze Covered Rich Thorium Vein');
INSERT INTO `pool_gameobject` (`guid`, `pool_entry`, `chance`, `description`) VALUES (59836, 5634, 90, 'Ooze Covered Thorium Vein');
INSERT INTO `gameobject` (`guid`, `id`, `map`, `position_x`, `position_y`, `position_z`, `orientation`, `rotation0`, `rotation1`, `rotation2`, `rotation3`, `spawntimesecsmin`, `spawntimesecsmax`, `state`, `animprogress`, `spawn_flags`) VALUES (59836, 123848, 1, -7235, 1859.18, -82, 0.824, 0, 0, 0, 0, 2700, 2700, 1, 100, 0);

DELETE FROM `pool_gameobject` WHERE `guid`=20543;
INSERT INTO `pool_template` (`entry`, `max_limit`, `description`) VALUES (5635, 1, 'Ooze Covered Small Thorium Vein / Ooze Covered Rich Thorium Vein');
INSERT INTO `pool_gameobject` (`guid`, `pool_entry`, `chance`, `description`) VALUES (20543, 5635, 10, 'Ooze Covered Rich Thorium Vein');
INSERT INTO `pool_gameobject` (`guid`, `pool_entry`, `chance`, `description`) VALUES (59837, 5635, 90, 'Ooze Covered Thorium Vein');
INSERT INTO `gameobject` (`guid`, `id`, `map`, `position_x`, `position_y`, `position_z`, `orientation`, `rotation0`, `rotation1`, `rotation2`, `rotation3`, `spawntimesecsmin`, `spawntimesecsmax`, `state`, `animprogress`, `spawn_flags`) VALUES (59837, 123848, 1, -6261, 1129.39, -26, 2.41, 0, 0, 0, 0, 2700, 2700, 1, 100, 0);

DELETE FROM `pool_gameobject` WHERE `guid`=20544;
INSERT INTO `pool_template` (`entry`, `max_limit`, `description`) VALUES (5636, 1, 'Ooze Covered Small Thorium Vein / Ooze Covered Rich Thorium Vein');
INSERT INTO `pool_gameobject` (`guid`, `pool_entry`, `chance`, `description`) VALUES (20544, 5636, 10, 'Ooze Covered Rich Thorium Vein');
INSERT INTO `pool_gameobject` (`guid`, `pool_entry`, `chance`, `description`) VALUES (59838, 5636, 90, 'Ooze Covered Thorium Vein');
INSERT INTO `gameobject` (`guid`, `id`, `map`, `position_x`, `position_y`, `position_z`, `orientation`, `rotation0`, `rotation1`, `rotation2`, `rotation3`, `spawntimesecsmin`, `spawntimesecsmax`, `state`, `animprogress`, `spawn_flags`) VALUES (59838, 123848, 1, -7061, 1624.37, 5.127, 1.317, 0, 0, 0, 0, 2700, 2700, 1, 100, 0);

DELETE FROM `pool_gameobject` WHERE `guid`=20545;
INSERT INTO `pool_template` (`entry`, `max_limit`, `description`) VALUES (5637, 1, 'Ooze Covered Small Thorium Vein / Ooze Covered Rich Thorium Vein');
INSERT INTO `pool_gameobject` (`guid`, `pool_entry`, `chance`, `description`) VALUES (20545, 5637, 10, 'Ooze Covered Rich Thorium Vein');
INSERT INTO `pool_gameobject` (`guid`, `pool_entry`, `chance`, `description`) VALUES (59839, 5637, 90, 'Ooze Covered Thorium Vein');
INSERT INTO `gameobject` (`guid`, `id`, `map`, `position_x`, `position_y`, `position_z`, `orientation`, `rotation0`, `rotation1`, `rotation2`, `rotation3`, `spawntimesecsmin`, `spawntimesecsmax`, `state`, `animprogress`, `spawn_flags`) VALUES (59839, 123848, 1, -7159, 1722.48, -10, 3.274, 0, 0, 0, 0, 2700, 2700, 1, 100, 0);

DELETE FROM `pool_gameobject` WHERE `guid`=20546;
INSERT INTO `pool_template` (`entry`, `max_limit`, `description`) VALUES (5638, 1, 'Ooze Covered Small Thorium Vein / Ooze Covered Rich Thorium Vein');
INSERT INTO `pool_gameobject` (`guid`, `pool_entry`, `chance`, `description`) VALUES (20546, 5638, 10, 'Ooze Covered Rich Thorium Vein');
INSERT INTO `pool_gameobject` (`guid`, `pool_entry`, `chance`, `description`) VALUES (59840, 5638, 90, 'Ooze Covered Thorium Vein');
INSERT INTO `gameobject` (`guid`, `id`, `map`, `position_x`, `position_y`, `position_z`, `orientation`, `rotation0`, `rotation1`, `rotation2`, `rotation3`, `spawntimesecsmin`, `spawntimesecsmax`, `state`, `animprogress`, `spawn_flags`) VALUES (59840, 123848, 1, -7101, 1272.79, 5.261, 2.096, 0, 0, 0, 0, 2700, 2700, 1, 100, 0);

DELETE FROM `pool_gameobject` WHERE `guid`=20547;
INSERT INTO `pool_template` (`entry`, `max_limit`, `description`) VALUES (5639, 1, 'Ooze Covered Small Thorium Vein / Ooze Covered Rich Thorium Vein');
INSERT INTO `pool_gameobject` (`guid`, `pool_entry`, `chance`, `description`) VALUES (20547, 5639, 10, 'Ooze Covered Rich Thorium Vein');
INSERT INTO `pool_gameobject` (`guid`, `pool_entry`, `chance`, `description`) VALUES (59841, 5639, 90, 'Ooze Covered Thorium Vein');
INSERT INTO `gameobject` (`guid`, `id`, `map`, `position_x`, `position_y`, `position_z`, `orientation`, `rotation0`, `rotation1`, `rotation2`, `rotation3`, `spawntimesecsmin`, `spawntimesecsmax`, `state`, `animprogress`, `spawn_flags`) VALUES (59841, 123848, 1, -6249, 985.954, -39, 6.148, 0, 0, 0, 0, 2700, 2700, 1, 100, 0);

DELETE FROM `pool_gameobject` WHERE `guid`=20548;
INSERT INTO `pool_template` (`entry`, `max_limit`, `description`) VALUES (5640, 1, 'Ooze Covered Small Thorium Vein / Ooze Covered Rich Thorium Vein');
INSERT INTO `pool_gameobject` (`guid`, `pool_entry`, `chance`, `description`) VALUES (20548, 5640, 10, 'Ooze Covered Rich Thorium Vein');
INSERT INTO `pool_gameobject` (`guid`, `pool_entry`, `chance`, `description`) VALUES (59842, 5640, 90, 'Ooze Covered Thorium Vein');
INSERT INTO `gameobject` (`guid`, `id`, `map`, `position_x`, `position_y`, `position_z`, `orientation`, `rotation0`, `rotation1`, `rotation2`, `rotation3`, `spawntimesecsmin`, `spawntimesecsmax`, `state`, `animprogress`, `spawn_flags`) VALUES (59842, 123848, 1, -6620, 1047.31, -36, 0.34, 0, 0, 0, 0, 2700, 2700, 1, 100, 0);

DELETE FROM `pool_gameobject` WHERE `guid`=20549;
INSERT INTO `pool_template` (`entry`, `max_limit`, `description`) VALUES (5641, 1, 'Ooze Covered Small Thorium Vein / Ooze Covered Rich Thorium Vein');
INSERT INTO `pool_gameobject` (`guid`, `pool_entry`, `chance`, `description`) VALUES (20549, 5641, 10, 'Ooze Covered Rich Thorium Vein');
INSERT INTO `pool_gameobject` (`guid`, `pool_entry`, `chance`, `description`) VALUES (59843, 5641, 90, 'Ooze Covered Thorium Vein');
INSERT INTO `gameobject` (`guid`, `id`, `map`, `position_x`, `position_y`, `position_z`, `orientation`, `rotation0`, `rotation1`, `rotation2`, `rotation3`, `spawntimesecsmin`, `spawntimesecsmax`, `state`, `animprogress`, `spawn_flags`) VALUES (59843, 123848, 1, -6268, 1053.72, -33, 2.517, 0, 0, 0, 0, 2700, 2700, 1, 100, 0);

DELETE FROM `pool_gameobject` WHERE `guid`=20550;
INSERT INTO `pool_template` (`entry`, `max_limit`, `description`) VALUES (5642, 1, 'Ooze Covered Small Thorium Vein / Ooze Covered Rich Thorium Vein');
INSERT INTO `pool_gameobject` (`guid`, `pool_entry`, `chance`, `description`) VALUES (20550, 5642, 10, 'Ooze Covered Rich Thorium Vein');
INSERT INTO `pool_gameobject` (`guid`, `pool_entry`, `chance`, `description`) VALUES (59844, 5642, 90, 'Ooze Covered Thorium Vein');
INSERT INTO `gameobject` (`guid`, `id`, `map`, `position_x`, `position_y`, `position_z`, `orientation`, `rotation0`, `rotation1`, `rotation2`, `rotation3`, `spawntimesecsmin`, `spawntimesecsmax`, `state`, `animprogress`, `spawn_flags`) VALUES (59844, 123848, 1, -6599, 1138.67, -46, 1.345, 0, 0, 0, 0, 2700, 2700, 1, 100, 0);

DELETE FROM `pool_gameobject` WHERE `guid`=20551;
INSERT INTO `pool_template` (`entry`, `max_limit`, `description`) VALUES (5643, 1, 'Ooze Covered Small Thorium Vein / Ooze Covered Rich Thorium Vein');
INSERT INTO `pool_gameobject` (`guid`, `pool_entry`, `chance`, `description`) VALUES (20551, 5643, 10, 'Ooze Covered Rich Thorium Vein');
INSERT INTO `pool_gameobject` (`guid`, `pool_entry`, `chance`, `description`) VALUES (59845, 5643, 90, 'Ooze Covered Thorium Vein');
INSERT INTO `gameobject` (`guid`, `id`, `map`, `position_x`, `position_y`, `position_z`, `orientation`, `rotation0`, `rotation1`, `rotation2`, `rotation3`, `spawntimesecsmin`, `spawntimesecsmax`, `state`, `animprogress`, `spawn_flags`) VALUES (59845, 123848, 1, -7230, 1799.2, -65, 1.351, 0, 0, 0, 0, 2700, 2700, 1, 100, 0);

DELETE FROM `pool_gameobject` WHERE `guid`=20552;
INSERT INTO `pool_template` (`entry`, `max_limit`, `description`) VALUES (5644, 1, 'Ooze Covered Small Thorium Vein / Ooze Covered Rich Thorium Vein');
INSERT INTO `pool_gameobject` (`guid`, `pool_entry`, `chance`, `description`) VALUES (20552, 5644, 10, 'Ooze Covered Rich Thorium Vein');
INSERT INTO `pool_gameobject` (`guid`, `pool_entry`, `chance`, `description`) VALUES (59846, 5644, 90, 'Ooze Covered Thorium Vein');
INSERT INTO `gameobject` (`guid`, `id`, `map`, `position_x`, `position_y`, `position_z`, `orientation`, `rotation0`, `rotation1`, `rotation2`, `rotation3`, `spawntimesecsmin`, `spawntimesecsmax`, `state`, `animprogress`, `spawn_flags`) VALUES (59846, 123848, 1, -6660, 1075.4, -27, 1.672, 0, 0, 0, 0, 2700, 2700, 1, 100, 0);

DELETE FROM `pool_gameobject` WHERE `guid`=20554;
INSERT INTO `pool_template` (`entry`, `max_limit`, `description`) VALUES (5645, 1, 'Ooze Covered Small Thorium Vein / Ooze Covered Rich Thorium Vein');
INSERT INTO `pool_gameobject` (`guid`, `pool_entry`, `chance`, `description`) VALUES (20554, 5645, 10, 'Ooze Covered Rich Thorium Vein');
INSERT INTO `pool_gameobject` (`guid`, `pool_entry`, `chance`, `description`) VALUES (59847, 5645, 90, 'Ooze Covered Thorium Vein');
INSERT INTO `gameobject` (`guid`, `id`, `map`, `position_x`, `position_y`, `position_z`, `orientation`, `rotation0`, `rotation1`, `rotation2`, `rotation3`, `spawntimesecsmin`, `spawntimesecsmax`, `state`, `animprogress`, `spawn_flags`) VALUES (59847, 123848, 1, -6242, 928.06, -38, 3.824, 0, 0, 0, 0, 2700, 2700, 1, 100, 0);

DELETE FROM `pool_gameobject` WHERE `guid`=20555;
INSERT INTO `pool_template` (`entry`, `max_limit`, `description`) VALUES (5646, 1, 'Ooze Covered Small Thorium Vein / Ooze Covered Rich Thorium Vein');
INSERT INTO `pool_gameobject` (`guid`, `pool_entry`, `chance`, `description`) VALUES (20555, 5646, 10, 'Ooze Covered Rich Thorium Vein');
INSERT INTO `pool_gameobject` (`guid`, `pool_entry`, `chance`, `description`) VALUES (59848, 5646, 90, 'Ooze Covered Thorium Vein');
INSERT INTO `gameobject` (`guid`, `id`, `map`, `position_x`, `position_y`, `position_z`, `orientation`, `rotation0`, `rotation1`, `rotation2`, `rotation3`, `spawntimesecsmin`, `spawntimesecsmax`, `state`, `animprogress`, `spawn_flags`) VALUES (59848, 123848, 1, -7245, 1859.5, -87, 2.545, 0, 0, 0, 0, 2700, 2700, 1, 100, 0);

DELETE FROM `pool_gameobject` WHERE `guid`=49435;
INSERT INTO `pool_template` (`entry`, `max_limit`, `description`) VALUES (5647, 1, 'Ooze Covered Small Thorium Vein / Ooze Covered Rich Thorium Vein');
INSERT INTO `pool_gameobject` (`guid`, `pool_entry`, `chance`, `description`) VALUES (49435, 5647, 10, 'Ooze Covered Rich Thorium Vein');
INSERT INTO `pool_gameobject` (`guid`, `pool_entry`, `chance`, `description`) VALUES (59849, 5647, 90, 'Ooze Covered Thorium Vein');
INSERT INTO `gameobject` (`guid`, `id`, `map`, `position_x`, `position_y`, `position_z`, `orientation`, `rotation0`, `rotation1`, `rotation2`, `rotation3`, `spawntimesecsmin`, `spawntimesecsmax`, `state`, `animprogress`, `spawn_flags`) VALUES (59849, 123848, 1, -8290.17, 564.736, -84.2301, 2.6529, 0, 0, 0.970296, 0.241922, 2700, 2700, 1, 100, 0);

DELETE FROM `pool_gameobject` WHERE `guid`=49436;
INSERT INTO `pool_template` (`entry`, `max_limit`, `description`) VALUES (5648, 1, 'Ooze Covered Small Thorium Vein / Ooze Covered Rich Thorium Vein');
INSERT INTO `pool_gameobject` (`guid`, `pool_entry`, `chance`, `description`) VALUES (49436, 5648, 10, 'Ooze Covered Rich Thorium Vein');
INSERT INTO `pool_gameobject` (`guid`, `pool_entry`, `chance`, `description`) VALUES (59850, 5648, 90, 'Ooze Covered Thorium Vein');
INSERT INTO `gameobject` (`guid`, `id`, `map`, `position_x`, `position_y`, `position_z`, `orientation`, `rotation0`, `rotation1`, `rotation2`, `rotation3`, `spawntimesecsmin`, `spawntimesecsmax`, `state`, `animprogress`, `spawn_flags`) VALUES (59850, 123848, 1, -6636.41, 945.352, -52.6581, 0.069813, 0, 0, 0.034899, 0.999391, 2700, 2700, 1, 100, 0);

DELETE FROM `pool_gameobject` WHERE `guid`=49437;
INSERT INTO `pool_template` (`entry`, `max_limit`, `description`) VALUES (5649, 1, 'Ooze Covered Small Thorium Vein / Ooze Covered Rich Thorium Vein');
INSERT INTO `pool_gameobject` (`guid`, `pool_entry`, `chance`, `description`) VALUES (49437, 5649, 10, 'Ooze Covered Rich Thorium Vein');
INSERT INTO `pool_gameobject` (`guid`, `pool_entry`, `chance`, `description`) VALUES (59851, 5649, 90, 'Ooze Covered Thorium Vein');
INSERT INTO `gameobject` (`guid`, `id`, `map`, `position_x`, `position_y`, `position_z`, `orientation`, `rotation0`, `rotation1`, `rotation2`, `rotation3`, `spawntimesecsmin`, `spawntimesecsmax`, `state`, `animprogress`, `spawn_flags`) VALUES (59851, 123848, 1, -8346.8, 690.752, -70.9637, -0.314159, 0, 0, 0.156434, -0.987688, 2700, 2700, 1, 100, 0);

DELETE FROM `pool_gameobject` WHERE `guid`=49438;
INSERT INTO `pool_template` (`entry`, `max_limit`, `description`) VALUES (5650, 1, 'Ooze Covered Small Thorium Vein / Ooze Covered Rich Thorium Vein');
INSERT INTO `pool_gameobject` (`guid`, `pool_entry`, `chance`, `description`) VALUES (49438, 5650, 10, 'Ooze Covered Rich Thorium Vein');
INSERT INTO `pool_gameobject` (`guid`, `pool_entry`, `chance`, `description`) VALUES (59852, 5650, 90, 'Ooze Covered Thorium Vein');
INSERT INTO `gameobject` (`guid`, `id`, `map`, `position_x`, `position_y`, `position_z`, `orientation`, `rotation0`, `rotation1`, `rotation2`, `rotation3`, `spawntimesecsmin`, `spawntimesecsmax`, `state`, `animprogress`, `spawn_flags`) VALUES (59852, 123848, 1, -7574.74, 1924.99, -59.4103, -1.27409, 0, 0, 0.594823, -0.803857, 2700, 2700, 1, 100, 0);

DELETE FROM `pool_gameobject` WHERE `guid`=49439;
INSERT INTO `pool_template` (`entry`, `max_limit`, `description`) VALUES (5651, 1, 'Ooze Covered Small Thorium Vein / Ooze Covered Rich Thorium Vein');
INSERT INTO `pool_gameobject` (`guid`, `pool_entry`, `chance`, `description`) VALUES (49439, 5651, 10, 'Ooze Covered Rich Thorium Vein');
INSERT INTO `pool_gameobject` (`guid`, `pool_entry`, `chance`, `description`) VALUES (59853, 5651, 90, 'Ooze Covered Thorium Vein');
INSERT INTO `gameobject` (`guid`, `id`, `map`, `position_x`, `position_y`, `position_z`, `orientation`, `rotation0`, `rotation1`, `rotation2`, `rotation3`, `spawntimesecsmin`, `spawntimesecsmax`, `state`, `animprogress`, `spawn_flags`) VALUES (59853, 123848, 1, -6586.51, 1060.81, -39.6422, -2.53073, 0, 0, 0.953717, -0.300706, 2700, 2700, 1, 100, 0);

DELETE FROM `pool_gameobject` WHERE `guid`=49440;
INSERT INTO `pool_template` (`entry`, `max_limit`, `description`) VALUES (5652, 1, 'Ooze Covered Small Thorium Vein / Ooze Covered Rich Thorium Vein');
INSERT INTO `pool_gameobject` (`guid`, `pool_entry`, `chance`, `description`) VALUES (49440, 5652, 10, 'Ooze Covered Rich Thorium Vein');
INSERT INTO `pool_gameobject` (`guid`, `pool_entry`, `chance`, `description`) VALUES (59854, 5652, 90, 'Ooze Covered Thorium Vein');
INSERT INTO `gameobject` (`guid`, `id`, `map`, `position_x`, `position_y`, `position_z`, `orientation`, `rotation0`, `rotation1`, `rotation2`, `rotation3`, `spawntimesecsmin`, `spawntimesecsmax`, `state`, `animprogress`, `spawn_flags`) VALUES (59854, 123848, 1, -6325.73, 999.277, -31.9301, 1.85005, 0, 0, 0.798636, 0.601815, 2700, 2700, 1, 100, 0);

DELETE FROM `pool_gameobject` WHERE `guid`=49441;
INSERT INTO `pool_template` (`entry`, `max_limit`, `description`) VALUES (5653, 1, 'Ooze Covered Small Thorium Vein / Ooze Covered Rich Thorium Vein');
INSERT INTO `pool_gameobject` (`guid`, `pool_entry`, `chance`, `description`) VALUES (49441, 5653, 10, 'Ooze Covered Rich Thorium Vein');
INSERT INTO `pool_gameobject` (`guid`, `pool_entry`, `chance`, `description`) VALUES (59855, 5653, 90, 'Ooze Covered Thorium Vein');
INSERT INTO `gameobject` (`guid`, `id`, `map`, `position_x`, `position_y`, `position_z`, `orientation`, `rotation0`, `rotation1`, `rotation2`, `rotation3`, `spawntimesecsmin`, `spawntimesecsmax`, `state`, `animprogress`, `spawn_flags`) VALUES (59855, 123848, 1, -7272.44, 1700.95, -62.5224, -2.80998, 0, 0, 0.986286, -0.165048, 2700, 2700, 1, 100, 0);

DELETE FROM `pool_gameobject` WHERE `guid`=49442;
INSERT INTO `pool_template` (`entry`, `max_limit`, `description`) VALUES (5654, 1, 'Ooze Covered Small Thorium Vein / Ooze Covered Rich Thorium Vein');
INSERT INTO `pool_gameobject` (`guid`, `pool_entry`, `chance`, `description`) VALUES (49442, 5654, 10, 'Ooze Covered Rich Thorium Vein');
INSERT INTO `pool_gameobject` (`guid`, `pool_entry`, `chance`, `description`) VALUES (59856, 5654, 90, 'Ooze Covered Thorium Vein');
INSERT INTO `gameobject` (`guid`, `id`, `map`, `position_x`, `position_y`, `position_z`, `orientation`, `rotation0`, `rotation1`, `rotation2`, `rotation3`, `spawntimesecsmin`, `spawntimesecsmax`, `state`, `animprogress`, `spawn_flags`) VALUES (59856, 123848, 1, -7582, 1586.19, -67.023, 3.01942, 0, 0, 0.998135, 0.061049, 2700, 2700, 1, 100, 0);

DELETE FROM `pool_gameobject` WHERE `guid`=49443;
INSERT INTO `pool_template` (`entry`, `max_limit`, `description`) VALUES (5655, 1, 'Ooze Covered Small Thorium Vein / Ooze Covered Rich Thorium Vein');
INSERT INTO `pool_gameobject` (`guid`, `pool_entry`, `chance`, `description`) VALUES (49443, 5655, 10, 'Ooze Covered Rich Thorium Vein');
INSERT INTO `pool_gameobject` (`guid`, `pool_entry`, `chance`, `description`) VALUES (59857, 5655, 90, 'Ooze Covered Thorium Vein');
INSERT INTO `gameobject` (`guid`, `id`, `map`, `position_x`, `position_y`, `position_z`, `orientation`, `rotation0`, `rotation1`, `rotation2`, `rotation3`, `spawntimesecsmin`, `spawntimesecsmax`, `state`, `animprogress`, `spawn_flags`) VALUES (59857, 123848, 1, -8126.34, 784.782, -79.5988, -2.42601, 0, 0, 0.936672, -0.350207, 2700, 2700, 1, 100, 0);

DELETE FROM `pool_gameobject` WHERE `guid`=49444;
INSERT INTO `pool_template` (`entry`, `max_limit`, `description`) VALUES (5656, 1, 'Ooze Covered Small Thorium Vein / Ooze Covered Rich Thorium Vein');
INSERT INTO `pool_gameobject` (`guid`, `pool_entry`, `chance`, `description`) VALUES (49444, 5656, 10, 'Ooze Covered Rich Thorium Vein');
INSERT INTO `pool_gameobject` (`guid`, `pool_entry`, `chance`, `description`) VALUES (59858, 5656, 90, 'Ooze Covered Thorium Vein');
INSERT INTO `gameobject` (`guid`, `id`, `map`, `position_x`, `position_y`, `position_z`, `orientation`, `rotation0`, `rotation1`, `rotation2`, `rotation3`, `spawntimesecsmin`, `spawntimesecsmax`, `state`, `animprogress`, `spawn_flags`) VALUES (59858, 123848, 1, -7480.34, 1851.99, -53.8354, -0.069813, 0, 0, 0.034899, -0.999391, 2700, 2700, 1, 100, 0);

DELETE FROM `pool_gameobject` WHERE `guid`=49445;
INSERT INTO `pool_template` (`entry`, `max_limit`, `description`) VALUES (5657, 1, 'Ooze Covered Small Thorium Vein / Ooze Covered Rich Thorium Vein');
INSERT INTO `pool_gameobject` (`guid`, `pool_entry`, `chance`, `description`) VALUES (49445, 5657, 10, 'Ooze Covered Rich Thorium Vein');
INSERT INTO `pool_gameobject` (`guid`, `pool_entry`, `chance`, `description`) VALUES (59859, 5657, 90, 'Ooze Covered Thorium Vein');
INSERT INTO `gameobject` (`guid`, `id`, `map`, `position_x`, `position_y`, `position_z`, `orientation`, `rotation0`, `rotation1`, `rotation2`, `rotation3`, `spawntimesecsmin`, `spawntimesecsmax`, `state`, `animprogress`, `spawn_flags`) VALUES (59859, 123848, 1, -7824.6, 362.929, -66.6964, -1.97222, 0, 0, 0.833886, -0.551937, 2700, 2700, 1, 100, 0);

DELETE FROM `pool_gameobject` WHERE `guid`=49446;
INSERT INTO `pool_template` (`entry`, `max_limit`, `description`) VALUES (5658, 1, 'Ooze Covered Small Thorium Vein / Ooze Covered Rich Thorium Vein');
INSERT INTO `pool_gameobject` (`guid`, `pool_entry`, `chance`, `description`) VALUES (49446, 5658, 10, 'Ooze Covered Rich Thorium Vein');
INSERT INTO `pool_gameobject` (`guid`, `pool_entry`, `chance`, `description`) VALUES (59860, 5658, 90, 'Ooze Covered Thorium Vein');
INSERT INTO `gameobject` (`guid`, `id`, `map`, `position_x`, `position_y`, `position_z`, `orientation`, `rotation0`, `rotation1`, `rotation2`, `rotation3`, `spawntimesecsmin`, `spawntimesecsmax`, `state`, `animprogress`, `spawn_flags`) VALUES (59860, 123848, 1, -6335.74, 1185.27, -20.9147, -2.49582, 0, 0, 0.948324, -0.317305, 2700, 2700, 1, 100, 0);

DELETE FROM `pool_gameobject` WHERE `guid`=49447;
INSERT INTO `pool_template` (`entry`, `max_limit`, `description`) VALUES (5659, 1, 'Ooze Covered Small Thorium Vein / Ooze Covered Rich Thorium Vein');
INSERT INTO `pool_gameobject` (`guid`, `pool_entry`, `chance`, `description`) VALUES (49447, 5659, 10, 'Ooze Covered Rich Thorium Vein');
INSERT INTO `pool_gameobject` (`guid`, `pool_entry`, `chance`, `description`) VALUES (59861, 5659, 90, 'Ooze Covered Thorium Vein');
INSERT INTO `gameobject` (`guid`, `id`, `map`, `position_x`, `position_y`, `position_z`, `orientation`, `rotation0`, `rotation1`, `rotation2`, `rotation3`, `spawntimesecsmin`, `spawntimesecsmax`, `state`, `animprogress`, `spawn_flags`) VALUES (59861, 123848, 1, -6325.71, 956.071, 5.64124, -2.23402, 0, 0, 0.898794, -0.438371, 2700, 2700, 1, 100, 0);

DELETE FROM `pool_gameobject` WHERE `guid`=49448;
INSERT INTO `pool_template` (`entry`, `max_limit`, `description`) VALUES (5660, 1, 'Ooze Covered Small Thorium Vein / Ooze Covered Rich Thorium Vein');
INSERT INTO `pool_gameobject` (`guid`, `pool_entry`, `chance`, `description`) VALUES (49448, 5660, 10, 'Ooze Covered Rich Thorium Vein');
INSERT INTO `pool_gameobject` (`guid`, `pool_entry`, `chance`, `description`) VALUES (59862, 5660, 90, 'Ooze Covered Thorium Vein');
INSERT INTO `gameobject` (`guid`, `id`, `map`, `position_x`, `position_y`, `position_z`, `orientation`, `rotation0`, `rotation1`, `rotation2`, `rotation3`, `spawntimesecsmin`, `spawntimesecsmax`, `state`, `animprogress`, `spawn_flags`) VALUES (59862, 123848, 1, -7471.04, 1287.15, -85.9731, -2.14675, 0, 0, 0.878817, -0.477159, 2700, 2700, 1, 100, 0);

DELETE FROM `pool_gameobject` WHERE `guid`=49449;
INSERT INTO `pool_template` (`entry`, `max_limit`, `description`) VALUES (5661, 1, 'Ooze Covered Small Thorium Vein / Ooze Covered Rich Thorium Vein');
INSERT INTO `pool_gameobject` (`guid`, `pool_entry`, `chance`, `description`) VALUES (49449, 5661, 10, 'Ooze Covered Rich Thorium Vein');
INSERT INTO `pool_gameobject` (`guid`, `pool_entry`, `chance`, `description`) VALUES (59863, 5661, 90, 'Ooze Covered Thorium Vein');
INSERT INTO `gameobject` (`guid`, `id`, `map`, `position_x`, `position_y`, `position_z`, `orientation`, `rotation0`, `rotation1`, `rotation2`, `rotation3`, `spawntimesecsmin`, `spawntimesecsmax`, `state`, `animprogress`, `spawn_flags`) VALUES (59863, 123848, 1, -7659.53, 296.228, -37.8649, -3.05433, 0, 0, 0.999048, -0.043619, 2700, 2700, 1, 100, 0);

DELETE FROM `pool_gameobject` WHERE `guid`=50348;
INSERT INTO `pool_template` (`entry`, `max_limit`, `description`) VALUES (5662, 1, 'Ooze Covered Small Thorium Vein / Ooze Covered Rich Thorium Vein');
INSERT INTO `pool_gameobject` (`guid`, `pool_entry`, `chance`, `description`) VALUES (50348, 5662, 10, 'Ooze Covered Rich Thorium Vein');
INSERT INTO `pool_gameobject` (`guid`, `pool_entry`, `chance`, `description`) VALUES (59864, 5662, 90, 'Ooze Covered Thorium Vein');
INSERT INTO `gameobject` (`guid`, `id`, `map`, `position_x`, `position_y`, `position_z`, `orientation`, `rotation0`, `rotation1`, `rotation2`, `rotation3`, `spawntimesecsmin`, `spawntimesecsmax`, `state`, `animprogress`, `spawn_flags`) VALUES (59864, 123848, 1, -8303, 401.621, -92.1336, -1.8326, 0, 0, 0.793353, -0.608761, 2700, 2700, 1, 100, 0);

DELETE FROM `pool_gameobject` WHERE `guid`=3996175;
INSERT INTO `pool_template` (`entry`, `max_limit`, `description`) VALUES (5663, 1, 'Ooze Covered Small Thorium Vein / Ooze Covered Rich Thorium Vein');
INSERT INTO `pool_gameobject` (`guid`, `pool_entry`, `chance`, `description`) VALUES (3996175, 5663, 10, 'Ooze Covered Rich Thorium Vein');
INSERT INTO `pool_gameobject` (`guid`, `pool_entry`, `chance`, `description`) VALUES (59865, 5663, 90, 'Ooze Covered Thorium Vein');
INSERT INTO `gameobject` (`guid`, `id`, `map`, `position_x`, `position_y`, `position_z`, `orientation`, `rotation0`, `rotation1`, `rotation2`, `rotation3`, `spawntimesecsmin`, `spawntimesecsmax`, `state`, `animprogress`, `spawn_flags`) VALUES (59865, 123848, 1, -6308.52, 978.787, -45.6506, 2.70439, 0, 0, 0.976202, 0.216865, 2700, 2700, 1, 100, 0);

INSERT INTO `pool_pool` (`pool_id`, `mother_pool`, `chance`, `description`) VALUES (5616, 37000, 0, 'Ooze Covered Thorium in Kalimdor');
INSERT INTO `pool_pool` (`pool_id`, `mother_pool`, `chance`, `description`) VALUES (5617, 37000, 0, 'Ooze Covered Thorium in Kalimdor');
INSERT INTO `pool_pool` (`pool_id`, `mother_pool`, `chance`, `description`) VALUES (5618, 37000, 0, 'Ooze Covered Thorium in Kalimdor');
INSERT INTO `pool_pool` (`pool_id`, `mother_pool`, `chance`, `description`) VALUES (5619, 37000, 0, 'Ooze Covered Thorium in Kalimdor');
INSERT INTO `pool_pool` (`pool_id`, `mother_pool`, `chance`, `description`) VALUES (5620, 37000, 0, 'Ooze Covered Thorium in Kalimdor');
INSERT INTO `pool_pool` (`pool_id`, `mother_pool`, `chance`, `description`) VALUES (5621, 37000, 0, 'Ooze Covered Thorium in Kalimdor');
INSERT INTO `pool_pool` (`pool_id`, `mother_pool`, `chance`, `description`) VALUES (5622, 37000, 0, 'Ooze Covered Thorium in Kalimdor');
INSERT INTO `pool_pool` (`pool_id`, `mother_pool`, `chance`, `description`) VALUES (5623, 37000, 0, 'Ooze Covered Thorium in Kalimdor');
INSERT INTO `pool_pool` (`pool_id`, `mother_pool`, `chance`, `description`) VALUES (5624, 37000, 0, 'Ooze Covered Thorium in Kalimdor');
INSERT INTO `pool_pool` (`pool_id`, `mother_pool`, `chance`, `description`) VALUES (5625, 37000, 0, 'Ooze Covered Thorium in Kalimdor');
INSERT INTO `pool_pool` (`pool_id`, `mother_pool`, `chance`, `description`) VALUES (5626, 37000, 0, 'Ooze Covered Thorium in Kalimdor');
INSERT INTO `pool_pool` (`pool_id`, `mother_pool`, `chance`, `description`) VALUES (5627, 37000, 0, 'Ooze Covered Thorium in Kalimdor');
INSERT INTO `pool_pool` (`pool_id`, `mother_pool`, `chance`, `description`) VALUES (5628, 37000, 0, 'Ooze Covered Thorium in Kalimdor');
INSERT INTO `pool_pool` (`pool_id`, `mother_pool`, `chance`, `description`) VALUES (5629, 37000, 0, 'Ooze Covered Thorium in Kalimdor');
INSERT INTO `pool_pool` (`pool_id`, `mother_pool`, `chance`, `description`) VALUES (5630, 37000, 0, 'Ooze Covered Thorium in Kalimdor');
INSERT INTO `pool_pool` (`pool_id`, `mother_pool`, `chance`, `description`) VALUES (5631, 37000, 0, 'Ooze Covered Thorium in Kalimdor');
INSERT INTO `pool_pool` (`pool_id`, `mother_pool`, `chance`, `description`) VALUES (5632, 37000, 0, 'Ooze Covered Thorium in Kalimdor');
INSERT INTO `pool_pool` (`pool_id`, `mother_pool`, `chance`, `description`) VALUES (5633, 37000, 0, 'Ooze Covered Thorium in Kalimdor');
INSERT INTO `pool_pool` (`pool_id`, `mother_pool`, `chance`, `description`) VALUES (5634, 37000, 0, 'Ooze Covered Thorium in Kalimdor');
INSERT INTO `pool_pool` (`pool_id`, `mother_pool`, `chance`, `description`) VALUES (5635, 37000, 0, 'Ooze Covered Thorium in Kalimdor');
INSERT INTO `pool_pool` (`pool_id`, `mother_pool`, `chance`, `description`) VALUES (5636, 37000, 0, 'Ooze Covered Thorium in Kalimdor');
INSERT INTO `pool_pool` (`pool_id`, `mother_pool`, `chance`, `description`) VALUES (5637, 37000, 0, 'Ooze Covered Thorium in Kalimdor');
INSERT INTO `pool_pool` (`pool_id`, `mother_pool`, `chance`, `description`) VALUES (5638, 37000, 0, 'Ooze Covered Thorium in Kalimdor');
INSERT INTO `pool_pool` (`pool_id`, `mother_pool`, `chance`, `description`) VALUES (5639, 37000, 0, 'Ooze Covered Thorium in Kalimdor');
INSERT INTO `pool_pool` (`pool_id`, `mother_pool`, `chance`, `description`) VALUES (5640, 37000, 0, 'Ooze Covered Thorium in Kalimdor');
INSERT INTO `pool_pool` (`pool_id`, `mother_pool`, `chance`, `description`) VALUES (5641, 37000, 0, 'Ooze Covered Thorium in Kalimdor');
INSERT INTO `pool_pool` (`pool_id`, `mother_pool`, `chance`, `description`) VALUES (5642, 37000, 0, 'Ooze Covered Thorium in Kalimdor');
INSERT INTO `pool_pool` (`pool_id`, `mother_pool`, `chance`, `description`) VALUES (5643, 37000, 0, 'Ooze Covered Thorium in Kalimdor');
INSERT INTO `pool_pool` (`pool_id`, `mother_pool`, `chance`, `description`) VALUES (5644, 37000, 0, 'Ooze Covered Thorium in Kalimdor');
INSERT INTO `pool_pool` (`pool_id`, `mother_pool`, `chance`, `description`) VALUES (5645, 37000, 0, 'Ooze Covered Thorium in Kalimdor');
INSERT INTO `pool_pool` (`pool_id`, `mother_pool`, `chance`, `description`) VALUES (5646, 37000, 0, 'Ooze Covered Thorium in Kalimdor');
INSERT INTO `pool_pool` (`pool_id`, `mother_pool`, `chance`, `description`) VALUES (5647, 37000, 0, 'Ooze Covered Thorium in Kalimdor');
INSERT INTO `pool_pool` (`pool_id`, `mother_pool`, `chance`, `description`) VALUES (5648, 37000, 0, 'Ooze Covered Thorium in Kalimdor');
INSERT INTO `pool_pool` (`pool_id`, `mother_pool`, `chance`, `description`) VALUES (5649, 37000, 0, 'Ooze Covered Thorium in Kalimdor');
INSERT INTO `pool_pool` (`pool_id`, `mother_pool`, `chance`, `description`) VALUES (5650, 37000, 0, 'Ooze Covered Thorium in Kalimdor');
INSERT INTO `pool_pool` (`pool_id`, `mother_pool`, `chance`, `description`) VALUES (5651, 37000, 0, 'Ooze Covered Thorium in Kalimdor');
INSERT INTO `pool_pool` (`pool_id`, `mother_pool`, `chance`, `description`) VALUES (5652, 37000, 0, 'Ooze Covered Thorium in Kalimdor');
INSERT INTO `pool_pool` (`pool_id`, `mother_pool`, `chance`, `description`) VALUES (5653, 37000, 0, 'Ooze Covered Thorium in Kalimdor');
INSERT INTO `pool_pool` (`pool_id`, `mother_pool`, `chance`, `description`) VALUES (5654, 37000, 0, 'Ooze Covered Thorium in Kalimdor');
INSERT INTO `pool_pool` (`pool_id`, `mother_pool`, `chance`, `description`) VALUES (5655, 37000, 0, 'Ooze Covered Thorium in Kalimdor');
INSERT INTO `pool_pool` (`pool_id`, `mother_pool`, `chance`, `description`) VALUES (5656, 37000, 0, 'Ooze Covered Thorium in Kalimdor');
INSERT INTO `pool_pool` (`pool_id`, `mother_pool`, `chance`, `description`) VALUES (5657, 37000, 0, 'Ooze Covered Thorium in Kalimdor');
INSERT INTO `pool_pool` (`pool_id`, `mother_pool`, `chance`, `description`) VALUES (5658, 37000, 0, 'Ooze Covered Thorium in Kalimdor');
INSERT INTO `pool_pool` (`pool_id`, `mother_pool`, `chance`, `description`) VALUES (5659, 37000, 0, 'Ooze Covered Thorium in Kalimdor');
INSERT INTO `pool_pool` (`pool_id`, `mother_pool`, `chance`, `description`) VALUES (5660, 37000, 0, 'Ooze Covered Thorium in Kalimdor');
INSERT INTO `pool_pool` (`pool_id`, `mother_pool`, `chance`, `description`) VALUES (5661, 37000, 0, 'Ooze Covered Thorium in Kalimdor');
INSERT INTO `pool_pool` (`pool_id`, `mother_pool`, `chance`, `description`) VALUES (5662, 37000, 0, 'Ooze Covered Thorium in Kalimdor');
INSERT INTO `pool_pool` (`pool_id`, `mother_pool`, `chance`, `description`) VALUES (5663, 37000, 0, 'Ooze Covered Thorium in Kalimdor');



