-- Mount Hyjal In Turmoil
delete from quest_template where entry = 41338;
replace into quest_template (prevquestid, entry, method, zoneorsort, questlevel, minlevel, questflags, specialflags, title, details, objectives, requestitemstext, offerrewardtext, reqitemid1, reqitemcount1, reqitemid2, reqitemcount2, reqitemid3, reqitemcount3, reqitemid4, reqitemcount4, reqcreatureorgoid1, reqcreatureorgocount1, reqcreatureorgoid2, reqcreatureorgocount2, reqcreatureorgoid3, reqcreatureorgocount3, reqcreatureorgoid4, reqcreatureorgocount4, srcitemid, srcitemcount, reworreqmoney, RewMoneyMaxLevel, rewxp, rewrepfaction1, rewrepvalue1,  rewrepfaction2, rewrepvalue2, rewrepfaction3, rewrepvalue3, rewrepfaction4, rewrepvalue4, rewspell, rewspellcast, completeemote, rewitemid1, rewitemcount1, rewitemid2, rewitemcount2, rewitemid3, rewitemcount3, rewitemid4, rewitemcount4, rewchoiceitemid1, rewchoiceitemcount1, rewchoiceitemid2, rewchoiceitemcount2, rewchoiceitemid3, rewchoiceitemcount3, rewchoiceitemid4, rewchoiceitemcount4,requiredminrepfaction,requiredminrepvalue,objectivetext1) values (0,41338,2,493,60,60,0,0,'Mount Hyjal In Turmoil','$C, news spread from atop the sacred Mount Hyjal. Our greatest fear, the Nightmare, has taken root and seeps once more into our realm. Many brave souls venture to the great World Tree to offer assistance to our brethren\'s cause to quell the Nightmare\'s influence.$B$B$N, I implore you to ascend Mount Hyjal and aid the Wardens of Nordanaar in their endeavors.','Seek the druids at the foot of the World Tree Nordrassil in Hyjal.','Greetings, adventurer. To ensure our world\'s continued existence, we accept anyone willing to assist.','Moonglade sending support is assuring to hear, young one. The turmoil we are facing should be the concern of us all, is it not perilous to ignore it.',0,0,0,0,0,0,0,0, 0,0,0,0,0,0,0,0, 0,0, 0,7200,1200, 609,100,0,0,0,0,0,0, 0,0,0, 0,0,0,0,0,0,0,0, 0,0,0,0,0,0,0,0, 0,0,'');

replace into creature_questrelation		(id, quest) values (12042, 41338);
replace into creature_involvedrelation  (id, quest) values (61512, 41338);
update quest_template set nextquestinchain = 41339	 where entry = 41338;
update quest_template set requiredraces = 1024		 where entry = 41338;

-- Shadowed Spectre
delete from quest_template where entry = 41339;
replace into quest_template (prevquestid, entry, method, zoneorsort, questlevel, minlevel, questflags, specialflags, title, details, objectives, requestitemstext, offerrewardtext, reqitemid1, reqitemcount1, reqitemid2, reqitemcount2, reqitemid3, reqitemcount3, reqitemid4, reqitemcount4, reqcreatureorgoid1, reqcreatureorgocount1, reqcreatureorgoid2, reqcreatureorgocount2, reqcreatureorgoid3, reqcreatureorgocount3, reqcreatureorgoid4, reqcreatureorgocount4, srcitemid, srcitemcount, reworreqmoney, RewMoneyMaxLevel, rewxp, rewrepfaction1, rewrepvalue1,  rewrepfaction2, rewrepvalue2, rewrepfaction3, rewrepvalue3, rewrepfaction4, rewrepvalue4, rewspell, rewspellcast, completeemote, rewitemid1, rewitemcount1, rewitemid2, rewitemcount2, rewitemid3, rewitemcount3, rewitemid4, rewitemcount4, rewchoiceitemid1, rewchoiceitemcount1, rewchoiceitemid2, rewchoiceitemcount2, rewchoiceitemid3, rewchoiceitemcount3, rewchoiceitemid4, rewchoiceitemcount4,requiredminrepfaction,requiredminrepvalue,objectivetext1) values (41338,41339,2,616,60,60,0,0,'Shadowed Spectre','$N, while our kind fights in the waking world, Ysera and her allies, the Wild Gods of Old, keep the Nightmare - an unfathomable evil rooting itself in the Emerald Dream - at bay with all their strength and might. $B$BYears ago, during the Third War, Shan\'do Stormrage and High Priestess Whisperwind convened with a powerful being at a sacred hill in the lower mountains of Hyjal. While usually radiating with the remnant energies of their encounter, we have noticed ripples of discord emanating from it throughout the mountain. Given the current situation, we best uncover what hides behind it posthaste.$B$B$N, seek that site near the Darkhollow Pass to the south and return to me with your findings.','Investigate the disturbances near Darkhollow Pass and report to Arch Druid Dreamwind at Nordanaar.','The hill\'s latent magic can even be felt by those not in tune with the wild. It attracting evildoers is something we cannot ignore.','A spectre, you say? In the form of a white stag? If what your eyes witnessed is true, then we cannot idle around any longer!',0,0,0,0,0,0,0,0, 60054,1,0,0,0,0,0,0, 0,0, 0,19200,3200, 609,100,0,0,0,0,0,0, 0,0,0, 0,0,0,0,0,0,0,0, 0,0,0,0,0,0,0,0, 0,0,'Investigate the disturbances near Dark hollow Pass');

replace into creature_questrelation		(id, quest) values (61512, 41339);
replace into creature_involvedrelation  (id, quest) values (61512, 41339);
update quest_template set nextquestinchain = 41340	 where entry = 41339;
update quest_template set requiredraces = 1024		 where entry = 41339;

replace INTO creature_template VALUES
(60054, 328, 0, 0, 0, 0, 'quest_41339_dummy_triger', NULL, 0, 1, 1, 0, 0, 0, 0, 0, 35, 0, 1, 1.14286, 1, 20, 5, 0, 0, 1, 0, 0, 0, 0, 1, 0, 0, 0, 0, 0, 0, 0, 0, 0, 0, 0, 0, 0, 0, 0, 0, 0, 0, 0, 0, 0, 0, 0, 0, 0, 0, 0, 0, 0, 0, 0, NULL, 0, 0, '', 0, 3, 0, 0, 3, 0, 0, 0, 0, 0, 0, 0, 0, '');

replace into `broadcast_text` (`entry`, `male_text`, `female_text`, `chat_type`, `sound_id`, `language_id`, `emote_id1`, `emote_id2`, `emote_id3`, `emote_delay1`, `emote_delay2`, `emote_delay3`) VALUES
(30220, 'Inspect it further.', NULL, 0, 0, 0, 0, 0, 0, 0, 0, 0),
(30221, 'Gazing on to the being in front of you makes your head hurt in a way you never experienced. Maddened whispers and an immense pressure creep into your skull while two red eyes intently stare at you. You try to pry your mind away from it, yet it seems futile.', NULL, 0, 0, 0, 0, 0, 0, 0, 0, 0),
(30222, 'Continue to resist.', NULL, 0, 0, 0, 0, 0, 0, 0, 0, 0),
(30223, 'Whatever is attacking has a firm grasp on you and will not let go. Almost giving up, you see a bright light in front of you: a stag with white fur as brilliant as the moonlight and an aura of pride and nurturing love embrace you for a short moment, breaking the horrifying tether of your psyche. As suddenly as it appeared, it vanishes once more, leaving only the shadowed spectre behind.', NULL, 0, 0, 0, 0, 0, 0, 0, 0, 0);

replace into npc_text (ID, BroadcastTextID0) values (30221, 30221);
replace into npc_text (ID, BroadcastTextID0) values (30223, 30223);

-- The Son Of Cenarius
delete from quest_template where entry = 41340;
replace into quest_template (prevquestid, entry, method, zoneorsort, questlevel, minlevel, questflags, specialflags, title, details, objectives, requestitemstext, offerrewardtext, reqitemid1, reqitemcount1, reqitemid2, reqitemcount2, reqitemid3, reqitemcount3, reqitemid4, reqitemcount4, reqcreatureorgoid1, reqcreatureorgocount1, reqcreatureorgoid2, reqcreatureorgocount2, reqcreatureorgoid3, reqcreatureorgocount3, reqcreatureorgoid4, reqcreatureorgocount4, srcitemid, srcitemcount, reworreqmoney, RewMoneyMaxLevel, rewxp, rewrepfaction1, rewrepvalue1,  rewrepfaction2, rewrepvalue2, rewrepfaction3, rewrepvalue3, rewrepfaction4, rewrepvalue4, rewspell, rewspellcast, completeemote, rewitemid1, rewitemcount1, rewitemid2, rewitemcount2, rewitemid3, rewitemcount3, rewitemid4, rewitemcount4, rewchoiceitemid1, rewchoiceitemcount1, rewchoiceitemid2, rewchoiceitemcount2, rewchoiceitemid3, rewchoiceitemcount3, rewchoiceitemid4, rewchoiceitemcount4,requiredminrepfaction,requiredminrepvalue,objectivetext1) values (41339,41340,2,616,60,60,0,0,'The Son Of Cenarius','There is only one being in the history of Azeroth that fits the description of what you experienced - the Wild God Malorne, the Waywatcher. He was ancient when this world was young, one of the primal guardians roaming the untamed wilds years before the Sundering. His immense power and prideful presence strikes fear into his enemies and comrades alike, yet his loving way of fostering nature made him revered with the latter.$B$BWhat you experienced is horrid. To think the Nightmare might have taken a hold on even a fragment of the great Malorne is terrifying. We must act immediately. $N, while I send notice to Moonglade, I need you to gather twenty bright dream shards. They are imperative to shield you against the Nightmare\'s grasp. Assist us in our cause, scour the hills of Hyjal. However you acquire them, do it quickly!$B$BOnce you have them all, bring them to Keeper Remulos in Moonglade. He will give you further instructions.','Bring twenty Bright Dream Shards to Keeper Remulos in Moonglade.','$N! Arch Druid Dreamwind informed me about what transpired on Mount Hyjal. Do you have the dream shards with you?','Well done, $C. Seeing you complete this task so quickly reassures me to not be doubtful of what I will be asking of you. You may be unaware, but my brethren and I are Malorne\'s scions. It was his union with the Moon Goddess Elune that bore life to our father Cenarius - and he in turn created us. This is not only a concern for the safety of Mount Hyjal or even to my family, but also to all of Azeroth.',61199,20,0,0,0,0,0,0, 0,0,0,0,0,0,0,0, 0,0, 0,39600,6600, 609,100,0,0,0,0,0,0, 0,0,0, 0,0,0,0,0,0,0,0, 0,0,0,0,0,0,0,0, 0,0,'');

replace into creature_questrelation		(id, quest) values (61512, 41340);
replace into creature_involvedrelation  (id, quest) values (11832, 41340);
update quest_template set nextquestinchain = 41341	 where entry = 41340;
update quest_template set requiredraces = 1024		 where entry = 41340;

-- Tethered Memories
delete from quest_template where entry = 41341;
replace into quest_template (prevquestid, entry, method, zoneorsort, questlevel, minlevel, questflags, specialflags, title, details, objectives, requestitemstext, offerrewardtext, reqitemid1, reqitemcount1, reqitemid2, reqitemcount2, reqitemid3, reqitemcount3, reqitemid4, reqitemcount4, reqcreatureorgoid1, reqcreatureorgocount1, reqcreatureorgoid2, reqcreatureorgocount2, reqcreatureorgoid3, reqcreatureorgocount3, reqcreatureorgoid4, reqcreatureorgocount4, srcitemid, srcitemcount, reworreqmoney, RewMoneyMaxLevel, rewxp, rewrepfaction1, rewrepvalue1,  rewrepfaction2, rewrepvalue2, rewrepfaction3, rewrepvalue3, rewrepfaction4, rewrepvalue4, rewspell, rewspellcast, completeemote, rewitemid1, rewitemcount1, rewitemid2, rewitemcount2, rewitemid3, rewitemcount3, rewitemid4, rewitemcount4, rewchoiceitemid1, rewchoiceitemcount1, rewchoiceitemid2, rewchoiceitemcount2, rewchoiceitemid3, rewchoiceitemcount3, rewchoiceitemid4, rewchoiceitemcount4,requiredminrepfaction,requiredminrepvalue,objectivetext1) values (41340,41341,2,493,60,60,0,0,'Tethered Memories','Malorne cannot fall to the Nightmare. Luckily for us, it appears only a fragment of himself split from his spirit in the Emerald Dream, which is what the Nightmare took control of. Yet even a fraction of the Waywatcher is enough for it to gain an insurmountable advantage in this war already stacked against us. To cleanse grandfather of this taint, we require relics reminding him of his kin.$B$BThe Bough of Cenarius is a piece of my father\'s antlers. After his fall in Ashenvale, we brought his body to Bough Shadow, before returning him to the Moonglade for burial. Perhaps you can find it amongst the dragonkin there.$B$BYsera is a dear friend of Malorne and foster mother to our father. A scale of her jade skin would certainly help our cause. Her most favored children all possess one. Unfortunately, most if not all of them dwell in the Emerald Dream.$B$BLastly, a remembrance of Elune. Her chosen guardians, the Moonkin, hold many of her artifacts in Winterspring, search for them there.','Gather the needed relics for Keeper Remulos in Moonglade.','A noble being like Malorne, whose love and care for nature precedes anything we know, must be protected.','Setting eyes upon these powerful trinkets reminds mortals like you of the forces present in this world. While they may be beyond one\'s comprehension, do not underestimate your role in all of this. Mortals have proven themselves time and time again to be vital in the alteration of fate on Azeroth. Everything you do has its consequences, either immediate or eventually.',41387,1,41388,1,41389,1,0,0, 0,0,0,0,0,0,0,0, 0,0, 0,57400,8200, 609,100,0,0,0,0,0,0, 0,0,0, 0,0,0,0,0,0,0,0, 0,0,0,0,0,0,0,0, 0,0,'');

replace into creature_questrelation		(id, quest) values (11832, 41341);
replace into creature_involvedrelation  (id, quest) values (11832, 41341);
update quest_template set nextquestinchain = 41342	 where entry = 41341;
update quest_template set requiredraces = 1024		 where entry = 41341;

replace into item_template (entry, display_id, name, class, quality, flags, buy_count, allowable_class, allowable_race, item_level, stackable, spellcooldown_1, spellcategorycooldown_1, spellcooldown_2, spellcategorycooldown_2, bonding, description, page_text, material) values
(41387,928,'Bough of Cenarius',12,1,2048,1,-1,-1,1,1,-1,-1,-1,-1,4,'',0,3),
(41388,21363,'Jade Scale of the Dreamer',12,1,2048,1,-1,-1,1,1,-1,-1,-1,-1,4,'',0,7),
(41389,29842,'Crystalline Ray of Moonlight',12,1,2048,1,-1,-1,1,1,-1,-1,-1,-1,4,'',0,4);

REPLACE INTO `creature_loot_template` (`entry`, `item`, `ChanceOrQuestChance`, `groupid`, `mincountOrRef`, `maxcount`, `condition_id`) VALUES
(12498, 41387, -100, 0, 1, 1, 0),
(60748, 41388, -100, 0, 1, 1, 0),
(61989, 41389, -100, 0, 1, 1, 0);

-- The White Stag
delete from quest_template where entry = 41342;
replace into quest_template (prevquestid, entry, method, zoneorsort, questlevel, minlevel, questflags, specialflags, title, details, objectives, requestitemstext, offerrewardtext, reqitemid1, reqitemcount1, reqitemid2, reqitemcount2, reqitemid3, reqitemcount3, reqitemid4, reqitemcount4, reqcreatureorgoid1, reqcreatureorgocount1, reqcreatureorgoid2, reqcreatureorgocount2, reqcreatureorgoid3, reqcreatureorgocount3, reqcreatureorgoid4, reqcreatureorgocount4, srcitemid, srcitemcount, reworreqmoney, RewMoneyMaxLevel, rewxp, rewrepfaction1, rewrepvalue1,  rewrepfaction2, rewrepvalue2, rewrepfaction3, rewrepvalue3, rewrepfaction4, rewrepvalue4, rewspell, rewspellcast, completeemote, rewitemid1, rewitemcount1, rewitemid2, rewitemcount2, rewitemid3, rewitemcount3, rewitemid4, rewitemcount4, rewchoiceitemid1, rewchoiceitemcount1, rewchoiceitemid2, rewchoiceitemcount2, rewchoiceitemid3, rewchoiceitemcount3, rewchoiceitemid4, rewchoiceitemcount4,requiredminrepfaction,requiredminrepvalue,objectivetext1) values (41341,41342,2,493,60,60,0,0,'The White Stag','Here, young one, take this Scepter of Remembrance, conjured from the relics and dream shards you have brought to me. With it, you will be able to withstand the Nightmare long enough to pry Malorne\'s fragment from its grasp.$B$BNevertheless, be cautious. It is doubtful the Nightmare will let go of its prey so easily. Gather allies and like minded individuals and save my grandfather\'s spirit.$B$BMake haste, lest he manages to manifest himself in our world.','Cleanse the Dissipating Spectre at the Prophet\'s Hill in Hyjal and return to Keeper Remulos.','Don\'t fret, use all your might to vanquish the Nightmare\'s influence.','It is finished. The fear weighing heavy on my heart is fading after hearing from your valiant deeds. Using my ability to gaze into the Emerald Dream, I will return this fragment back to my grandfather. Simply holding it makes me feel his radiant and powerful aura once more.$B$BIt will take a considerable amount of time for him to regain his full strength, however Ysera and his fellow Wild Gods are at his side, protecting their beloved friend and mentor.$B$BYour devotion to the White Stag and his legacy is commendable. To honor your heroic and selfless nature, let me offer you the teachings to shift into Malorne\'s stag form itself.',41390,1,41391,1,0,0,0,0, 0,0,0,0,0,0,0,0, 41390,1, 0,43200,7200, 609,200,0,0,0,0,0,0, 0,0,0, 51064,1,0,0,0,0,0,0, 0,0,0,0,0,0,0,0, 0,0,'');

replace into creature_questrelation		(id, quest) values (11832, 41342);
replace into creature_involvedrelation  (id, quest) values (11832, 41342);
update quest_template set requiredraces = 1024		 where entry = 41342;

replace into item_template (entry, display_id, name, class, quality, flags, buy_count, allowable_class, allowable_race, item_level, stackable, spellcooldown_1, spellcategorycooldown_1, spellcooldown_2, spellcategorycooldown_2, bonding, description, page_text, material) values
(41390,21025,'Rod of Remembrance',12,1,2048,1,-1,-1,1,1,-1,-1,-1,-1,4,'',0,4),
(41391,20609,'Malorne\'s Spirit Fragment',12,1,2048,1,-1,-1,1,1,-1,-1,-1,-1,4,'',0,4);

REPLACE INTO `creature_loot_template` (`entry`, `item`, `ChanceOrQuestChance`, `groupid`, `mincountOrRef`, `maxcount`, `condition_id`) VALUES
(61988, 41391, -100, 0, 1, 1, 0);

replace into `broadcast_text` (`entry`, `male_text`, `female_text`, `chat_type`, `sound_id`, `language_id`, `emote_id1`, `emote_id2`, `emote_id3`, `emote_delay1`, `emote_delay2`, `emote_delay3`) VALUES
(30224, 'Hold the Rod of Remembrance in front of it.', NULL, 0, 0, 0, 0, 0, 0, 0, 0, 0),
(30225, 'You will not relinquish him from my grasp...', NULL, 0, 0, 0, 0, 0, 0, 0, 0, 0),
(30226, 'Your deeds and commitment to this world\'s balance are exceptional. The dedication you show towards the guardians of nature sets an example any aspiring disciple of druidism should follow. The entirety of Moonglade and Hyjal will know of the crisis you averted this day. May your journeys be safe, $N.', NULL, 0, 0, 0, 0, 0, 0, 0, 0, 0);