-- Scythe of the Goddess
delete from quest_template where entry = 41377;
replace into quest_template (prevquestid, entry, method, zoneorsort, questlevel, minlevel, questflags, specialflags, title, details, objectives, requestitemstext, offerrewardtext, reqitemid1, reqitemcount1, reqitemid2, reqitemcount2, reqitemid3, reqitemcount3, reqitemid4, reqitemcount4, reqcreatureorgoid1, reqcreatureorgocount1, reqcreatureorgoid2, reqcreatureorgocount2, reqcreatureorgoid3, reqcreatureorgocount3, reqcreatureorgoid4, reqcreatureorgocount4, srcitemid, srcitemcount, reworreqmoney, RewMoneyMaxLevel, rewxp, rewrepfaction1, rewrepvalue1,  rewrepfaction2, rewrepvalue2, rewrepfaction3, rewrepvalue3, rewrepfaction4, rewrepvalue4, rewspell, rewspellcast, completeemote, rewitemid1, rewitemcount1, rewitemid2, rewitemcount2, rewitemid3, rewitemcount3, rewitemid4, rewitemcount4, rewchoiceitemid1, rewchoiceitemcount1, rewchoiceitemid2, rewchoiceitemcount2, rewchoiceitemid3, rewchoiceitemcount3, rewchoiceitemid4, rewchoiceitemcount4,requiredminrepfaction,requiredminrepvalue,objectivetext1) values (41087,41377,2,10,60,60,0,0,'Scythe of the Goddess','Now, it will take me some time to delve into Ur\'s teachings. I must ensure that no vital detail escapes my attention. The tome is expansive, and Ur is known to embed secret messages for those who are keen of mind.$B$BIn the meantime, I have a task for you. Among the wise sages of this world, few possess the wisdom and insight of Fandral Staghelm, the leader of our order. He resides in Darnassus.$B$BJourney to Darnassus and inform him of your findings. Surely, he will offer valuable counsel regarding this potent artifact.','Find Arch Druid Staghelm in Darnassus and seek his counsel.','What is it?','So, the fabled Scythe of Elune has been found. Dreamwind has been wise to send you to me, even if his efforts to heal Hyjal are misguided.',61759,1,0,0,0,0,0,0, 0,0,0,0,0,0,0,0, 61759,1, 0,21300,3500, 0,0,0,0,0,0,0,0, 0,0,0, 0,0,0,0,0,0,0,0, 0,0,0,0,0,0,0,0, 0,0,'');

replace into creature_questrelation		(id, quest) values (61512, 41377);
replace into creature_involvedrelation	(id, quest) values ( 3516, 41377);
update quest_template set nextquestinchain = 41378	 where entry = 41377;
update quest_template set requiredraces = 589		 where entry = 41377;

-- Blood of Vorgendor
delete from quest_template where entry = 41378;
replace into quest_template (prevquestid, entry, method, zoneorsort, questlevel, minlevel, questflags, specialflags, title, details, objectives, requestitemstext, offerrewardtext, reqitemid1, reqitemcount1, reqitemid2, reqitemcount2, reqitemid3, reqitemcount3, reqitemid4, reqitemcount4, reqcreatureorgoid1, reqcreatureorgocount1, reqcreatureorgoid2, reqcreatureorgocount2, reqcreatureorgoid3, reqcreatureorgocount3, reqcreatureorgoid4, reqcreatureorgocount4, srcitemid, srcitemcount, reworreqmoney, RewMoneyMaxLevel, rewxp, rewrepfaction1, rewrepvalue1,  rewrepfaction2, rewrepvalue2, rewrepfaction3, rewrepvalue3, rewrepfaction4, rewrepvalue4, rewspell, rewspellcast, completeemote, rewitemid1, rewitemcount1, rewitemid2, rewitemcount2, rewitemid3, rewitemcount3, rewitemid4, rewitemcount4, rewchoiceitemid1, rewchoiceitemcount1, rewchoiceitemid2, rewchoiceitemcount2, rewchoiceitemid3, rewchoiceitemcount3, rewchoiceitemid4, rewchoiceitemcount4,requiredminrepfaction,requiredminrepvalue,objectivetext1) values (41377,41378,2,10,60,60,0,0,'Blood of Vorgendor','Elune\'s mysteries are profound, and even I, with all my knowledge, can find them inscrutable at times. I do not fully grasp why She would entrust Velinde—yes, that was her name—with such an artifact as the Scythe of Elune. Yet, its power to summon worgen may indeed be the very key to unlocking its deeper truths.$B$BI have long been engaged in research into a peculiar herb known as morrowgrain. Interestingly, my studies suggest it might be instrumental in purging the dark energies that cling to the Scythe from its time in Karazhan. But to activate the morrowgrain, a potent catalyst is required. Therefore, bring me blood—the blood of the worgen, collected from various tribes lurking in the darkest recesses of Karazhan, prowling the abandoned streets of Gilneas City, and hiding within the shadows of Shadowfang Keep.$B$BDo this, and bring them to me. Do not delay. The power of the Scythe must be harnessed and understood by one as capable as I.','Gather worgen blood for Fandral Staghelm. He requires blood samples from Karazhan, Gilneas City and Shadowfang Keep.','It is imperative that the Scythe is cleansed.','Impressive. Now, give the blood to me. I will prepare what is needed.',61759,1,41419,1,41420,1,41421,1, 0,0,0,0,0,0,0,0, 61759,1, 0,57300,9550, 0,0,0,0,0,0,0,0, 0,0,0, 0,0,0,0,0,0,0,0, 0,0,0,0,0,0,0,0, 0,0,'');

replace into creature_questrelation		(id, quest) values ( 3516, 41378);
replace into creature_involvedrelation	(id, quest) values ( 3516, 41378);
update quest_template set nextquestinchain = 41379	 where entry = 41378;
update quest_template set requiredraces = 589		 where entry = 41378;

replace into item_template (entry, display_id, name, class, quality, flags, buy_count, allowable_class, allowable_race, item_level, stackable, spellcooldown_1, spellcategorycooldown_1, spellcooldown_2, spellcategorycooldown_2, bonding, description, page_text, material) values
(41419,11199,'Shadowbane Blood',12,1,2048,1,-1,-1,1,1,-1,-1,-1,-1,4,'',0,3),
(41420,  292,'Shadowfang Blood',12,1,2048,1,-1,-1,1,1,-1,-1,-1,-1,4,'',0,3),
(41421, 7206,'Darkpelt Blood',12,1,2048,1,-1,-1,1,1,-1,-1,-1,-1,4,'',0,3);

REPLACE INTO `creature_loot_template` (`entry`, `item`, `ChanceOrQuestChance`, `groupid`, `mincountOrRef`, `maxcount`, `condition_id`) VALUES
(61191, 41419, -10, 0, 1, 1, 0),
(61192, 41419, -10, 0, 1, 1, 0),
(61193, 41419, -10, 0, 1, 1, 0),
(61194, 41419, -10, 0, 1, 1, 0),
(61211, 41419, -10, 0, 1, 1, 0),
( 3851, 41420, -10, 0, 1, 1, 0),
( 3853, 41420, -10, 0, 1, 1, 0),
( 3855, 41420, -10, 0, 1, 1, 0),
( 3857, 41420, -10, 0, 1, 1, 0),
( 3859, 41420, -10, 0, 1, 1, 0),
(61424, 41421, -10, 0, 1, 1, 0),
(61425, 41421, -10, 0, 1, 1, 0),
(61426, 41421, -10, 0, 1, 1, 0),
(61462, 41421, -10, 0, 1, 1, 0);

-- Wolfblood
delete from quest_template where entry = 41379;
replace into quest_template (prevquestid, entry, method, zoneorsort, questlevel, minlevel, questflags, specialflags, title, details, objectives, requestitemstext, offerrewardtext, reqitemid1, reqitemcount1, reqitemid2, reqitemcount2, reqitemid3, reqitemcount3, reqitemid4, reqitemcount4, reqcreatureorgoid1, reqcreatureorgocount1, reqcreatureorgoid2, reqcreatureorgocount2, reqcreatureorgoid3, reqcreatureorgocount3, reqcreatureorgoid4, reqcreatureorgocount4, srcitemid, srcitemcount, reworreqmoney, RewMoneyMaxLevel, rewxp, rewrepfaction1, rewrepvalue1,  rewrepfaction2, rewrepvalue2, rewrepfaction3, rewrepvalue3, rewrepfaction4, rewrepvalue4, rewspell, rewspellcast, completeemote, rewitemid1, rewitemcount1, rewitemid2, rewitemcount2, rewitemid3, rewitemcount3, rewitemid4, rewitemcount4, rewchoiceitemid1, rewchoiceitemcount1, rewchoiceitemid2, rewchoiceitemcount2, rewchoiceitemid3, rewchoiceitemcount3, rewchoiceitemid4, rewchoiceitemcount4,requiredminrepfaction,requiredminrepvalue,objectivetext1) values (41378,41379,2,10,60,60,0,0,'Wolfblood','I was right, as always. Thanks to the morrowgrain, I have successfully purged the darkness from the worgen blood you gathered. Now, witness!$B$B<Arch Druid Fandral Staghelm extends his hand, displaying a vial of pure, blue blood.>$B$BThis may not seem like much to you, but what you see before you is a testament not only to the strength of their bloodline but also to their connection to Elune. Look closer. Do you notice it in their blood?$B$BIndeed. As pure as the waters of our moonwells. That\'s what they were before blood magic tainted their species. Bring this to Dreamwind at once. He will know what to do next.$B$BAnd, should you ever find the burden of wielding the Scythe too much for your weary shoulders... you know where to find me.','Bring Pure Worgen Blood to Arch Druid Dreamwind at Nordanaar in Hyjal.','You\'ve returned.','Pure worgen blood, just like Ur described... Yes, this will be very useful. But now listen, as I have much to share.',61759,1,41422,1,0,0,0,0, 0,0,0,0,0,0,0,0, 41423,1, 0,21300,3500, 0,0,0,0,0,0,0,0, 0,0,0, 0,0,0,0,0,0,0,0, 0,0,0,0,0,0,0,0, 0,0,'');

replace into creature_questrelation		(id, quest) values ( 3516, 41379);
replace into creature_involvedrelation	(id, quest) values (61512, 41379);
update quest_template set nextquestinchain = 41383, NextQuestId = 41383 where entry = 41379;
update quest_template set requiredraces = 589		 where entry = 41379;

replace into item_template (entry, display_id, name, class, quality, flags, buy_count, allowable_class, allowable_race, item_level, stackable, spellcooldown_1, spellcategorycooldown_1, spellcooldown_2, spellcategorycooldown_2, bonding, description, page_text, material) values
(41422, 15794,'Pure Worgen Blood',12,1,2048,1,-1,-1,1,1,-1,-1,-1,-1,4,'',0,3);

REPLACE INTO item_template values
(41423, 15, 0, 'Dreamwind\'s Box', '', 12925, 1, 4, 1, 0, 0, 0, -1, -1, 40, 0, 0, 0, 0, 0, 0, 0, 0, 0, 1, 0, 0, 0, 0, 0, 0, 0, 0, 0, 0, 0, 0, 0, 0, 0, 0, 0, 0, 0, 0, 0, 0, 0, 0, 0, 0, 0, 0, 0, 0, 0, 0, 0, 0, 0, 0, 0, 0, 0, 0, 0, 0, 0, 0, 0, 0, 0, 0, 0, 0, 0, -1, 0, -1, 0, 0, 0, 0, -1, 0, -1, 0, 0, 0, 0, -1, 0, -1, 0, 0, 0, 0, -1, 0, -1, 0, 0, 0, 0, 0, 0, 0, 0, 0, 0, 0, 0, 0, 0, 0, 0, 0, 0, 0, 0, 0, 0, 0, 0, 0, 0, 0, 0, 1, NULL);

replace INTO item_loot_template VALUES (41423, 61759, 100, 1, 1, 1, 0);
replace INTO item_loot_template VALUES (41423, 41422, 100, 2, 1, 1, 0);

-- Scythe of the Goddess
delete from quest_template where entry = 41380;
replace into quest_template (prevquestid, entry, method, zoneorsort, questlevel, minlevel, questflags, specialflags, title, details, objectives, requestitemstext, offerrewardtext, reqitemid1, reqitemcount1, reqitemid2, reqitemcount2, reqitemid3, reqitemcount3, reqitemid4, reqitemcount4, reqcreatureorgoid1, reqcreatureorgocount1, reqcreatureorgoid2, reqcreatureorgocount2, reqcreatureorgoid3, reqcreatureorgocount3, reqcreatureorgoid4, reqcreatureorgocount4, srcitemid, srcitemcount, reworreqmoney, RewMoneyMaxLevel, rewxp, rewrepfaction1, rewrepvalue1,  rewrepfaction2, rewrepvalue2, rewrepfaction3, rewrepvalue3, rewrepfaction4, rewrepvalue4, rewspell, rewspellcast, completeemote, rewitemid1, rewitemcount1, rewitemid2, rewitemcount2, rewitemid3, rewitemcount3, rewitemid4, rewitemcount4, rewchoiceitemid1, rewchoiceitemcount1, rewchoiceitemid2, rewchoiceitemcount2, rewchoiceitemid3, rewchoiceitemcount3, rewchoiceitemid4, rewchoiceitemcount4,requiredminrepfaction,requiredminrepvalue,objectivetext1) values (41087,41380,2,10,60,60,0,0,'Scythe of the Goddess','Now, it will take me some time to delve into Ur\'s teachings. I must ensure that no vital detail escapes my attention. The tome is expansive, and Ur is known to embed secret messages for those who are keen of mind.$B$BIn the meantime, I have a task for you. Among the wise sages of this world, few possess the wisdom and insight of Fandral Staghelm, the leader of our order. However, I fear that he may not be as receptive to your presence as I am.$B$BYet, not all hope is lost. Among your tauren allies, there is one who is nearly as wise as Fandral. I speak of Magatha Grimtotem. Despite the occasional unruliness of her clan, they have always revered Elune, whom they call Mu\'sha.$B$BTo my knowledge, she now resides in the great city of Thunder Bluff. Go there and seek her counsel. Perhaps she holds knowledge about the Scythe that eludes even me. Your journey is far from over, and the wisdom of the Grimtotem may prove invaluable.','Find Magatha Grimtotem and seek her counsel.','Yes, child?','So, the fabled Scythe of Mu\'sha has been found. This Arch Druid Dreamwind has been wise to send you to me.',61759,1,0,0,0,0,0,0, 0,0,0,0,0,0,0,0, 61759,1, 0,21300,3500, 0,0,0,0,0,0,0,0, 0,0,0, 0,0,0,0,0,0,0,0, 0,0,0,0,0,0,0,0, 0,0,'');

replace into creature_questrelation		(id, quest) values (61512, 41380);
replace into creature_involvedrelation	(id, quest) values ( 4046, 41380);
update quest_template set nextquestinchain = 41381	 where entry = 41380;
update quest_template set requiredraces = 434		 where entry = 41380;

-- The Wolf, the Crone and the Scythe
delete from quest_template where entry = 41381;
replace into quest_template (prevquestid, entry, method, zoneorsort, questlevel, minlevel, questflags, specialflags, title, details, objectives, requestitemstext, offerrewardtext, reqitemid1, reqitemcount1, reqitemid2, reqitemcount2, reqitemid3, reqitemcount3, reqitemid4, reqitemcount4, reqcreatureorgoid1, reqcreatureorgocount1, reqcreatureorgoid2, reqcreatureorgocount2, reqcreatureorgoid3, reqcreatureorgocount3, reqcreatureorgoid4, reqcreatureorgocount4, srcitemid, srcitemcount, reworreqmoney, RewMoneyMaxLevel, rewxp, rewrepfaction1, rewrepvalue1,  rewrepfaction2, rewrepvalue2, rewrepfaction3, rewrepvalue3, rewrepfaction4, rewrepvalue4, rewspell, rewspellcast, completeemote, rewitemid1, rewitemcount1, rewitemid2, rewitemcount2, rewitemid3, rewitemcount3, rewitemid4, rewitemcount4, rewchoiceitemid1, rewchoiceitemcount1, rewchoiceitemid2, rewchoiceitemcount2, rewchoiceitemid3, rewchoiceitemcount3, rewchoiceitemid4, rewchoiceitemcount4,requiredminrepfaction,requiredminrepvalue,objectivetext1) values (41380,41381,2,10,60,60,0,0,'The Wolf, the Crone and the Scythe','I have heard many tales of this weapon and the vile fate that befell it. Yet, not all is lost, for we may be able to cleanse it from the darkness of Karazhan.$B$BRecently, some members of the Cenarion Circle, especially those closest to Fandral Staghelm, have begun amassing significant amounts of a certain herb called morrowgrain. From what Archdruid Hamuul has shared with me, I believe that this herb might be the key to purifying the Scythe.$B$BHowever, for it to work, a powerful catalyst is required. We need the blood of the worgen—blood from various tribes lurking in the darkest corners of Karazhan, prowling the forsaken streets of Gilneas City, and hiding within the shadows of Shadowfang Keep.$B$BGather their blood and bring it to me. Together, we may yet be able to cleanse the Scythe and restore it to its true purpose.','Gather worgen blood for Magatha Grimtotem. She requires blood samples from Karazhan, Gilneas City and Shadowfang Keep.','Scythe of Musha must be cleansed.','Exquisite work, as always. Now, hand it to me.',61759,1,41419,1,41420,1,41421,1, 0,0,0,0,0,0,0,0, 61759,1, 0,57300,9550, 0,0,0,0,0,0,0,0, 0,0,0, 0,0,0,0,0,0,0,0, 0,0,0,0,0,0,0,0, 0,0,'');

replace into creature_questrelation		(id, quest) values ( 4046, 41381);
replace into creature_involvedrelation	(id, quest) values ( 4046, 41381);
update quest_template set nextquestinchain = 41382	 where entry = 41381;
update quest_template set requiredraces = 434		 where entry = 41381;

-- Wolfblood
delete from quest_template where entry = 41382;
replace into quest_template (prevquestid, entry, method, zoneorsort, questlevel, minlevel, questflags, specialflags, title, details, objectives, requestitemstext, offerrewardtext, reqitemid1, reqitemcount1, reqitemid2, reqitemcount2, reqitemid3, reqitemcount3, reqitemid4, reqitemcount4, reqcreatureorgoid1, reqcreatureorgocount1, reqcreatureorgoid2, reqcreatureorgocount2, reqcreatureorgoid3, reqcreatureorgocount3, reqcreatureorgoid4, reqcreatureorgocount4, srcitemid, srcitemcount, reworreqmoney, RewMoneyMaxLevel, rewxp, rewrepfaction1, rewrepvalue1,  rewrepfaction2, rewrepvalue2, rewrepfaction3, rewrepvalue3, rewrepfaction4, rewrepvalue4, rewspell, rewspellcast, completeemote, rewitemid1, rewitemcount1, rewitemid2, rewitemcount2, rewitemid3, rewitemcount3, rewitemid4, rewitemcount4, rewchoiceitemid1, rewchoiceitemcount1, rewchoiceitemid2, rewchoiceitemcount2, rewchoiceitemid3, rewchoiceitemcount3, rewchoiceitemid4, rewchoiceitemcount4,requiredminrepfaction,requiredminrepvalue,objectivetext1) values (41381,41382,2,10,60,60,0,0,'Wolfblood','Whatever Fandral\'s lackeys are planning with morrowgrain must be truly extraordinary... But I digress. The blood has indeed been cleansed. Here, take a look, child.$B$B<Magatha Grimtotem extends her hand, displaying a vial of pure, blue blood.>$B$BPure as the waters of the moonwell, shining like the stars themselves. Before whatever horrible fate befell these worgen, they were the favorite children of Mu\'sha, no doubt.$B$BBring this back to Dreamwind at once. He will want to know.$B$BAnd keep the Scythe close. Some members of the Cenarion Circle may not be so pleased that it is in your hands.','Bring Pure Worgen Blood to Arch Druid Dreamwind in Nordanaar.','You\'ve returned.','Pure worgen blood, just like Ur described. Yes, this will be very useful. They were once the favourite children of Elune, and to have their uncorrupted blood... It will be the key during the ritual...  But now listen, as I have much to share.',61759,1,41422,1,0,0,0,0, 0,0,0,0,0,0,0,0, 41423,1, 0,21300,3500, 0,0,0,0,0,0,0,0, 0,0,0, 0,0,0,0,0,0,0,0, 0,0,0,0,0,0,0,0, 0,0,'');

replace into creature_questrelation		(id, quest) values ( 4046, 41382);
replace into creature_involvedrelation	(id, quest) values (61512, 41382);
update quest_template set nextquestinchain = 41383, NextQuestId = 41383 where entry = 41382;
update quest_template set requiredraces = 434		 where entry = 41382;

-- Wisdom of Ur
delete from quest_template where entry = 41383;
replace into quest_template (prevquestid, entry, method, zoneorsort, questlevel, minlevel, questflags, specialflags, title, details, objectives, requestitemstext, offerrewardtext, reqitemid1, reqitemcount1, reqitemid2, reqitemcount2, reqitemid3, reqitemcount3, reqitemid4, reqitemcount4, reqcreatureorgoid1, reqcreatureorgocount1, reqcreatureorgoid2, reqcreatureorgocount2, reqcreatureorgoid3, reqcreatureorgocount3, reqcreatureorgoid4, reqcreatureorgocount4, srcitemid, srcitemcount, reworreqmoney, RewMoneyMaxLevel, rewxp, rewrepfaction1, rewrepvalue1,  rewrepfaction2, rewrepvalue2, rewrepfaction3, rewrepvalue3, rewrepfaction4, rewrepvalue4, rewspell, rewspellcast, completeemote, rewitemid1, rewitemcount1, rewitemid2, rewitemcount2, rewitemid3, rewitemcount3, rewitemid4, rewitemcount4, rewchoiceitemid1, rewchoiceitemcount1, rewchoiceitemid2, rewchoiceitemcount2, rewchoiceitemid3, rewchoiceitemcount3, rewchoiceitemid4, rewchoiceitemcount4,requiredminrepfaction,requiredminrepvalue,objectivetext1) values (0,41383,2,10,60,60,0,0,'Wisdom of Ur','During your absence, I delved deep into the teachings of Ur, scrutinizing every passage, every word, and every hidden meaning within the tome. The knowledge I uncovered is both enlightening and deeply unsettling.$B$BStay awhile and listen, young $r. The wisdom contained in Ur\'s writings is profound, but it also reveals a grim truth about the Scythe of Elune and the nature of its power.','Listen to what Arch Druid Dreamwind learned during your absence.','Time is of the essence.','So now you know. We don\'t have much time left. You must find them, so that the Scythe can be cleansed.',61759,1,0,0,0,0,0,0, 60056,1,0,0,0,0,0,0, 61759,1, 0,57300,9550, 0,0,0,0,0,0,0,0, 0,0,0, 0,0,0,0,0,0,0,0, 0,0,0,0,0,0,0,0, 0,0,'Arch Druid Dreamwind has been listened');

replace into creature_questrelation		(id, quest) values (61512, 41383);
replace into creature_involvedrelation	(id, quest) values (61512, 41383);
update quest_template set nextquestinchain = 41384	 where entry = 41383;

update quest_template set ExclusiveGroup = 41379 where entry in (41379,41382);

replace INTO `broadcast_text` (`entry`, `male_text`, `female_text`, `chat_type`, `sound_id`, `language_id`, `emote_id1`, `emote_id2`, `emote_id3`, `emote_delay1`, `emote_delay2`, `emote_delay3`) VALUES
(30251, 'What have you uncovered?', NULL, 0, 0, 0, 0, 0, 0, 0, 0, 0);

REPLACE INTO `npc_text` VALUES		 (30252, 30252, 0, 0, 0, 0, 0, 0, 0, 0, 0, 0, 0, 0, 0, 0, 0);
REPLACE INTO `broadcast_text` VALUES (30252, 'The Scythe\'s dark history is intertwined with the fate of the worgen. Originally, the worgen were Elune\'s favored children, created to serve as guardians against the encroaching darkness. Their blood was as pure as the waters of our moonwells, and they were deeply connected to Elune. However, the rise of blood magic among their ranks corrupted their noble lineage.$B$BThe pricoliches, masters of this vile magic, rose to power and sealed away the Scythe to prevent it from falling into the wrong hands. Yet, their ambition and thirst for domination could not be contained. When one of these pricoliches discovered our world, he saw an opportunity to expand his influence. Through deception, he convinced Velinde that he was Elune and gifted her the Scythe, knowing that she would unknowingly summon his worgen servants.', NULL, 0, 0, 0, 0, 0, 0, 0, 0, 0);

REPLACE INTO `npc_text` VALUES		 (30253, 30253, 0, 0, 0, 0, 0, 0, 0, 0, 0, 0, 0, 0, 0, 0, 0);
REPLACE INTO `broadcast_text` VALUES (30253, 'Velinde, believing she was serving Elune\'s will, unleashed these corrupted beings upon our world. Initially, they fought valiantly against the Legion, their centuries of combat experience making them formidable allies. But their true nature, hidden beneath layers of enchantment, was soon revealed.$B$BThe pricoliches\' influence over the worgen was absolute. They stripped their servants of free will, turning them into obedient soldiers with no sense of self. As Velinde\'s control waned, the pricoliches\' power grew, culminating in the arrival of a pricolich in Azeroth. Velinde\'s tragedy was set in motion, and her control over the worgen was shattered. You know well the fate that befell her...', NULL, 0, 0, 0, 0, 0, 0, 0, 0, 0);

REPLACE INTO `npc_text` VALUES		 (30254, 30254, 0, 0, 0, 0, 0, 0, 0, 0, 0, 0, 0, 0, 0, 0, 0);
REPLACE INTO `broadcast_text` VALUES (30254, 'Raise your eyes to the heavens and observe. Have you noticed? The Blue Child has returned. This celestial event heralds the coming of the worgen, a sign that the pricoliches\' plans are advancing. We must act swiftly to prevent them from opening a portal to Vorgendor, a realm of unimaginable darkness and horror.$B$BMy ravens have informed me that not one, but two pricoliches have infiltrated our world. We must banish them back to their foul realm before the Scythe can be purified and returned to our Goddess. One of them, Keeper Gnarlmoon, was easily located. He has taken refuge in Karazhan, summoned by his minions. His presence there is a dire threat, as the secrets of Karazhan are not meant for mortal hands, let alone those of a pricolich. We must and slay him before he can harness its dark knowledge.', NULL, 0, 0, 0, 0, 0, 0, 0, 0, 0);

REPLACE INTO `npc_text` VALUES		 (30255, 30255, 0, 0, 0, 0, 0, 0, 0, 0, 0, 0, 0, 0, 0, 0, 0);
REPLACE INTO `broadcast_text` VALUES (30255, 'The second pricolich is shrouded in mystery. My scouts have reported sightings in Gilneas, but his exact whereabouts remain elusive. We must be relentless in our pursuit, following every lead and uncovering his hiding place. The stakes are too high to allow even one pricolich to remain unchecked..$B$BPrepare yourself, young one. The task ahead is fraught with peril, but it is imperative for the safety of Azeroth and the sanctity of Elune\'s gifts. We must act swiftly and decisively to stop these pricoliches and cleanse the Scythe of its corruption. Elune\'s light will guide us.', NULL, 0, 0, 0, 0, 0, 0, 0, 0, 0);

REPLACE INTO `creature_template` VALUES
(60056, 328, 0, 0, 0, 0, 'quest_41383_dummy_triger', NULL, 0, 1, 1, 0, 0, 0, 0, 0, 35, 0, 1, 1.14286, 1, 20, 5, 0, 0, 1, 0, 0, 0, 0, 1, 0, 0, 0, 0, 0, 0, 0, 0, 0, 0, 0, 0, 0, 0, 0, 0, 0, 0, 0, 0, 0, 0, 0, 0, 0, 0, 0, 0, 0, 0, 0, NULL, 0, 0, '', 0, 3, 0, 0, 3, 0, 0, 0, 0, 0, 0, 0, 0, '');

-- Pricolich Gnarlmoon
delete from quest_template where entry = 41384;
replace into quest_template (prevquestid, entry, method, zoneorsort, questlevel, minlevel, questflags, specialflags, title, details, objectives, requestitemstext, offerrewardtext, reqitemid1, reqitemcount1, reqitemid2, reqitemcount2, reqitemid3, reqitemcount3, reqitemid4, reqitemcount4, reqcreatureorgoid1, reqcreatureorgocount1, reqcreatureorgoid2, reqcreatureorgocount2, reqcreatureorgoid3, reqcreatureorgocount3, reqcreatureorgoid4, reqcreatureorgocount4, srcitemid, srcitemcount, reworreqmoney, RewMoneyMaxLevel, rewxp, rewrepfaction1, rewrepvalue1,  rewrepfaction2, rewrepvalue2, rewrepfaction3, rewrepvalue3, rewrepfaction4, rewrepvalue4, rewspell, rewspellcast, completeemote, rewitemid1, rewitemcount1, rewitemid2, rewitemcount2, rewitemid3, rewitemcount3, rewitemid4, rewitemcount4, rewchoiceitemid1, rewchoiceitemcount1, rewchoiceitemid2, rewchoiceitemcount2, rewchoiceitemid3, rewchoiceitemcount3, rewchoiceitemid4, rewchoiceitemcount4,requiredminrepfaction,requiredminrepvalue,objectivetext1) values (41383,41384,2,10,60,60,0,0,'Pricolich Gnarlmoon','It is time to bring down Keeper Gnarlmoon. The fate of our world depends on it. His presence in Karazhan is a blight that cannot be tolerated, and his schemes must be thwarted before they come to fruition. The balance of nature itself is at stake.$B$BYou have already ventured into the Upper Chambers of Karazhan in your quest for the tome, so you are familiar with the labyrinthine corridors and shadowed halls. The journey ahead will not be easy, but your previous experience will serve you well. Gnarlmoon has entrenched himself in the very heart of Karazhan\'s dark magic, drawing power from the cursed place to fuel his malevolent plans.$B$BBut beware, for Gnarlmoon is no ordinary adversary. He is a bloodmage of legendary power, one who has dabbled in the darkest arts for centuries. His command over blood magic is unparalleled. To face him alone would be folly. You will need allies, strong and brave companions who can stand with you against the tide of darkness.','Slay Keeper Gnarlmoon. He can be found in the Upper Chambers of Karazhan.','Do not hesitate.','The foul pricolich Gnarlmoon is dead! Impressive indeed. You have saved us all.',61759,1,0,0,0,0,0,0, 61939,1,0,0,0,0,0,0, 61759,1, 0,57300,9550, 0,0,0,0,0,0,0,0, 0,0,0, 0,0,0,0,0,0,0,0, 0,0,0,0,0,0,0,0, 0,0,'');

replace into creature_questrelation		(id, quest) values (61512, 41384);
replace into creature_involvedrelation	(id, quest) values (61512, 41384);
update quest_template set nextquestinchain = 41385	 where entry = 41384;
update quest_template set type = 62 where				   entry = 41384;

-- Gilnean Pricolich
delete from quest_template where entry = 41385;
replace into quest_template (prevquestid, entry, method, zoneorsort, questlevel, minlevel, questflags, specialflags, title, details, objectives, requestitemstext, offerrewardtext, reqitemid1, reqitemcount1, reqitemid2, reqitemcount2, reqitemid3, reqitemcount3, reqitemid4, reqitemcount4, reqcreatureorgoid1, reqcreatureorgocount1, reqcreatureorgoid2, reqcreatureorgocount2, reqcreatureorgoid3, reqcreatureorgocount3, reqcreatureorgoid4, reqcreatureorgocount4, srcitemid, srcitemcount, reworreqmoney, RewMoneyMaxLevel, rewxp, rewrepfaction1, rewrepvalue1,  rewrepfaction2, rewrepvalue2, rewrepfaction3, rewrepvalue3, rewrepfaction4, rewrepvalue4, rewspell, rewspellcast, completeemote, rewitemid1, rewitemcount1, rewitemid2, rewitemcount2, rewitemid3, rewitemcount3, rewitemid4, rewitemcount4, rewchoiceitemid1, rewchoiceitemcount1, rewchoiceitemid2, rewchoiceitemcount2, rewchoiceitemid3, rewchoiceitemcount3, rewchoiceitemid4, rewchoiceitemcount4,requiredminrepfaction,requiredminrepvalue,objectivetext1) values (41384,41385,2,10,60,60,0,0,'Gilnean Pricolich','My ravens have whispered of a dark presence that once shadowed the streets of Gilneas City. Far across the sea, amidst the gloom and mist, a worgen bloodmage was seen weaving his vile magic. This creature has left an indelible mark on the already troubled land. The details are scarce, but one thing is certain: he often conspired with the infamous regents of Gilneas, the Harlows.$B$BThe Harlows are a cunning and ruthless family.It is said that they would align themselves with anyone who could further their ambitions, no matter the cost. The bloodmage found in them willing accomplices, ones who would turn a blind eye to his dark practices as long as it suited their needs. It is within their shadowy dealings that the key to the bloodmage\'s plans may lie.$B$BIf I could leave the sacred groves of Hyjal, I would journey to Gilneas myself. But you, young one, have the freedom to venture forth where I cannot. Your path is clear, and it leads to the mist-shrouded streets of Gilneas City.','Venture to Gilneas City and search for the whereabouts of the second Pricolich.','I cannot leave Nordrassil, not yet.','Father Lycan... A name steeped in shadows, yet one that may hold the key to our salvation. This journal you\'ve unearthed, while enigmatic, could be the catalyst for unlocking the truth behind his sinister presence. Let us delve into Ur\'s teachings once more, for within lies the wisdom to decipher this mystery.',61759,1,61802,1,0,0,0,0, 0,0,0,0,0,0,0,0, 61759,1, 0,0,0, 0,0,0,0,0,0,0,0, 0,0,0, 0,0,0,0,0,0,0,0, 0,0,0,0,0,0,0,0, 0,0,'');

replace into creature_questrelation		(id, quest) values (61512, 41385);
replace into creature_involvedrelation	(id, quest) values (61512, 41385);
update quest_template set nextquestinchain = 41386	 where entry = 41385;

REPLACE INTO gameobject_template VALUES
(2020113, 3, 5851, 'Celia\'s Journal', 0, 4, 1, 43, 2020113, 0, 1, 0, 0, 0, 0, 0, 0, 0, 0, 0, 0, 0, 0, 0, 0, 0, 0, 0, 0, 0, 0, 0, 0, 0, '');

replace into gameobject_loot_template values
(2020113,61802,-100,0,1,1,0);

-- Pricolich Lycan
delete from quest_template where entry = 41386;
replace into quest_template (prevquestid, entry, method, zoneorsort, questlevel, minlevel, questflags, specialflags, title, details, objectives, requestitemstext, offerrewardtext, reqitemid1, reqitemcount1, reqitemid2, reqitemcount2, reqitemid3, reqitemcount3, reqitemid4, reqitemcount4, reqcreatureorgoid1, reqcreatureorgocount1, reqcreatureorgoid2, reqcreatureorgocount2, reqcreatureorgoid3, reqcreatureorgocount3, reqcreatureorgoid4, reqcreatureorgocount4, srcitemid, srcitemcount, reworreqmoney, RewMoneyMaxLevel, rewxp, rewrepfaction1, rewrepvalue1,  rewrepfaction2, rewrepvalue2, rewrepfaction3, rewrepvalue3, rewrepfaction4, rewrepvalue4, rewspell, rewspellcast, completeemote, rewitemid1, rewitemcount1, rewitemid2, rewitemcount2, rewitemid3, rewitemcount3, rewitemid4, rewitemcount4, rewchoiceitemid1, rewchoiceitemcount1, rewchoiceitemid2, rewchoiceitemcount2, rewchoiceitemid3, rewchoiceitemcount3, rewchoiceitemid4, rewchoiceitemcount4,requiredminrepfaction,requiredminrepvalue,objectivetext1) values (41385,41386,2,10,60,60,0,0,'Pricolich Lycan','In the annals of ancient lore penned by Ur, it is whispered that the mere utterance of the pricolich\'s name could serve as a beacon, drawing forth his dark presence into our realm. But heed me closely, for there exists a stratagem, a cunning plan to entice him forth under our control. $B$BTake this arcane orb, a relic of ages past, infused with the essence of primal magic. With it in hand, venture westward to the site of an ancient Circle of Power, a nexus of energies both primordial and potent. There, amidst the whispering winds and the rustling leaves, speak the name of the pricolich.$B$BBut do so with caution, for his arrival must be orchestrated with precision. Once summoned, we shall wield the Circle\'s might to ensnare him, stripping away his dark powers and rendering him vulnerable. It is then, in that moment of weakness, that we shall strike, banishing him back to the shadows from whence he came, and securing our realm from his malevolent grasp for eternity.','Slay Father Lycan in the Circle of Power.','Is it done?','The vile pricolich Lycan is dead! You stopped him and avenged Velinde!',41424,1,0,0,0,0,0,0, 62059,1,0,0,0,0,0,0, 41424,1, 0,57300,9550, 0,0,0,0,0,0,0,0, 0,0,0, 0,0,0,0,0,0,0,0, 0,0,0,0,0,0,0,0, 0,0,'');

replace into creature_questrelation		(id, quest) values (61512, 41386);
replace into creature_involvedrelation	(id, quest) values (61512, 41386);
update quest_template set type = 62 where				   entry = 41386;

replace into item_template (entry, display_id, name, class, quality, flags, buy_count, allowable_class, allowable_race, item_level, stackable, spellcooldown_1, spellcategorycooldown_1, spellcooldown_2, spellcategorycooldown_2, bonding, description, page_text, material) values
(41424,23727,'Orb of Vorgendor',12,1,2048,1,-1,-1,1,1,-1,-1,-1,-1,4,'',0,4);

REPLACE INTO `gameobject_template` (`entry`, `type`, `displayId`, `name`, `faction`, `flags`, `size`, `data0`, `data1`, `data2`, `data3`, `data4`, `data5`, `data6`, `data7`, `data8`, `data9`, `data10`, `data11`, `data12`, `data13`, `data14`, `data15`, `data16`, `data17`, `data18`, `data19`, `data20`, `data21`, `data22`, `data23`, `mingold`, `maxgold`, `phase_quest_id`, `script_name`) VALUES
(2020114, 2, 26497, 'Beacon of Power', 0, 32, 0.8, 0, 0, 0, 0, 0, 0, 0, 0, 0, 0, 0, 0, 0, 0, 0, 0, 0, 0, 0, 0, 0, 0, 0, 0, 0, 0, 0, 'go_beacon_of_power');

REPLACE INTO `npc_text` (`ID`, `BroadcastTextID0`, `Probability0`, `BroadcastTextID1`, `Probability1`, `BroadcastTextID2`, `Probability2`, `BroadcastTextID3`, `Probability3`, `BroadcastTextID4`, `Probability4`, `BroadcastTextID5`, `Probability5`, `BroadcastTextID6`, `Probability6`, `BroadcastTextID7`, `Probability7`) VALUES
(30250, 30250, 0, 0, 0, 0, 0, 0, 0, 0, 0, 0, 0, 0, 0, 0, 0);

replace INTO `broadcast_text` (`entry`, `male_text`, `female_text`, `chat_type`, `sound_id`, `language_id`, `emote_id1`, `emote_id2`, `emote_id3`, `emote_delay1`, `emote_delay2`, `emote_delay3`) VALUES
(30249, 'Place the Orb of Vorgendor into the flame.', NULL, 0, 0, 0, 0, 0, 0, 0, 0, 0),
(30250, 'The fire burns an ominous green, a strange magic lingers in the air around it.', NULL, 0, 0, 0, 0, 0, 0, 0, 0, 0);

-- Father Lycan <Herald of Vorgendor>, display ID 20493, faction 16, level 63 boss, humanoid, scale 3, has 2418092 hp, has 1883921 mana, 3920 armor, 150 shadow resistance, 15 to all other resistances, deals 6588-8101 damage, should have a movement speed of 1.5
REPLACE INTO creature_template VALUES
(62059, 20493, 0, 0, 0, 0, 'Father Lycan', 'Herald of Vorgendor', 0, 63, 63, 2418092, 2418092, 1883921, 1883921, 3920, 16, 0, 1, 1.5, 3, 20, 5, 0, 3, 1, 6588, 8101, 0, 290, 1, 2000, 2000, 2, 0, 0, 0, 0, 0, 0, 0, 220.81, 320.77, 100, 7, 0, 62059, 0, 0, 15, 15, 15, 15, 150, 15, 0, 0, 0, 0, 0, 0, 0, NULL, 890000, 1050000, '', 0, 3, 0, 0, 3, 0, 0, 0, 0, 0, 0, 0, 0, ''),
-- Bloodborn Invader, display ID 736, faction 16, level 61, humanoid, scale 1.4, has 5814 hp, 2088 armor, 150 shadow resistance, deals 589-661 damage, has a movement speed of 1.3
(62060, 736, 0, 0, 0, 0, 'Bloodborn Invader', NULL, 0, 61, 61, 5814, 5814, 0, 0, 2088, 16, 0, 1, 1.3, 1.4, 18, 5, 0, 0, 1, 589, 661, 0, 278, 1, 2000, 2000, 1, 0, 0, 0, 0, 0, 0, 0, 172.1, 103.334, 100, 7, 0, 62060, 0, 0, 0, 0, 0, 0, 150, 0, 0, 0, 0, 0, 0, 0, 0, NULL, 0, 0, '', 0, 3, 0, 0, 3, 0, 0, 0, 0, 0, 0, 0, 0, ''),
-- Bloodborn Warder, display ID 20495, faction 16, level 62 elite, humanoid, scale 1.6, has 31018 hp, 3901 armor, 150 shadow resistance, deals 3155-4816 damage, has a movement speed of 1.3
(62061, 20495, 0, 0, 0, 0, 'Bloodborn Warder', NULL, 0, 62, 62, 31018, 31018, 0, 0, 3901, 16, 0, 1, 1.3, 1.6, 20, 5, 0, 1, 1, 3155, 4816, 0, 284, 1, 2000, 2000, 1, 0, 0, 0, 0, 0, 0, 0, 61.732, 84.8815, 100, 7, 0, 62061, 0, 0, 0, 0, 0, 0, 150, 0, 0, 0, 0, 0, 0, 0, 0, NULL, 0, 0, '', 0, 3, 0, 0, 3, 0, 0, 0, 0, 0, 0, 0, 0, ''),
-- Bloodborn Channeler, display ID 20492, faction 16, level 62 elite, humanoid, scale 1.5, has 22409 hp, 18333 mana, 150 shadow resistance, deals 1911-2644 damage, has a movement speed of 1.3
(62062, 20492, 0, 0, 0, 0, 'Bloodborn Channeler', NULL, 0, 62, 62, 22409, 22409, 18333, 18333, 3901, 16, 0, 1, 1.3, 1.5, 20, 5, 0, 1, 1, 1911, 2644, 0, 284, 1, 2000, 2000, 2, 0, 0, 0, 0, 0, 0, 0, 61.732, 84.8815, 100, 7, 0, 62062, 0, 0, 0, 0, 0, 0, 150, 0, 0, 0, 0, 0, 0, 0, 0, NULL, 0, 0, '', 0, 3, 0, 0, 3, 0, 0, 0, 0, 0, 0, 0, 0, '');