-- Add spell Worgen Dimension.
REPLACE INTO `spell_template` (`entry`, `school`, `category`, `castUI`, `dispel`, `mechanic`, `attributes`, `attributesEx`, `attributesEx2`, `attributesEx3`, `attributesEx4`, `stances`, `stancesNot`, `targets`, `targetCreatureType`, `requiresSpellFocus`, `casterAuraState`, `targetAuraState`, `castingTimeIndex`, `recoveryTime`, `categoryRecoveryTime`, `interruptFlags`, `auraInterruptFlags`, `channelInterruptFlags`, `procFlags`, `procChance`, `procCharges`, `maxLevel`, `baseLevel`, `spellLevel`, `durationIndex`, `powerType`, `manaCost`, `manCostPerLevel`, `manaPerSecond`, `manaPerSecondPerLevel`, `rangeIndex`, `speed`, `modelNextSpell`, `stackAmount`, `totem1`, `totem2`, `reagent1`, `reagent2`, `reagent3`, `reagent4`, `reagent5`, `reagent6`, `reagent7`, `reagent8`, `reagentCount1`, `reagentCount2`, `reagentCount3`, `reagentCount4`, `reagentCount5`, `reagentCount6`, `reagentCount7`, `reagentCount8`, `equippedItemClass`, `equippedItemSubClassMask`, `equippedItemInventoryTypeMask`, `effect1`, `effect2`, `effect3`, `effectDieSides1`, `effectDieSides2`, `effectDieSides3`, `effectBaseDice1`, `effectBaseDice2`, `effectBaseDice3`, `effectDicePerLevel1`, `effectDicePerLevel2`, `effectDicePerLevel3`, `effectRealPointsPerLevel1`, `effectRealPointsPerLevel2`, `effectRealPointsPerLevel3`, `effectBasePoints1`, `effectBasePoints2`, `effectBasePoints3`, `effectBonusCoefficient1`, `effectBonusCoefficient2`, `effectBonusCoefficient3`, `effectMechanic1`, `effectMechanic2`, `effectMechanic3`, `effectImplicitTargetA1`, `effectImplicitTargetA2`, `effectImplicitTargetA3`, `effectImplicitTargetB1`, `effectImplicitTargetB2`, `effectImplicitTargetB3`, `effectRadiusIndex1`, `effectRadiusIndex2`, `effectRadiusIndex3`, `effectApplyAuraName1`, `effectApplyAuraName2`, `effectApplyAuraName3`, `effectAmplitude1`, `effectAmplitude2`, `effectAmplitude3`, `effectMultipleValue1`, `effectMultipleValue2`, `effectMultipleValue3`, `effectChainTarget1`, `effectChainTarget2`, `effectChainTarget3`, `effectItemType1`, `effectItemType2`, `effectItemType3`, `effectMiscValue1`, `effectMiscValue2`, `effectMiscValue3`, `effectTriggerSpell1`, `effectTriggerSpell2`, `effectTriggerSpell3`, `effectPointsPerComboPoint1`, `effectPointsPerComboPoint2`, `effectPointsPerComboPoint3`, `spellVisual1`, `spellVisual2`, `spellIconId`, `activeIconId`, `spellPriority`, `name`, `nameFlags`, `nameSubtext`, `nameSubtextFlags`, `description`, `descriptionFlags`, `auraDescription`, `auraDescriptionFlags`, `manaCostPercentage`, `startRecoveryCategory`, `startRecoveryTime`, `minTargetLevel`, `maxTargetLevel`, `spellFamilyName`, `spellFamilyFlags`, `maxAffectedTargets`, `dmgClass`, `preventionType`, `stanceBarOrder`, `dmgMultiplier1`, `dmgMultiplier2`, `dmgMultiplier3`, `minFactionId`, `minReputation`, `requiredAuraVision`, `customFlags`) VALUES (51096, 1, 37, 0, 0, 0, 537198592, 32768, 0, 0, 0, 0, 0, 0, 0, 0, 0, 0, 1, 0, 0, 0, 0, 0, 0, 101, 0, 0, 60, 60, 21, 0, 0, 0, 0, 0, 1, 0, 0, 0, 0, 0, 0, 0, 0, 0, 0, 0, 0, 0, 0, 0, 0, 0, 0, 0, 0, 0, -1, -1, 0, 6, 6, 6, 1, 1, 0, 1, 1, 0, 0, 0, 0, 0, 0, 0, -1, -1, 0, 0, 0, 0, 0, 0, 0, 1, 1, 1, 0, 0, 0, 0, 0, 0, 39, 12, 39, 0, 0, 0, 0, 0, 0, 0, 0, 0, 0, 0, 0, 1, 0, 126, 0, 0, 0, 0, 0, 0, 127, 0, 99, 0, 0, 'Worgen Dimension', 4128894, '', 4128892, 'Protects the caster from all attacks and spells.', 4128894, 'Immune to all attacks and spells.', 4128894, 0, 133, 0, 0, 0, 0, 0, 0, 1, 1, -1, 1, 1, 1, 0, 0, 0, 0);

-- Make spell Owl Gaze channeled.
REPLACE INTO `spell_template` (`entry`, `school`, `category`, `castUI`, `dispel`, `mechanic`, `attributes`, `attributesEx`, `attributesEx2`, `attributesEx3`, `attributesEx4`, `stances`, `stancesNot`, `targets`, `targetCreatureType`, `requiresSpellFocus`, `casterAuraState`, `targetAuraState`, `castingTimeIndex`, `recoveryTime`, `categoryRecoveryTime`, `interruptFlags`, `auraInterruptFlags`, `channelInterruptFlags`, `procFlags`, `procChance`, `procCharges`, `maxLevel`, `baseLevel`, `spellLevel`, `durationIndex`, `powerType`, `manaCost`, `manCostPerLevel`, `manaPerSecond`, `manaPerSecondPerLevel`, `rangeIndex`, `speed`, `modelNextSpell`, `stackAmount`, `totem1`, `totem2`, `reagent1`, `reagent2`, `reagent3`, `reagent4`, `reagent5`, `reagent6`, `reagent7`, `reagent8`, `reagentCount1`, `reagentCount2`, `reagentCount3`, `reagentCount4`, `reagentCount5`, `reagentCount6`, `reagentCount7`, `reagentCount8`, `equippedItemClass`, `equippedItemSubClassMask`, `equippedItemInventoryTypeMask`, `effect1`, `effect2`, `effect3`, `effectDieSides1`, `effectDieSides2`, `effectDieSides3`, `effectBaseDice1`, `effectBaseDice2`, `effectBaseDice3`, `effectDicePerLevel1`, `effectDicePerLevel2`, `effectDicePerLevel3`, `effectRealPointsPerLevel1`, `effectRealPointsPerLevel2`, `effectRealPointsPerLevel3`, `effectBasePoints1`, `effectBasePoints2`, `effectBasePoints3`, `effectBonusCoefficient1`, `effectBonusCoefficient2`, `effectBonusCoefficient3`, `effectMechanic1`, `effectMechanic2`, `effectMechanic3`, `effectImplicitTargetA1`, `effectImplicitTargetA2`, `effectImplicitTargetA3`, `effectImplicitTargetB1`, `effectImplicitTargetB2`, `effectImplicitTargetB3`, `effectRadiusIndex1`, `effectRadiusIndex2`, `effectRadiusIndex3`, `effectApplyAuraName1`, `effectApplyAuraName2`, `effectApplyAuraName3`, `effectAmplitude1`, `effectAmplitude2`, `effectAmplitude3`, `effectMultipleValue1`, `effectMultipleValue2`, `effectMultipleValue3`, `effectChainTarget1`, `effectChainTarget2`, `effectChainTarget3`, `effectItemType1`, `effectItemType2`, `effectItemType3`, `effectMiscValue1`, `effectMiscValue2`, `effectMiscValue3`, `effectTriggerSpell1`, `effectTriggerSpell2`, `effectTriggerSpell3`, `effectPointsPerComboPoint1`, `effectPointsPerComboPoint2`, `effectPointsPerComboPoint3`, `spellVisual1`, `spellVisual2`, `spellIconId`, `activeIconId`, `spellPriority`, `name`, `nameFlags`, `nameSubtext`, `nameSubtextFlags`, `description`, `descriptionFlags`, `auraDescription`, `auraDescriptionFlags`, `manaCostPercentage`, `startRecoveryCategory`, `startRecoveryTime`, `minTargetLevel`, `maxTargetLevel`, `spellFamilyName`, `spellFamilyFlags`, `maxAffectedTargets`, `dmgClass`, `preventionType`, `stanceBarOrder`, `dmgMultiplier1`, `dmgMultiplier2`, `dmgMultiplier3`, `minFactionId`, `minReputation`, `requiredAuraVision`, `customFlags`) VALUES (51087, 0, 0, 0, 0, 0, 0, 67108868, 0, 0, 0, 0, 0, 0, 0, 0, 0, 0, 1, 0, 0, 15, 0, 31756, 0, 101, 0, 0, 60, 60, 66, 0, 0, 0, 0, 0, 6, 0, 0, 0, 0, 0, 0, 0, 0, 0, 0, 0, 0, 0, 0, 0, 0, 0, 0, 0, 0, 0, -1, -1, 0, 6, 0, 0, 1, 0, 0, 1, 0, 0, 0, 0, 0, 1, 0, 0, 1, 0, 0, 0, -1, -1, 0, 0, 0, 6, 0, 0, 0, 0, 0, 0, 0, 0, 4, 0, 0, 0, 0, 0, 0, 0, 0, 0, 0, 0, 0, 0, 0, 0, 0, 0, 0, 0, 0, 0, 0, 0, 277, 0, 12, 0, 50, 'Owl Gaze', 4128894, '', 4128892, 'Change the Moon debuff of the target.', 4128894, '', 4128892, 0, 0, 1500, 0, 0, 0, 0, 0, 1, 0, -1, 1, 1, 1, 0, 0, 0, 128);

-- Assign script and spells for Keeper Gnarlmoon.
REPLACE INTO `creature_template` (`entry`, `display_id1`, `display_id2`, `display_id3`, `display_id4`, `mount_display_id`, `name`, `subname`, `gossip_menu_id`, `level_min`, `level_max`, `health_min`, `health_max`, `mana_min`, `mana_max`, `armor`, `faction`, `npc_flags`, `speed_walk`, `speed_run`, `scale`, `detection_range`, `call_for_help_range`, `leash_range`, `rank`, `xp_multiplier`, `dmg_min`, `dmg_max`, `dmg_school`, `attack_power`, `dmg_multiplier`, `base_attack_time`, `ranged_attack_time`, `unit_class`, `unit_flags`, `dynamic_flags`, `beast_family`, `trainer_type`, `trainer_spell`, `trainer_class`, `trainer_race`, `ranged_dmg_min`, `ranged_dmg_max`, `ranged_attack_power`, `type`, `type_flags`, `loot_id`, `pickpocket_loot_id`, `skinning_loot_id`, `holy_res`, `fire_res`, `nature_res`, `frost_res`, `shadow_res`, `arcane_res`, `spell_id1`, `spell_id2`, `spell_id3`, `spell_id4`, `spell_list_id`, `pet_spell_list_id`, `spawn_spell_id`, `auras`, `gold_min`, `gold_max`, `ai_name`, `movement_type`, `inhabit_type`, `civilian`, `racial_leader`, `regeneration`, `equipment_id`, `trainer_id`, `vendor_id`, `mechanic_immune_mask`, `school_immune_mask`, `immunity_flags`, `flags_extra`, `phase_quest_id`, `script_name`) VALUES (61939, 20493, 0, 0, 0, 0, 'Keeper Gnarlmoon', NULL, 0, 63, 63, 3889000, 3889000, 0, 0, 4211, 21, 0, 1.5, 1.14286, 2.5, 20, 5, 0, 3, 1, 6419, 8273, 0, 290, 1, 2000, 3700, 1, 0, 0, 0, 0, 0, 0, 0, 220.81, 320.77, 100, 7, 0, 61939, 0, 0, 0, 15, 15, 15, 15, 15, 0, 0, 0, 0, 619390, 0, 0, NULL, 1283823, 1569117, '', 0, 3, 0, 0, 3, 0, 0, 0, 42680146, 0, 0, 2130433, 0, 'npc_keeper_gnarlmoon');
REPLACE INTO `creature_spells` (`entry`, `name`, `spellId_1`, `probability_1`, `castTarget_1`, `targetParam1_1`, `targetParam2_1`, `castFlags_1`, `delayInitialMin_1`, `delayInitialMax_1`, `delayRepeatMin_1`, `delayRepeatMax_1`, `scriptId_1`, `spellId_2`, `probability_2`, `castTarget_2`, `targetParam1_2`, `targetParam2_2`, `castFlags_2`, `delayInitialMin_2`, `delayInitialMax_2`, `delayRepeatMin_2`, `delayRepeatMax_2`, `scriptId_2`, `spellId_3`, `probability_3`, `castTarget_3`, `targetParam1_3`, `targetParam2_3`, `castFlags_3`, `delayInitialMin_3`, `delayInitialMax_3`, `delayRepeatMin_3`, `delayRepeatMax_3`, `scriptId_3`, `spellId_4`, `probability_4`, `castTarget_4`, `targetParam1_4`, `targetParam2_4`, `castFlags_4`, `delayInitialMin_4`, `delayInitialMax_4`, `delayRepeatMin_4`, `delayRepeatMax_4`, `scriptId_4`, `spellId_5`, `probability_5`, `castTarget_5`, `targetParam1_5`, `targetParam2_5`, `castFlags_5`, `delayInitialMin_5`, `delayInitialMax_5`, `delayRepeatMin_5`, `delayRepeatMax_5`, `scriptId_5`, `spellId_6`, `probability_6`, `castTarget_6`, `targetParam1_6`, `targetParam2_6`, `castFlags_6`, `delayInitialMin_6`, `delayInitialMax_6`, `delayRepeatMin_6`, `delayRepeatMax_6`, `scriptId_6`, `spellId_7`, `probability_7`, `castTarget_7`, `targetParam1_7`, `targetParam2_7`, `castFlags_7`, `delayInitialMin_7`, `delayInitialMax_7`, `delayRepeatMin_7`, `delayRepeatMax_7`, `scriptId_7`, `spellId_8`, `probability_8`, `castTarget_8`, `targetParam1_8`, `targetParam2_8`, `castFlags_8`, `delayInitialMin_8`, `delayInitialMax_8`, `delayRepeatMin_8`, `delayRepeatMax_8`, `scriptId_8`) VALUES (619390, 'Upper Karazhan Halls - Keeper Gnarlmoon', 51082, 100, 0, 0, 0, 0, 10, 10, 10, 10, 0, 51083, 100, 0, 0, 0, 0, 15, 15, 33, 33, 0, 51084, 100, 4, 0, 0, 32, 6, 8, 6, 8, 0, 51086, 100, 0, 0, 0, 0, 25, 25, 25, 25, 0, 0, 0, 0, 0, 0, 0, 0, 0, 0, 0, 0, 0, 0, 0, 0, 0, 0, 0, 0, 0, 0, 0, 0, 0, 0, 0, 0, 0, 0, 0, 0, 0, 0, 0, 0, 0, 0, 0, 0, 0, 0, 0, 0, 0);

-- Assign script and spells for Blood Raven.
REPLACE INTO `creature_template` (`entry`, `display_id1`, `display_id2`, `display_id3`, `display_id4`, `mount_display_id`, `name`, `subname`, `gossip_menu_id`, `level_min`, `level_max`, `health_min`, `health_max`, `mana_min`, `mana_max`, `armor`, `faction`, `npc_flags`, `speed_walk`, `speed_run`, `scale`, `detection_range`, `call_for_help_range`, `leash_range`, `rank`, `xp_multiplier`, `dmg_min`, `dmg_max`, `dmg_school`, `attack_power`, `dmg_multiplier`, `base_attack_time`, `ranged_attack_time`, `unit_class`, `unit_flags`, `dynamic_flags`, `beast_family`, `trainer_type`, `trainer_spell`, `trainer_class`, `trainer_race`, `ranged_dmg_min`, `ranged_dmg_max`, `ranged_attack_power`, `type`, `type_flags`, `loot_id`, `pickpocket_loot_id`, `skinning_loot_id`, `holy_res`, `fire_res`, `nature_res`, `frost_res`, `shadow_res`, `arcane_res`, `spell_id1`, `spell_id2`, `spell_id3`, `spell_id4`, `spell_list_id`, `pet_spell_list_id`, `spawn_spell_id`, `auras`, `gold_min`, `gold_max`, `ai_name`, `movement_type`, `inhabit_type`, `civilian`, `racial_leader`, `regeneration`, `equipment_id`, `trainer_id`, `vendor_id`, `mechanic_immune_mask`, `school_immune_mask`, `immunity_flags`, `flags_extra`, `phase_quest_id`, `script_name`) VALUES (59999, 20496, 0, 0, 0, 0, 'Blood Raven', NULL, 0, 60, 60, 3000, 3000, 0, 0, 782, 14, 0, 1, 1.14286, 0, 20, 5, 0, 0, 1, 74, 96, 0, 84, 1, 1500, 1500, 1, 0, 0, 0, 0, 0, 0, 0, 23.8896, 32.8482, 100, 10, 0, 0, 0, 0, 0, 0, 0, 0, 0, 0, 0, 0, 0, 0, 599990, 0, 0, NULL, 0, 0, '', 1, 5, 0, 0, 3, 0, 0, 0, 0, 0, 0, 0, 0, 'npc_blood_raven');
REPLACE INTO `creature_spells` (`entry`, `name`, `spellId_1`, `probability_1`, `castTarget_1`, `targetParam1_1`, `targetParam2_1`, `castFlags_1`, `delayInitialMin_1`, `delayInitialMax_1`, `delayRepeatMin_1`, `delayRepeatMax_1`, `scriptId_1`, `spellId_2`, `probability_2`, `castTarget_2`, `targetParam1_2`, `targetParam2_2`, `castFlags_2`, `delayInitialMin_2`, `delayInitialMax_2`, `delayRepeatMin_2`, `delayRepeatMax_2`, `scriptId_2`, `spellId_3`, `probability_3`, `castTarget_3`, `targetParam1_3`, `targetParam2_3`, `castFlags_3`, `delayInitialMin_3`, `delayInitialMax_3`, `delayRepeatMin_3`, `delayRepeatMax_3`, `scriptId_3`, `spellId_4`, `probability_4`, `castTarget_4`, `targetParam1_4`, `targetParam2_4`, `castFlags_4`, `delayInitialMin_4`, `delayInitialMax_4`, `delayRepeatMin_4`, `delayRepeatMax_4`, `scriptId_4`, `spellId_5`, `probability_5`, `castTarget_5`, `targetParam1_5`, `targetParam2_5`, `castFlags_5`, `delayInitialMin_5`, `delayInitialMax_5`, `delayRepeatMin_5`, `delayRepeatMax_5`, `scriptId_5`, `spellId_6`, `probability_6`, `castTarget_6`, `targetParam1_6`, `targetParam2_6`, `castFlags_6`, `delayInitialMin_6`, `delayInitialMax_6`, `delayRepeatMin_6`, `delayRepeatMax_6`, `scriptId_6`, `spellId_7`, `probability_7`, `castTarget_7`, `targetParam1_7`, `targetParam2_7`, `castFlags_7`, `delayInitialMin_7`, `delayInitialMax_7`, `delayRepeatMin_7`, `delayRepeatMax_7`, `scriptId_7`, `spellId_8`, `probability_8`, `castTarget_8`, `targetParam1_8`, `targetParam2_8`, `castFlags_8`, `delayInitialMin_8`, `delayInitialMax_8`, `delayRepeatMin_8`, `delayRepeatMax_8`, `scriptId_8`) VALUES (599990, 'Upper Karazhan Halls - Blood Raven', 17153, 100, 1, 0, 0, 32, 1, 3, 1, 3, 0, 0, 0, 0, 0, 0, 0, 0, 0, 0, 0, 0, 0, 0, 0, 0, 0, 0, 0, 0, 0, 0, 0, 0, 0, 0, 0, 0, 0, 0, 0, 0, 0, 0, 0, 0, 0, 0, 0, 0, 0, 0, 0, 0, 0, 0, 0, 0, 0, 0, 0, 0, 0, 0, 0, 0, 0, 0, 0, 0, 0, 0, 0, 0, 0, 0, 0, 0, 0, 0, 0, 0, 0, 0, 0, 0, 0, 0);

-- Events list for Blue Owl
DELETE FROM `creature_ai_events` WHERE `creature_id`=59998;
INSERT INTO `creature_ai_events` (`id`, `creature_id`, `condition_id`, `event_type`, `event_inverse_phase_mask`, `event_chance`, `event_flags`, `event_param1`, `event_param2`, `event_param3`, `event_param4`, `action1_script`, `action2_script`, `action3_script`, `comment`) VALUES (5999801, 59998, 0, 4, 0, 100, 0, 0, 0, 0, 0, 5999801, 0, 0, 'Blue Owl - Cast Blue Owl Aura on Aggro');
INSERT INTO `creature_ai_events` (`id`, `creature_id`, `condition_id`, `event_type`, `event_inverse_phase_mask`, `event_chance`, `event_flags`, `event_param1`, `event_param2`, `event_param3`, `event_param4`, `action1_script`, `action2_script`, `action3_script`, `comment`) VALUES (5999802, 59998, 0, 0, 0, 100, 0, 60000, 60000, 0, 0, 5999802, 0, 0, 'Blue Owl - Cast Blue Owl Aura Enraged after 1 Minute');
INSERT INTO `creature_ai_events` (`id`, `creature_id`, `condition_id`, `event_type`, `event_inverse_phase_mask`, `event_chance`, `event_flags`, `event_param1`, `event_param2`, `event_param3`, `event_param4`, `action1_script`, `action2_script`, `action3_script`, `comment`) VALUES (5999803, 59998, 0, 0, 0, 100, 1, 3000, 3000, 3000, 3000, 5999803, 0, 0, 'Blue Owl - Cast Owl Gaze every 3 Seconds');
DELETE FROM `creature_ai_scripts` WHERE `id`=5999801;
INSERT INTO `creature_ai_scripts` (`id`, `delay`, `priority`, `command`, `datalong`, `datalong2`, `datalong3`, `datalong4`, `target_param1`, `target_param2`, `target_type`, `data_flags`, `dataint`, `dataint2`, `dataint3`, `dataint4`, `x`, `y`, `z`, `o`, `condition_id`, `comments`) VALUES
(5999801, 0, 0, 15, 51089, 2, 0, 0, 0, 0, 0, 4, 0, 0, 0, 0, 0, 0, 0, 0, 0, 'Blue Owl - Cast Blue Owl Aura'),
(5999801, 0, 0, 14, 51091, 0, 0, 0, 0, 0, 0, 0, 0, 0, 0, 0, 0, 0, 0, 0, 0, 'Blue Owl - Remove Blue Owl Aura Enraged');
DELETE FROM `creature_ai_scripts` WHERE `id`=5999802;
INSERT INTO `creature_ai_scripts` (`id`, `delay`, `priority`, `command`, `datalong`, `datalong2`, `datalong3`, `datalong4`, `target_param1`, `target_param2`, `target_type`, `data_flags`, `dataint`, `dataint2`, `dataint3`, `dataint4`, `x`, `y`, `z`, `o`, `condition_id`, `comments`) VALUES
(5999802, 0, 0, 15, 51091, 2, 0, 0, 0, 0, 0, 4, 0, 0, 0, 0, 0, 0, 0, 0, 0, 'Blue Owl - Cast Blue Owl Aura Enraged'),
(5999802, 0, 0, 14, 51089, 0, 0, 0, 0, 0, 0, 0, 0, 0, 0, 0, 0, 0, 0, 0, 0, 'Blue Owl - Remove Blue Owl Aura');
DELETE FROM `creature_ai_scripts` WHERE `id`=5999803;
INSERT INTO `creature_ai_scripts` (`id`, `delay`, `priority`, `command`, `datalong`, `datalong2`, `datalong3`, `datalong4`, `target_param1`, `target_param2`, `target_type`, `data_flags`, `dataint`, `dataint2`, `dataint3`, `dataint4`, `x`, `y`, `z`, `o`, `condition_id`, `comments`) VALUES
(5999803, 0, 0, 15, 51087, 0, 0, 0, 3, 0, 4, 0, 0, 0, 0, 0, 0, 0, 0, 0, 0, 'Blue Owl - Cast Spell Owl Gaze');
REPLACE INTO `creature_template` (`entry`, `display_id1`, `display_id2`, `display_id3`, `display_id4`, `mount_display_id`, `name`, `subname`, `gossip_menu_id`, `level_min`, `level_max`, `health_min`, `health_max`, `mana_min`, `mana_max`, `armor`, `faction`, `npc_flags`, `speed_walk`, `speed_run`, `scale`, `detection_range`, `call_for_help_range`, `leash_range`, `rank`, `xp_multiplier`, `dmg_min`, `dmg_max`, `dmg_school`, `attack_power`, `dmg_multiplier`, `base_attack_time`, `ranged_attack_time`, `unit_class`, `unit_flags`, `dynamic_flags`, `beast_family`, `trainer_type`, `trainer_spell`, `trainer_class`, `trainer_race`, `ranged_dmg_min`, `ranged_dmg_max`, `ranged_attack_power`, `type`, `type_flags`, `loot_id`, `pickpocket_loot_id`, `skinning_loot_id`, `holy_res`, `fire_res`, `nature_res`, `frost_res`, `shadow_res`, `arcane_res`, `spell_id1`, `spell_id2`, `spell_id3`, `spell_id4`, `spell_list_id`, `pet_spell_list_id`, `spawn_spell_id`, `auras`, `gold_min`, `gold_max`, `ai_name`, `movement_type`, `inhabit_type`, `civilian`, `racial_leader`, `regeneration`, `equipment_id`, `trainer_id`, `vendor_id`, `mechanic_immune_mask`, `school_immune_mask`, `immunity_flags`, `flags_extra`, `phase_quest_id`, `script_name`) VALUES (59998, 4877, 0, 0, 0, 0, 'Blue Owl', NULL, 0, 63, 63, 524288, 524288, 0, 0, 3731, 7, 0, 1, 1.14286, 0, 18, 5, 0, 3, 1, 666, 777, 0, 220, 1, 2000, 2000, 1, 0, 0, 26, 0, 0, 0, 0, 61.9344, 85.1598, 100, 1, 0, 0, 0, 0, 0, 0, 0, 0, 0, 0, 0, 0, 0, 0, 0, 0, 0, '23973', 0, 0, 'EventAI', 0, 5, 0, 0, 3, 0, 0, 0, 0, 0, 0, 0, 0, '');

-- Events list for Red Owl
DELETE FROM `creature_ai_events` WHERE `creature_id`=59997;
INSERT INTO `creature_ai_events` (`id`, `creature_id`, `condition_id`, `event_type`, `event_inverse_phase_mask`, `event_chance`, `event_flags`, `event_param1`, `event_param2`, `event_param3`, `event_param4`, `action1_script`, `action2_script`, `action3_script`, `comment`) VALUES (5999701, 59997, 0, 4, 0, 100, 0, 0, 0, 0, 0, 5999701, 0, 0, 'Red Owl - Cast Red Owl Aura on Aggro');
INSERT INTO `creature_ai_events` (`id`, `creature_id`, `condition_id`, `event_type`, `event_inverse_phase_mask`, `event_chance`, `event_flags`, `event_param1`, `event_param2`, `event_param3`, `event_param4`, `action1_script`, `action2_script`, `action3_script`, `comment`) VALUES (5999702, 59997, 0, 0, 0, 100, 0, 60000, 60000, 0, 0, 5999702, 0, 0, 'Red Owl - Cast Red Owl Aura Enraged after 1 Minute');
INSERT INTO `creature_ai_events` (`id`, `creature_id`, `condition_id`, `event_type`, `event_inverse_phase_mask`, `event_chance`, `event_flags`, `event_param1`, `event_param2`, `event_param3`, `event_param4`, `action1_script`, `action2_script`, `action3_script`, `comment`) VALUES (5999703, 59997, 0, 0, 0, 100, 1, 3000, 3000, 3000, 3000, 5999703, 0, 0, 'Red Owl - Cast Owl Gaze every 3 Seconds');
DELETE FROM `creature_ai_scripts` WHERE `id`=5999701;
INSERT INTO `creature_ai_scripts` (`id`, `delay`, `priority`, `command`, `datalong`, `datalong2`, `datalong3`, `datalong4`, `target_param1`, `target_param2`, `target_type`, `data_flags`, `dataint`, `dataint2`, `dataint3`, `dataint4`, `x`, `y`, `z`, `o`, `condition_id`, `comments`) VALUES
(5999701, 0, 0, 15, 51094, 2, 0, 0, 0, 0, 0, 4, 0, 0, 0, 0, 0, 0, 0, 0, 0, 'Red Owl - Cast Red Owl Aura'),
(5999701, 0, 0, 14, 51095, 0, 0, 0, 0, 0, 0, 0, 0, 0, 0, 0, 0, 0, 0, 0, 0, 'Red Owl - Remove Red Owl Aura Enraged');
DELETE FROM `creature_ai_scripts` WHERE `id`=5999702;
INSERT INTO `creature_ai_scripts` (`id`, `delay`, `priority`, `command`, `datalong`, `datalong2`, `datalong3`, `datalong4`, `target_param1`, `target_param2`, `target_type`, `data_flags`, `dataint`, `dataint2`, `dataint3`, `dataint4`, `x`, `y`, `z`, `o`, `condition_id`, `comments`) VALUES
(5999702, 0, 0, 15, 51095, 2, 0, 0, 0, 0, 0, 4, 0, 0, 0, 0, 0, 0, 0, 0, 0, 'Red Owl - Cast Red Owl Aura Enraged'),
(5999702, 0, 0, 14, 51094, 0, 0, 0, 0, 0, 0, 0, 0, 0, 0, 0, 0, 0, 0, 0, 0, 'Red Owl - Remove Red Owl Aura');
DELETE FROM `creature_ai_scripts` WHERE `id`=5999703;
INSERT INTO `creature_ai_scripts` (`id`, `delay`, `priority`, `command`, `datalong`, `datalong2`, `datalong3`, `datalong4`, `target_param1`, `target_param2`, `target_type`, `data_flags`, `dataint`, `dataint2`, `dataint3`, `dataint4`, `x`, `y`, `z`, `o`, `condition_id`, `comments`) VALUES
(5999703, 0, 0, 15, 51087, 0, 0, 0, 3, 0, 4, 0, 0, 0, 0, 0, 0, 0, 0, 0, 0, 'Red Owl - Cast Spell Owl Gaze');
REPLACE INTO `creature_template` (`entry`, `display_id1`, `display_id2`, `display_id3`, `display_id4`, `mount_display_id`, `name`, `subname`, `gossip_menu_id`, `level_min`, `level_max`, `health_min`, `health_max`, `mana_min`, `mana_max`, `armor`, `faction`, `npc_flags`, `speed_walk`, `speed_run`, `scale`, `detection_range`, `call_for_help_range`, `leash_range`, `rank`, `xp_multiplier`, `dmg_min`, `dmg_max`, `dmg_school`, `attack_power`, `dmg_multiplier`, `base_attack_time`, `ranged_attack_time`, `unit_class`, `unit_flags`, `dynamic_flags`, `beast_family`, `trainer_type`, `trainer_spell`, `trainer_class`, `trainer_race`, `ranged_dmg_min`, `ranged_dmg_max`, `ranged_attack_power`, `type`, `type_flags`, `loot_id`, `pickpocket_loot_id`, `skinning_loot_id`, `holy_res`, `fire_res`, `nature_res`, `frost_res`, `shadow_res`, `arcane_res`, `spell_id1`, `spell_id2`, `spell_id3`, `spell_id4`, `spell_list_id`, `pet_spell_list_id`, `spawn_spell_id`, `auras`, `gold_min`, `gold_max`, `ai_name`, `movement_type`, `inhabit_type`, `civilian`, `racial_leader`, `regeneration`, `equipment_id`, `trainer_id`, `vendor_id`, `mechanic_immune_mask`, `school_immune_mask`, `immunity_flags`, `flags_extra`, `phase_quest_id`, `script_name`) VALUES (59997, 4877, 0, 0, 0, 0, 'Red Owl', NULL, 0, 63, 63, 524288, 524288, 0, 0, 3731, 7, 0, 1, 1.14286, 0, 18, 5, 0, 3, 1, 666, 777, 0, 220, 1, 2000, 2000, 1, 0, 0, 26, 0, 0, 0, 0, 61.9344, 85.1598, 100, 1, 0, 0, 0, 0, 0, 0, 0, 0, 0, 0, 0, 0, 0, 0, 0, 0, 0, '23973', 0, 0, 'EventAI', 0, 5, 0, 0, 3, 0, 0, 0, 0, 0, 0, 0, 0, '');
