-- Lost In Time
delete from quest_template where entry = 41347;
replace into quest_template (prevquestid, entry, method, zoneorsort, questlevel, minlevel, questflags, specialflags, title, details, objectives, requestitemstext, offerrewardtext, reqitemid1, reqitemcount1, reqitemid2, reqitemcount2, reqitemid3, reqitemcount3, reqitemid4, reqitemcount4, reqcreatureorgoid1, reqcreatureorgocount1, reqcreatureorgoid2, reqcreatureorgocount2, reqcreatureorgoid3, reqcreatureorgocount3, reqcreatureorgoid4, reqcreatureorgocount4, srcitemid, srcitemcount, reworreqmoney, RewMoneyMaxLevel, rewxp, rewrepfaction1, rewrepvalue1,  rewrepfaction2, rewrepvalue2, rewrepfaction3, rewrepvalue3, rewrepfaction4, rewrepvalue4, rewspell, rewspellcast, completeemote, rewitemid1, rewitemcount1, rewitemid2, rewitemcount2, rewitemid3, rewitemcount3, rewitemid4, rewitemcount4, rewchoiceitemid1, rewchoiceitemcount1, rewchoiceitemid2, rewchoiceitemcount2, rewchoiceitemid3, rewchoiceitemcount3, rewchoiceitemid4, rewchoiceitemcount4,requiredminrepfaction,requiredminrepvalue,objectivetext1) values (0,41347,2,2562,60,60,0,0,'Lost In Time','I am bored beyond measure. This eternal purgatory I am chained to is not as painful as you might think, but moreso excruciatingly dull. I can experience earthly delights no more, and my love for jewelry is diminished by my inability to wear it. Even so, it is not like my most favoured trinket is in my possession anymore.$B$BWhen I received Medivh\'s invitation, a heap of jewelry and gemstones were among my belongings. Most precious of all, a necklace of immeasurable value, pure azerothian diamonds, adorned on a delicate arcanite chain. Worth more than any of the guests in these haunted halls ever possessed in their lifetime. Oh, if I only had it on me at the moment of my death, I would still be able to cherish its beauty. Alas, it has been stolen, many years prior to your current time. The last time I saw it was before my departure from my estate in Stormwind.$B$BLiving one, help me find my treasure, and I will reward you with a piece of jewelry bestowed upon me by Medivh himself.','Countess Tillia Earlwake seeks her stolen necklace. The last time she saw it was in her estate in Stormwind City.','','<The blind drunkard is visibly intoxicated. Hiccups and burps are the only signs showing he is still with you. It appears he is almost at death\'s door.>$B$BWhaddya want?! Can\'t ya see that I am kinda busy \'ere?!',0,0,0,0,0,0,0,0, 0,0,0,0,0,0,0,0, 0,0, 19200,3200,0, 0,0,0,0,0,0,0,0, 0,0,0, 0,0,0,0,0,0,0,0, 0,0,0,0,0,0,0,0, 0,0,'');

replace into creature_questrelation		(id, quest) values (61323, 41347);
replace into creature_involvedrelation	(id, quest) values (61991, 41347);
update quest_template set nextquestinchain = 41348	 where entry = 41347;

-- Earlwake No More
delete from quest_template where entry = 41348;
replace into quest_template (prevquestid, entry, method, zoneorsort, questlevel, minlevel, questflags, specialflags, title, details, objectives, requestitemstext, offerrewardtext, reqitemid1, reqitemcount1, reqitemid2, reqitemcount2, reqitemid3, reqitemcount3, reqitemid4, reqitemcount4, reqcreatureorgoid1, reqcreatureorgocount1, reqcreatureorgoid2, reqcreatureorgocount2, reqcreatureorgoid3, reqcreatureorgocount3, reqcreatureorgoid4, reqcreatureorgocount4, srcitemid, srcitemcount, reworreqmoney, RewMoneyMaxLevel, rewxp, rewrepfaction1, rewrepvalue1,  rewrepfaction2, rewrepvalue2, rewrepfaction3, rewrepvalue3, rewrepfaction4, rewrepvalue4, rewspell, rewspellcast, completeemote, rewitemid1, rewitemcount1, rewitemid2, rewitemcount2, rewitemid3, rewitemcount3, rewitemid4, rewitemcount4, rewchoiceitemid1, rewchoiceitemcount1, rewchoiceitemid2, rewchoiceitemcount2, rewchoiceitemid3, rewchoiceitemcount3, rewchoiceitemid4, rewchoiceitemcount4,requiredminrepfaction,requiredminrepvalue,objectivetext1) values (41347,41348,2,2562,60,60,0,0,'Earlwake No More','Yer looking for the Earlwake Estate? Don\'t make me laugh, that wretched place is nothing but a memory, burned to the ground years ago, and all my dreams and hopes with it. What ya see before ya is all that\'s left of the Earlwake name - this pathetic, worthless pile of failures. $B$B<A guttural burp escapes him and vomit follows suit, dripping unto his already dirty shirt.>$B$BWe lost everything, everything! They looted our treasury and murdered anyone inside the house. Even... even my beloved Georgina... Seeing her lie there, lifeless... the diamond necklace I stole for her, still shining... That beast, that orc ripped it from her - I may be blind but I can still see it... in my head! How he laughed and worshipped his warchief, that Doomhammer! I will never forget that monster, ever! Had it been me, I would\'ve slaughtered them all, not put them into camps!$B$BWhatever ya want from me, I don\'t have it, stop asking me questions! Piss off and leave me be!','The lead runs dry, Archibald is of no help. But perhaps the description of the orc he provided can aid in the search for Tillia\'s necklace. ','','<The search seems hopeless, surely this journal will not yield anything either.>',0,0,0,0,0,0,0,0, 0,0,0,0,0,0,0,0, 0,0, 19200,3200,0, 0,0,0,0,0,0,0,0, 0,0,0, 0,0,0,0,0,0,0,0, 0,0,0,0,0,0,0,0, 0,0,'');

replace into creature_questrelation		(id, quest) values (61991, 41348);
replace into gameobject_involvedrelation	(id, quest) values (2020107, 41348);
update quest_template set nextquestinchain = 41349	 where entry = 41348;

replace INTO `gameobject_template` (`entry`, `type`, `displayId`, `name`, `faction`, `flags`, `size`, `data0`, `data1`, `data2`, `data3`, `data4`, `data5`, `data6`, `data7`, `data8`, `data9`, `data10`, `data11`, `data12`, `data13`, `data14`, `data15`, `data16`, `data17`, `data18`, `data19`, `data20`, `data21`, `data22`, `data23`, `mingold`, `maxgold`, `phase_quest_id`, `script_name`) VALUES
(2020107, 2, 447, 'Tattered Journal', 0, 32, 1, 0, 0, 0, 0, 0, 0, 0, 0, 0, 0, 0, 0, 0, 0, 0, 0, 0, 0, 0, 0, 0, 0, 0, 0, 0, 0, 0, '');

-- The Loss At Lordaeron
delete from quest_template where entry = 41349;
replace into quest_template (prevquestid, entry, method, zoneorsort, questlevel, minlevel, questflags, specialflags, title, details, objectives, requestitemstext, offerrewardtext, reqitemid1, reqitemcount1, reqitemid2, reqitemcount2, reqitemid3, reqitemcount3, reqitemid4, reqitemcount4, reqcreatureorgoid1, reqcreatureorgocount1, reqcreatureorgoid2, reqcreatureorgocount2, reqcreatureorgoid3, reqcreatureorgocount3, reqcreatureorgoid4, reqcreatureorgocount4, srcitemid, srcitemcount, reworreqmoney, RewMoneyMaxLevel, rewxp, rewrepfaction1, rewrepvalue1,  rewrepfaction2, rewrepvalue2, rewrepfaction3, rewrepvalue3, rewrepfaction4, rewrepvalue4, rewspell, rewspellcast, completeemote, rewitemid1, rewitemcount1, rewitemid2, rewitemcount2, rewitemid3, rewitemcount3, rewitemid4, rewitemcount4, rewchoiceitemid1, rewchoiceitemcount1, rewchoiceitemid2, rewchoiceitemcount2, rewchoiceitemid3, rewchoiceitemcount3, rewchoiceitemid4, rewchoiceitemcount4,requiredminrepfaction,requiredminrepvalue,objectivetext1) values (41348,41349,2,2562,60,60,0,0,'The Loss At Lordaeron','<Luckily, you appear to have struck gold. The pages of this orc\'s journal contain information about the necklace you seek.>','Analyze the journal and continue your search.','<The dirt mound looks suspicious, almost out of place. A relic of the past, hidden by the passage of time and untouched by mortal hands.>','<After a few minutes of hard work rummaging through the dirt, you come across a skeleton. Judging from the tusks, they are orcish remains. Two things catch your attention: A necklace, identical in appearance to the one Gorak described in his journal - this must be his mate Meral. Sadly, it is not Tillia\'s necklace. The other thing you notice is a ruined sword, broken, whether over time or in battle is unclear.>',41393,1,0,0,0,0,0,0, 0,0,0,0,0,0,0,0, 41393,1, 19200,3200,0, 0,0,0,0,0,0,0,0, 0,0,0, 0,0,0,0,0,0,0,0, 0,0,0,0,0,0,0,0, 0,0,'');

replace into gameobject_questrelation		(id, quest) values (2020107, 41349);
replace into gameobject_involvedrelation	(id, quest) values (2020108, 41349);
update quest_template set nextquestinchain = 41350	 where entry = 41349;

replace INTO `gameobject_template` (`entry`, `type`, `displayId`, `name`, `faction`, `flags`, `size`, `data0`, `data1`, `data2`, `data3`, `data4`, `data5`, `data6`, `data7`, `data8`, `data9`, `data10`, `data11`, `data12`, `data13`, `data14`, `data15`, `data16`, `data17`, `data18`, `data19`, `data20`, `data21`, `data22`, `data23`, `mingold`, `maxgold`, `phase_quest_id`, `script_name`) VALUES
(2020108, 2, 49, 'Overgrown Mound', 0, 32, 1, 0, 0, 0, 0, 0, 0, 0, 0, 0, 0, 0, 0, 0, 0, 0, 0, 0, 0, 0, 0, 0, 0, 0, 0, 0, 0, 0, '');

-- **Required items:** 1 Tattered Journal (display ID: 8040, stackable to 1, readable, given to the player upon accepting the quest) 
replace into item_template (entry, display_id, name, class, quality, flags, buy_count, allowable_class, allowable_race, item_level, stackable, spellcooldown_1, spellcategorycooldown_1, spellcooldown_2, spellcategorycooldown_2, bonding, description, page_text, material) values
(41393,8040,'Tattered Journal',12,1,2048,1,-1,-1,1,1,-1,-1,-1,-1,4,'',50704,3);

replace into `page_text` (`entry`, `text`, `next_page`) VALUES
(50704, 'Day 12$B$BThe loss at Lordaeron was devastating but not as devastating as Gul\'dan\'s betrayal. With his forces we would have razed the city to the ground and emerged triumphant! But I am fooling myself, Gul\'dan would\'ve never kept his oath to the Horde and Doomhammer was a fool to trust him.', 50705),
(50705, 'Day 15$B$BThe pigs are coralling us into camps. I cannot understand their primitive language, but it sounds horrible. I wish I could gut them like the swine they are.', 50706),
(50706, 'Day 20$B$BLife in these “camps'' is miserable. I feel like lfestock, waiting to be slaughtered. Many of my brothers share the sentiment and are eager to strike against them.', 50707),
(50707, 'Day 22$B$BThere was an uprising. Dregg rallied like-minded orcs and attempted to break free from our chains. It\'s been a few hours now and his body begins to reek. The sun\'s heat is not making it easier.', 50708),
(50708, 'Day 26$B$BNew orcs are coming in with each passing day. Today a young orc visited us, he\'s our jailor\'s lapdog. He understands the humans, which could prove to be useful.', 50709),
(50709, 'Day 33$B$BI grow tired. I\'ve never felt this weak and lethargic since we departed Draenor. Without the thrill and danger of a glorious death in combat, my life doesn\'t feel complete. How I wish to be Melar now. Seeing you receive an honoring warrior\'s death at the human capital was so invigorating to see.', 50710),
(50710, 'Day 34$B$BI keep thinking about you, my mate. Seeing you receive an honoring warrior\'s death at Lordaeron\'s capital was so invigorating to see. Taking ten of their men with you, tumbling down into the ravine before that monster struck you down - what a display. Still, not hearing you scream for victory and honor leaves a hole in me. The day I gave you my spoils from Stormwind, that shimmering pendant, was the day I knew you were one of a kind. Although you continued to wear the bones of your victims around your neck, I still cherished you accepting it.', 50711),
(50711, 'Day 38$B$BDoomhammer came. Looked upon us, his broken brethren. His face showed disgust, and I feel the same. I cannot resist much longer. And I am unsure if I\'d want to do so anyway.', 50712),
(50712, '<The rest of the journal describes his growing lethargy until it ends abruptly.>', 0);

-- The Sword Master
delete from quest_template where entry = 41350;
replace into quest_template (prevquestid, entry, method, zoneorsort, questlevel, minlevel, questflags, specialflags, title, details, objectives, requestitemstext, offerrewardtext, reqitemid1, reqitemcount1, reqitemid2, reqitemcount2, reqitemid3, reqitemcount3, reqitemid4, reqitemcount4, reqcreatureorgoid1, reqcreatureorgocount1, reqcreatureorgoid2, reqcreatureorgocount2, reqcreatureorgoid3, reqcreatureorgocount3, reqcreatureorgoid4, reqcreatureorgocount4, srcitemid, srcitemcount, reworreqmoney, RewMoneyMaxLevel, rewxp, rewrepfaction1, rewrepvalue1,  rewrepfaction2, rewrepvalue2, rewrepfaction3, rewrepvalue3, rewrepfaction4, rewrepvalue4, rewspell, rewspellcast, completeemote, rewitemid1, rewitemcount1, rewitemid2, rewitemcount2, rewitemid3, rewitemcount3, rewitemid4, rewitemcount4, rewchoiceitemid1, rewchoiceitemcount1, rewchoiceitemid2, rewchoiceitemcount2, rewchoiceitemid3, rewchoiceitemcount3, rewchoiceitemid4, rewchoiceitemcount4,requiredminrepfaction,requiredminrepvalue,objectivetext1) values (41349,41350,2,2562,60,60,0,0,'The Sword Master','<Inspecting the sword, you see nothing out of the ordinary, besides its apparent dilapidated condition. The blade is brittle and rusted, while the hilt\'s leather is crumbling under your touch. Its pummel is surprisingly intact, with delicate engraving along the rim. It says: H. C. On top of it, the Lordaeroni emblem inside a crescent moon can be seen. Maybe this is the owner of the sword. If fortune is on your side, he also has the necklace.>','Seek H.C. somewhere in Lordaeron.','Do you wish to have a fine blade forged for you? I am afraid I have to disappoint, my smithing days are over. A memory of this long forgotten place is all I am now.','This sword is etched deep into my consciousness, something I cannot forget even if desired. Should your time allow it, let me tell you the story of my finest pupil.',41394,1,0,0,0,0,0,0, 0,0,0,0,0,0,0,0, 41394,1, 19200,3200,0, 0,0,0,0,0,0,0,0, 0,0,0, 0,0,0,0,0,0,0,0, 0,0,0,0,0,0,0,0, 0,0,'');

replace into gameobject_questrelation		(id, quest) values (2020108, 41350);
replace into creature_involvedrelation	(id, quest) values (61992, 41350);
update quest_template set nextquestinchain = 41351	 where entry = 41350;

replace into item_template (entry, display_id, name, class, quality, flags, buy_count, allowable_class, allowable_race, item_level, stackable, spellcooldown_1, spellcategorycooldown_1, spellcooldown_2, spellcategorycooldown_2, bonding, description, page_text, material) values
(41394,20195,'Broken Lordaeroni Sword',12,1,2048,1,-1,-1,1,1,-1,-1,-1,-1,4,'',0,3);

-- The Sword Master
delete from quest_template where entry = 41351;
replace into quest_template (prevquestid, entry, method, zoneorsort, questlevel, minlevel, questflags, specialflags, title, details, objectives, requestitemstext, offerrewardtext, reqitemid1, reqitemcount1, reqitemid2, reqitemcount2, reqitemid3, reqitemcount3, reqitemid4, reqitemcount4, reqcreatureorgoid1, reqcreatureorgocount1, reqcreatureorgoid2, reqcreatureorgocount2, reqcreatureorgoid3, reqcreatureorgocount3, reqcreatureorgoid4, reqcreatureorgocount4, srcitemid, srcitemcount, reworreqmoney, RewMoneyMaxLevel, rewxp, rewrepfaction1, rewrepvalue1,  rewrepfaction2, rewrepvalue2, rewrepfaction3, rewrepvalue3, rewrepfaction4, rewrepvalue4, rewspell, rewspellcast, completeemote, rewitemid1, rewitemcount1, rewitemid2, rewitemcount2, rewitemid3, rewitemcount3, rewitemid4, rewitemcount4, rewchoiceitemid1, rewchoiceitemcount1, rewchoiceitemid2, rewchoiceitemcount2, rewchoiceitemid3, rewchoiceitemcount3, rewchoiceitemid4, rewchoiceitemcount4,requiredminrepfaction,requiredminrepvalue,objectivetext1) values (41350,41351,2,2562,60,60,0,0,'The Sword Master','The broken blade you bring before me belonged to Razuv Ivaldi, one of Lordaeron\'s strongest knights. His sword alone fell more orcs than any other soldier on the fateful day of Lordaeron\'s siege, as he cut them down in one fell strike. $B$BFollowing the days after the invaders were repelled, he was heralded as a champion, as it was him who stopped that absolutely vicious orc woman who cut her way through our troops like butter. As a trophy of her death, he took a beautiful diamond necklace from her - one that the zealously held on to, proclaiming it to be the testament of his greatest achievement.$B$BHe was a good man and friend, but his obsession with that pendant and its meaning consumed him. The last I saw of him was at his return with the traitor Menethil, when he as one of his fellow death knights thrust his tainted runeblade into me. $N, I beg of you, find him and put his troubled spirit to rest. Please, do it in his master\'s stead.','Find Razuv Ivaldi and take Tillia\'s necklace from him. Return it to her in the opera of the Lower Karazhan Halls.','$N! A pleasure to see you. Say, has your search been fruitful?','<Tillia is speechless at the task you accomplished. Marveling at her long lost treasure, she regains her composure and begins speaking.>$B$BIncredible, positively stunning! You are a masterful detective, getting to the bottom of this decade-old conundrum in such a short time. Were I back at my estate, I would have my brother knight you into our personal entourage. But alas, I believe the thrill of the world is what beckons you, while my undeath binds me to this place. Fret not, however - with my necklace returned, I can endure this endless limbo in contempt.$B$BAs promised, you shall receive this in turn: a prized ruby ring by the lord of the tower himself, Guardian Medivh.',41395,1,0,0,0,0,0,0, 0,0,0,0,0,0,0,0, 0,0, 57400,8200,0, 0,0,0,0,0,0,0,0, 0,0,0, 41396,1,0,0,0,0,0,0, 0,0,0,0,0,0,0,0, 0,0,'');

replace into creature_questrelation		(id, quest) values (61992, 41351);
replace into creature_involvedrelation	(id, quest) values (61323, 41351);

replace into item_template (entry, display_id, name, class, quality, flags, buy_count, allowable_class, allowable_race, item_level, stackable, spellcooldown_1, spellcategorycooldown_1, spellcooldown_2, spellcategorycooldown_2, bonding, description, page_text, material) values
(41395,6494,'Immaculate Diamond Necklace',12,1,2048,1,-1,-1,1,1,-1,-1,-1,-1,4,'Withstood the test of time.',0,4);

REPLACE INTO `creature_loot_template` (`entry`, `item`, `ChanceOrQuestChance`, `groupid`, `mincountOrRef`, `maxcount`, `condition_id`) VALUES
(16061, 41395, -100, 0, 1, 1, 0);

REPLACE INTO `item_template` (`entry`, `class`, `subclass`, `name`, `description`, `display_id`, `quality`, `flags`, `buy_count`, `buy_price`, `sell_price`, `inventory_type`, `allowable_class`, `allowable_race`, `item_level`, `required_level`, `required_skill`, `required_skill_rank`, `required_spell`, `required_honor_rank`, `required_city_rank`, `required_reputation_faction`, `required_reputation_rank`, `max_count`, `stackable`, `container_slots`, `stat_type1`, `stat_value1`, `stat_type2`, `stat_value2`, `stat_type3`, `stat_value3`, `stat_type4`, `stat_value4`, `stat_type5`, `stat_value5`, `stat_type6`, `stat_value6`, `stat_type7`, `stat_value7`, `stat_type8`, `stat_value8`, `stat_type9`, `stat_value9`, `stat_type10`, `stat_value10`, `delay`, `range_mod`, `ammo_type`, `dmg_min1`, `dmg_max1`, `dmg_type1`, `dmg_min2`, `dmg_max2`, `dmg_type2`, `dmg_min3`, `dmg_max3`, `dmg_type3`, `dmg_min4`, `dmg_max4`, `dmg_type4`, `dmg_min5`, `dmg_max5`, `dmg_type5`, `block`, `armor`, `holy_res`, `fire_res`, `nature_res`, `frost_res`, `shadow_res`, `arcane_res`, `spellid_1`, `spelltrigger_1`, `spellcharges_1`, `spellppmrate_1`, `spellcooldown_1`, `spellcategory_1`, `spellcategorycooldown_1`, `spellid_2`, `spelltrigger_2`, `spellcharges_2`, `spellppmrate_2`, `spellcooldown_2`, `spellcategory_2`, `spellcategorycooldown_2`, `spellid_3`, `spelltrigger_3`, `spellcharges_3`, `spellppmrate_3`, `spellcooldown_3`, `spellcategory_3`, `spellcategorycooldown_3`, `spellid_4`, `spelltrigger_4`, `spellcharges_4`, `spellppmrate_4`, `spellcooldown_4`, `spellcategory_4`, `spellcategorycooldown_4`, `spellid_5`, `spelltrigger_5`, `spellcharges_5`, `spellppmrate_5`, `spellcooldown_5`, `spellcategory_5`, `spellcategorycooldown_5`, `bonding`, `page_text`, `page_language`, `page_material`, `start_quest`, `lock_id`, `material`, `sheath`, `random_property`, `set_id`, `max_durability`, `area_bound`, `map_bound`, `duration`, `bag_family`, `disenchant_id`, `food_type`, `min_money_loot`, `max_money_loot`, `wrapped_gift`, `extra_flags`, `other_team_entry`, `script_name`) VALUES
(41396, 15, 0, 'Jeweled Ruby Ring', '', 28682, 1, 4, 1, 0, 0, 0, -1, -1, 40, 0, 0, 0, 0, 0, 0, 0, 0, 0, 1, 0, 0, 0, 0, 0, 0, 0, 0, 0, 0, 0, 0, 0, 0, 0, 0, 0, 0, 0, 0, 0, 0, 0, 0, 0, 0, 0, 0, 0, 0, 0, 0, 0, 0, 0, 0, 0, 0, 0, 0, 0, 0, 0, 0, 0, 0, 0, 0, 0, 0, 0, -1, 0, -1, 0, 0, 0, 0, -1, 0, -1, 0, 1, 0, 0, -1, 0, -1, 0, 0, 0, 0, -1, 0, -1, 0, 0, 0, 0, 0, 0, 0, 0, 0, 0, 0, 0, 0, 0, 0, 0, 0, 0, 0, 0, 0, 0, 0, 0, 0, 0, 0, 0, 1, NULL),
(41397, 12, 0, 'Gemstone of Kara', '', 6006, 1, 1, 1, 0, 0, 0, -1, -1, 1, 0, 0, 0, 0, 0, 0, 0, 0, 0, 20, 0, 0, 0, 0, 0, 0, 0, 0, 0, 0, 0, 0, 0, 0, 0, 0, 0, 0, 0, 0, 0, 1000, 0, 0, 0, 0, 0, 0, 0, 0, 0, 0, 0, 0, 0, 0, 0, 0, 0, 0, 0, 0, 0, 0, 0, 0, 0, 0, 0, 0, 0, -1, 0, -1, 0, 0, 0, 0, -1, 0, -1, 0, 1, 0, 0, -1, 0, -1, 0, 0, 0, 0, -1, 0, -1, 0, 0, 0, 0, -1, 0, -1, 1, 0, 0, 0, 0, 0, 4, 0, 0, 0, 0, 0, 0, 0, 0, 0, 0, 0, 0, 0, 0, 1, NULL),
(41398, 12, 0, 'Expensive Gold Ring', '', 224, 1, 1, 1, 0, 0, 0, -1, -1, 1, 0, 0, 0, 0, 0, 0, 0, 0, 0, 20, 0, 0, 0, 0, 0, 0, 0, 0, 0, 0, 0, 0, 0, 0, 0, 0, 0, 0, 0, 0, 0, 1000, 0, 0, 0, 0, 0, 0, 0, 0, 0, 0, 0, 0, 0, 0, 0, 0, 0, 0, 0, 0, 0, 0, 0, 0, 0, 0, 0, 0, 0, -1, 0, -1, 0, 0, 0, 0, -1, 0, -1, 0, 1, 0, 0, -1, 0, -1, 0, 0, 0, 0, -1, 0, -1, 0, 0, 0, 0, -1, 0, -1, 1, 0, 0, 0, 0, 0, 4, 0, 0, 0, 0, 0, 0, 0, 0, 0, 0, 0, 0, 0, 0, 1, NULL);

update item_template set bonding = 1 where entry in (41396,41397,41398);
update item_template set start_quest = 41352 where entry = 41398;

replace into `item_loot_template` (`entry`, `item`, `ChanceOrQuestChance`, `groupid`, `mincountOrRef`, `maxcount`, `condition_id`) VALUES (41396, 41397, 100, 0, 1, 1, 0);
replace into `item_loot_template` (`entry`, `item`, `ChanceOrQuestChance`, `groupid`, `mincountOrRef`, `maxcount`, `condition_id`) VALUES (41396, 41398, 100, 1, 1, 1, 0);

-- Auntie Tillia
delete from quest_template where entry = 41352;
replace into quest_template (prevquestid, entry, method, zoneorsort, questlevel, minlevel, questflags, specialflags, title, details, objectives, requestitemstext, offerrewardtext, reqitemid1, reqitemcount1, reqitemid2, reqitemcount2, reqitemid3, reqitemcount3, reqitemid4, reqitemcount4, reqcreatureorgoid1, reqcreatureorgocount1, reqcreatureorgoid2, reqcreatureorgocount2, reqcreatureorgoid3, reqcreatureorgocount3, reqcreatureorgoid4, reqcreatureorgocount4, srcitemid, srcitemcount, reworreqmoney, RewMoneyMaxLevel, rewxp, rewrepfaction1, rewrepvalue1,  rewrepfaction2, rewrepvalue2, rewrepfaction3, rewrepvalue3, rewrepfaction4, rewrepvalue4, rewspell, rewspellcast, completeemote, rewitemid1, rewitemcount1, rewitemid2, rewitemcount2, rewitemid3, rewitemcount3, rewitemid4, rewitemcount4, rewchoiceitemid1, rewchoiceitemcount1, rewchoiceitemid2, rewchoiceitemcount2, rewchoiceitemid3, rewchoiceitemcount3, rewchoiceitemid4, rewchoiceitemcount4,requiredminrepfaction,requiredminrepvalue,objectivetext1) values (0,41352,2,2562,60,60,0,0,'Auntie Tillia','<With the job done and reward at hand, you are left with an expensive golden ring you have no use for. Seeing as this technically property of the Earlwake family, you ponder if Archibald would accept this in his dire situation.>','Bring the golden ring to Archibald Earlwake in Stormwind Harbor.','<He appears to be somewhat sober compared to the last time you met.>$B$BWho goes there?! Do I know you?','This ring... is from my aunt Tillia? No, it... it can\'t be. Auntie never parted ways with her jewelry, only those she cherished most were gifted with them. Does that mean...? Even after I stole her most favoured necklace from her... Stranger, how did you acquire this anyway?! Tillia went missing decades ago on her trip to the cursed tower of the guardian.$B$BIt makes no difference. Take your baubles and go. It is over for me either way, what good does an expensive ring bring me? Sell it, wear it, I don\'t care. Just leave me in my misery.',41398,1,0,0,0,0,0,0, 0,0,0,0,0,0,0,0, 41398,1, 19200,3200,0, 0,0,0,0,0,0,0,0, 0,0,0, 41399,1,0,0,0,0,0,0, 0,0,0,0,0,0,0,0, 0,0,'');

replace into creature_involvedrelation	(id, quest) values (61991, 41352);

REPLACE INTO `item_template` (`entry`, `class`, `subclass`, `name`, `description`, `display_id`, `quality`, `flags`, `buy_count`, `buy_price`, `sell_price`, `inventory_type`, `allowable_class`, `allowable_race`, `item_level`, `required_level`, `required_skill`, `required_skill_rank`, `required_spell`, `required_honor_rank`, `required_city_rank`, `required_reputation_faction`, `required_reputation_rank`, `max_count`, `stackable`, `container_slots`, `stat_type1`, `stat_value1`, `stat_type2`, `stat_value2`, `stat_type3`, `stat_value3`, `stat_type4`, `stat_value4`, `stat_type5`, `stat_value5`, `stat_type6`, `stat_value6`, `stat_type7`, `stat_value7`, `stat_type8`, `stat_value8`, `stat_type9`, `stat_value9`, `stat_type10`, `stat_value10`, `delay`, `range_mod`, `ammo_type`, `dmg_min1`, `dmg_max1`, `dmg_type1`, `dmg_min2`, `dmg_max2`, `dmg_type2`, `dmg_min3`, `dmg_max3`, `dmg_type3`, `dmg_min4`, `dmg_max4`, `dmg_type4`, `dmg_min5`, `dmg_max5`, `dmg_type5`, `block`, `armor`, `holy_res`, `fire_res`, `nature_res`, `frost_res`, `shadow_res`, `arcane_res`, `spellid_1`, `spelltrigger_1`, `spellcharges_1`, `spellppmrate_1`, `spellcooldown_1`, `spellcategory_1`, `spellcategorycooldown_1`, `spellid_2`, `spelltrigger_2`, `spellcharges_2`, `spellppmrate_2`, `spellcooldown_2`, `spellcategory_2`, `spellcategorycooldown_2`, `spellid_3`, `spelltrigger_3`, `spellcharges_3`, `spellppmrate_3`, `spellcooldown_3`, `spellcategory_3`, `spellcategorycooldown_3`, `spellid_4`, `spelltrigger_4`, `spellcharges_4`, `spellppmrate_4`, `spellcooldown_4`, `spellcategory_4`, `spellcategorycooldown_4`, `spellid_5`, `spelltrigger_5`, `spellcharges_5`, `spellppmrate_5`, `spellcooldown_5`, `spellcategory_5`, `spellcategorycooldown_5`, `bonding`, `page_text`, `page_language`, `page_material`, `start_quest`, `lock_id`, `material`, `sheath`, `random_property`, `set_id`, `max_durability`, `area_bound`, `map_bound`, `duration`, `bag_family`, `disenchant_id`, `food_type`, `min_money_loot`, `max_money_loot`, `wrapped_gift`, `extra_flags`, `other_team_entry`, `script_name`) VALUES
(41399, 12, 0, 'Expensive Gold Ring', '', 224, 1, 1, 1, 0, 0, 0, -1, -1, 1, 0, 0, 0, 0, 0, 0, 0, 0, 0, 20, 0, 0, 0, 0, 0, 0, 0, 0, 0, 0, 0, 0, 0, 0, 0, 0, 0, 0, 0, 0, 0, 1000, 0, 0, 0, 0, 0, 0, 0, 0, 0, 0, 0, 0, 0, 0, 0, 0, 0, 0, 0, 0, 0, 0, 0, 0, 0, 0, 0, 0, 0, -1, 0, -1, 0, 0, 0, 0, -1, 0, -1, 0, 1, 0, 0, -1, 0, -1, 0, 0, 0, 0, -1, 0, -1, 0, 0, 0, 0, -1, 0, -1, 1, 0, 0, 0, 0, 0, 4, 0, 0, 0, 0, 0, 0, 0, 0, 0, 0, 0, 0, 0, 0, 1, NULL);

update item_template set buy_price = 100000, sell_price = 20000 where entry = 41399;
