-- It's All Ogre Now
delete from quest_template where entry = 41306;
replace into quest_template (prevquestid, entry, method, zoneorsort, questlevel, minlevel, questflags, specialflags, title, details, objectives, requestitemstext, offerrewardtext, reqitemid1, reqitemcount1, reqitemid2, reqitemcount2, reqitemid3, reqitemcount3, reqitemid4, reqitemcount4, reqcreatureorgoid1, reqcreatureorgocount1, reqcreatureorgoid2, reqcreatureorgocount2, reqcreatureorgoid3, reqcreatureorgocount3, reqcreatureorgoid4, reqcreatureorgocount4, srcitemid, srcitemcount, reworreqmoney, RewMoneyMaxLevel, rewxp, rewrepfaction1, rewrepvalue1,  rewrepfaction2, rewrepvalue2, rewrepfaction3, rewrepvalue3, rewrepfaction4, rewrepvalue4, rewspell, rewspellcast, completeemote, rewitemid1, rewitemcount1, rewitemid2, rewitemcount2, rewitemid3, rewitemcount3, rewitemid4, rewitemcount4, rewchoiceitemid1, rewchoiceitemcount1, rewchoiceitemid2, rewchoiceitemcount2, rewchoiceitemid3, rewchoiceitemcount3, rewchoiceitemid4, rewchoiceitemcount4,requiredminrepfaction,requiredminrepvalue,objectivetext1) values (0,41306,2,722,40,36,0,0,'It\'s All Ogre Now','I am cursed with bad luck, I\'m telling you. You see, with all the pirates roaming around the trade routes nowadays, sending your cargo via ship is the same as directly handing it to those swashbucklers neatly tied with a bow on top. So clearly not an option. The other alternative I have is having it delivered by foot, equally risky, you\'ll surely know what I am talking about.$B$BEither way, I chose the latter option and because I really, REALLY, needed to deliver this cargo I looked for the most intimidating ogre here in Ratchet and paid him to accompany me on my way down to Steamwheedle Port. Too bad we were ambushed by undead zombie quilboar who took both the ogre and my precious cargo with them.$B$BI am getting desperate here. Can you retrieve my wares from the Razorfen Downs? I doubt they will be on my ogre guard anymore, but should he still be alive, he will know where they are.','Search for Traxis\' lost bodyguard in the Razorfen Downs.','','Are you here to help poor Sah\'rhee?',0,0,0,0,0,0,0,0, 0,0,0,0,0,0,0,0, 0,0, 0,23100,3300, 0,0,0,0,0,0,0,0, 0,0,0, 0,0,0,0,0,0,0,0, 0,0,0,0,0,0,0,0, 0,0,'');

replace into creature_questrelation		(id, quest) values (61977, 41306);
replace into creature_involvedrelation  (id, quest) values ( 8767, 41306);
update quest_template set nextquestinchain = 41307	 where entry = 41306;
update quest_template set requiredskill = 755		 where entry = 41306;
update quest_template set requiredskillvalue = 200	 where entry = 41306;
update creature_template set npc_flags = 3 where entry = 8767;

-- They're Eating It!
delete from quest_template where entry = 41307;
replace into quest_template (prevquestid, entry, method, zoneorsort, questlevel, minlevel, questflags, specialflags, title, details, objectives, requestitemstext, offerrewardtext, reqitemid1, reqitemcount1, reqitemid2, reqitemcount2, reqitemid3, reqitemcount3, reqitemid4, reqitemcount4, reqcreatureorgoid1, reqcreatureorgocount1, reqcreatureorgoid2, reqcreatureorgocount2, reqcreatureorgoid3, reqcreatureorgocount3, reqcreatureorgoid4, reqcreatureorgocount4, srcitemid, srcitemcount, reworreqmoney, RewMoneyMaxLevel, rewxp, rewrepfaction1, rewrepvalue1,  rewrepfaction2, rewrepvalue2, rewrepfaction3, rewrepvalue3, rewrepfaction4, rewrepvalue4, rewspell, rewspellcast, completeemote, rewitemid1, rewitemcount1, rewitemid2, rewitemcount2, rewitemid3, rewitemcount3, rewitemid4, rewitemcount4, rewchoiceitemid1, rewchoiceitemcount1, rewchoiceitemid2, rewchoiceitemcount2, rewchoiceitemid3, rewchoiceitemcount3, rewchoiceitemid4, rewchoiceitemcount4,requiredminrepfaction,requiredminrepvalue,objectivetext1) values (41306,41307,2,722,40,36,0,0,'They\'re Eating It!','Sah\'rhee is so sorry he failed. Sah\'rhee was not strong enough to protect little green friend and mean quilboar took me here. They want to eat me, but mother always said Sah\'rhee is too chubby, probably don\'t taste that good.$B$BIf you are looking for Traxis\' box, it is here, but all the stones fell out when they hit poor Sah\'rhee to walk faster. Now scary zombies and ghosts have all the sparkly gems! Sah\'rhee wants to go home, can you collect Traxis\' jewels and bring them to small gnome in Tanaris? Traxis\' said she is at the beach town waiting for the box!','Collect the missing cargo of Traxis and deliver it to his contractor in Steamwheedle Port in Tanaris.','<The gnome doesn\'t seem to pay attentio to you.>','What is this? Traxis\' delivery? I\'ve been waiting ages for this! What\'s up with that goblin and his lackluster service? Either way, thank you for finishing his work. If he didn\'t have such exclusive contact, this would be the last time I\'m ordering anything from him.',41367,8,0,0,0,0,0,0, 0,0,0,0,0,0,0,0, 0,0, 0,30100,4300, 0,0,0,0,0,0,0,0, 0,0,0, 0,0,0,0,0,0,0,0, 0,0,0,0,0,0,0,0, 0,0,'');

replace into creature_questrelation		(id, quest) values ( 8767, 41307);
replace into creature_involvedrelation  (id, quest) values (61913, 41307);
update quest_template set nextquestinchain = 41308	 where entry = 41307;
update creature_template set npc_flags = 19 where entry = 61913;

replace into item_template (entry, display_id, name, class, quality, flags, buy_count, allowable_class, allowable_race, item_level, stackable, spellcooldown_1, spellcategorycooldown_1, spellcooldown_2, spellcategorycooldown_2, bonding, description, page_text, material) values
(41367,1262,'Etched Gemstone',12,1,2048,1,-1,-1,1,8,-1,-1,-1,-1,4,'The surface is cracked and brittle.',0,4);

REPLACE INTO `creature_loot_template` (`entry`, `item`, `ChanceOrQuestChance`, `groupid`, `mincountOrRef`, `maxcount`, `condition_id`) VALUES
(7348, 41367, -30, 0, 1, 1, 0),
(7344, 41367, -30, 0, 1, 1, 0),
(7343, 41367, -30, 0, 1, 1, 0),
(7346, 41367, -30, 0, 1, 1, 0),
(7345, 41367, -30, 0, 1, 1, 0),
(7342, 41367, -30, 0, 1, 1, 0),
(7347, 41367, -30, 0, 1, 1, 0),
(7352, 41367, -30, 0, 1, 1, 0),
(7341, 41367, -30, 0, 1, 1, 0);

-- Fishy Practices
delete from quest_template where entry = 41308;
replace into quest_template (prevquestid, entry, method, zoneorsort, questlevel, minlevel, questflags, specialflags, title, details, objectives, requestitemstext, offerrewardtext, reqitemid1, reqitemcount1, reqitemid2, reqitemcount2, reqitemid3, reqitemcount3, reqitemid4, reqitemcount4, reqcreatureorgoid1, reqcreatureorgocount1, reqcreatureorgoid2, reqcreatureorgocount2, reqcreatureorgoid3, reqcreatureorgocount3, reqcreatureorgoid4, reqcreatureorgocount4, srcitemid, srcitemcount, reworreqmoney, RewMoneyMaxLevel, rewxp, rewrepfaction1, rewrepvalue1,  rewrepfaction2, rewrepvalue2, rewrepfaction3, rewrepvalue3, rewrepfaction4, rewrepvalue4, rewspell, rewspellcast, completeemote, rewitemid1, rewitemcount1, rewitemid2, rewitemcount2, rewitemid3, rewitemcount3, rewitemid4, rewitemcount4, rewchoiceitemid1, rewchoiceitemcount1, rewchoiceitemid2, rewchoiceitemcount2, rewchoiceitemid3, rewchoiceitemcount3, rewchoiceitemid4, rewchoiceitemcount4,requiredminrepfaction,requiredminrepvalue,objectivetext1) values (41307,41308,2,440,42,36,0,0,'Fishy Practices','Okay, scrap what I just said. I will definitely not order from him again. All these gemstones have brittle surfaces! How could this have happened? What did he do with them?$B$B<You explain to Fanzy how the jewels ended up in several undead stomachs and have been ruined by their bodily fluids.>$B$BUgh, you didn\'t have to explain it in such detail. Gross. Well, this is just perfect. Now I have extra work on my hands, and that\'s the last thing I can afford right now. But luckily you are here to help out. Oh, don\'t give me that look, I\'ll pay you instead of Traxis, it\'s in his best interest to not show his grimy mug here anytime soon.$B$BTo fix the gems we need something with a bit more oomph, your regular gemstone oil won\'t cut it here. Not far south of here is a small cove near the beach, you will find... let\'s say a business partner of mine there. Bring him the oily glands of the Steeljaw Snappers from the coast, a greater mystic essence and a crystal vial. Tell him I sent you.','Bring eight Steeljaw Glands, a Greater Mystic Essence and a Crystal Vial to Fanzy\'s mysterious partner south of Steamwheedle Port.','What is it you desire, landwalker?','I dare not call that tiny being a partner, but we share much valuable knowledge between us, so I tolerate her presence and requests. Tell me, what does she require today?',41368,8,11135,1,8925,1,0,0, 0,0,0,0,0,0,0,0, 0,0, 0,22500,3750, 0,0,0,0,0,0,0,0, 0,0,0, 0,0,0,0,0,0,0,0, 0,0,0,0,0,0,0,0, 0,0,'');

replace into creature_questrelation		(id, quest) values (61913, 41308);
replace into creature_involvedrelation  (id, quest) values ( 8617, 41308);
update quest_template set nextquestinchain = 41309	 where entry = 41308;

replace into item_template (entry, display_id, name, class, quality, flags, buy_count, allowable_class, allowable_race, item_level, stackable, spellcooldown_1, spellcategorycooldown_1, spellcooldown_2, spellcategorycooldown_2, bonding, description, page_text, material) values
(41368,1438,'Steeljaw Gland',12,1,2048,1,-1,-1,1,8,-1,-1,-1,-1,4,'',0,3);

REPLACE INTO `creature_loot_template` (`entry`, `item`, `ChanceOrQuestChance`, `groupid`, `mincountOrRef`, `maxcount`, `condition_id`) VALUES
(14123, 41368, -50, 0, 1, 1, 0);

-- Brittle Gnome More
delete from quest_template where entry = 41309;
replace into quest_template (prevquestid, entry, method, zoneorsort, questlevel, minlevel, questflags, specialflags, title, details, objectives, requestitemstext, offerrewardtext, reqitemid1, reqitemcount1, reqitemid2, reqitemcount2, reqitemid3, reqitemcount3, reqitemid4, reqitemcount4, reqcreatureorgoid1, reqcreatureorgocount1, reqcreatureorgoid2, reqcreatureorgocount2, reqcreatureorgoid3, reqcreatureorgocount3, reqcreatureorgoid4, reqcreatureorgocount4, srcitemid, srcitemcount, reworreqmoney, RewMoneyMaxLevel, rewxp, rewrepfaction1, rewrepvalue1,  rewrepfaction2, rewrepvalue2, rewrepfaction3, rewrepvalue3, rewrepfaction4, rewrepvalue4, rewspell, rewspellcast, completeemote, rewitemid1, rewitemcount1, rewitemid2, rewitemcount2, rewitemid3, rewitemcount3, rewitemid4, rewitemcount4, rewchoiceitemid1, rewchoiceitemcount1, rewchoiceitemid2, rewchoiceitemcount2, rewchoiceitemid3, rewchoiceitemcount3, rewchoiceitemid4, rewchoiceitemcount4,requiredminrepfaction,requiredminrepvalue,objectivetext1) values (41308,41309,2,440,42,36,0,0,'Brittle Gnome More','<Zalashji squeezes the oily glands into the vial. Muttering unintelligible words under his raspy breath, he casts foreign magic, making the concoction glow in a vibrant light.>$B$BTake it, stranger. This oil should seal the cracks in the gems\' surfaces, while still allowing for accurate cuts. Now go, while I permit her to frequent me, I cannot say the same about you. I may be more hospitable than my brethren, but that does not mean my patience is endless.','Return with Zalashji\'s Gemstone Oil to Fanzy Sparkspring in Steamwheedle Port.','Back so soon?','Oho, now that\'s the stuff. I can tell right away that we can salvage that mess of Traxis with this miracle mixture. Did you come along with Zalashji? He\'s a solitary... man? Snake? I don\'t know, but so far he didn\'t say no to a long and philosophical talk about the history and art of jewelcrafting. Who knows, maybe someday I will tell you how we two met!$B$BSince you helped me with preventing uncomfortable customer confrontations, let me reward you. Am I correct in assuming you\'re proficient in jewelcrafting as well? Don\'t be surprised, I\'m not a master in this craft for nothing. Let me share some of my knowledge for free, as just payment.',41369,1,0,0,0,0,0,0, 0,0,0,0,0,0,0,0, 41369,1, 0,7800,1300, 0,0,0,0,0,0,0,0, 0,0,0, 70181,1,0,0,0,0,0,0, 0,0,0,0,0,0,0,0, 0,0,'');

replace into creature_questrelation		(id, quest) values ( 8617, 41309);
replace into creature_involvedrelation  (id, quest) values (61913, 41309);

replace into item_template (entry, display_id, name, class, quality, flags, buy_count, allowable_class, allowable_race, item_level, stackable, spellcooldown_1, spellcategorycooldown_1, spellcooldown_2, spellcategorycooldown_2, bonding, description, page_text, material) values
(41369,3663,'Zalashji\'s Gemstone Oil',12,1,2048,1,-1,-1,1,1,-1,-1,-1,-1,4,'',0,3);

-- Clutch of Thanlar
delete from quest_template where entry = 41310;
replace into quest_template (prevquestid, entry, method, zoneorsort, questlevel, minlevel, questflags, specialflags, title, details, objectives, requestitemstext, offerrewardtext, reqitemid1, reqitemcount1, reqitemid2, reqitemcount2, reqitemid3, reqitemcount3, reqitemid4, reqitemcount4, reqcreatureorgoid1, reqcreatureorgocount1, reqcreatureorgoid2, reqcreatureorgocount2, reqcreatureorgoid3, reqcreatureorgocount3, reqcreatureorgoid4, reqcreatureorgocount4, srcitemid, srcitemcount, reworreqmoney, RewMoneyMaxLevel, rewxp, rewrepfaction1, rewrepvalue1,  rewrepfaction2, rewrepvalue2, rewrepfaction3, rewrepvalue3, rewrepfaction4, rewrepvalue4, rewspell, rewspellcast, completeemote, rewitemid1, rewitemcount1, rewitemid2, rewitemcount2, rewitemid3, rewitemcount3, rewitemid4, rewitemcount4, rewchoiceitemid1, rewchoiceitemcount1, rewchoiceitemid2, rewchoiceitemcount2, rewchoiceitemid3, rewchoiceitemcount3, rewchoiceitemid4, rewchoiceitemcount4,requiredminrepfaction,requiredminrepvalue,objectivetext1) values (0,41310,2,2562,60,60,0,0,'Clutch of Thanlar','<The book you\'ve found looks not as old as the rest of the tomes lying around. Embellished with the sigil of the Kirin Tor, you assume it must\'ve belonged to a powerful mage.$B$BFlipping through the pages, you surmise it is the journal of a wizard named Khadgar, of whom you have heard before. Former apprentice to the Guardian Medivh and member of the Sons of Lothar, who took the Alliance\'s offensive on Draenor during the Second War.$B$BExpecting to unveil another mystery, you study its contents more focused.>','Read Khadgar\'s Journal and uncover the enigma behind it.','You are back, what is it you require?','Khadgar? A name I haven\'t heard in ages and one I thought I\'d never hear again following his departure from this world. Wherever he is, be it alive or not - let us hope his spirit is free and unclouded.',41370,1,0,0,0,0,0,0, 0,0,0,0,0,0,0,0, 41370,1, 0,15400,2200, 0,0,0,0,0,0,0,0, 0,0,0, 0,0,0,0,0,0,0,0, 0,0,0,0,0,0,0,0, 0,0,'');

replace into gameobject_questrelation   (id, quest) values (2020098, 41310);
replace into creature_involvedrelation  (id, quest) values (  61137, 41310);
update quest_template set nextquestinchain = 41311	   where entry = 41310;

replace INTO `gameobject_template` (`entry`, `type`, `displayId`, `name`, `faction`, `flags`, `size`, `data0`, `data1`, `data2`, `data3`, `data4`, `data5`, `data6`, `data7`, `data8`, `data9`, `data10`, `data11`, `data12`, `data13`, `data14`, `data15`, `data16`, `data17`, `data18`, `data19`, `data20`, `data21`, `data22`, `data23`, `mingold`, `maxgold`, `phase_quest_id`, `script_name`) VALUES
(2020098, 2, 4431, 'Khadgar\'s Journal', 0, 32, 1, 0, 0, 0, 0, 0, 0, 0, 0, 0, 0, 0, 0, 0, 0, 0, 0, 0, 0, 0, 0, 0, 0, 0, 0, 0, 0, 0, '');

replace into item_template (entry, display_id, name, class, quality, flags, buy_count, allowable_class, allowable_race, item_level, stackable, spellcooldown_1, spellcategorycooldown_1, spellcooldown_2, spellcategorycooldown_2, bonding, description, page_text, material) values
(41370,1103,'Khadgar\'s Journal',12,1,2048,1,-1,-1,1,1,-1,-1,-1,-1,4,'',50696,3);

replace INTO `page_text` (`entry`, `text`, `next_page`) VALUES
(50696, 'The air of Deadwind Pass is harsh and unforgiving. I remember the place before the Orcish invasion - lush and green, with a pleasant breeze passing from Grand Hamlet. Nothing of that remains, however. Only the destruction wrought by my master and his sins.', 50697),
(50697, 'The Council of Six asked me for assistance in retrieving dangerous relics left behind during the chaos of Lothar\'s assault on Karazhan. I don\'t like to return to this place full of memories, good and bad. Reliving the past aches my heart, just as my aged body is aching at the strain of my journey. Atleast I have Vandol with me, although he isn\'t eager to return here either. Antonidas tasked him with safekeeping the artifacts I retrieve. While I could\'ve done so too, I trust the archmage\'s judgement.', 50698),
(50698, 'Tethered spirits roam the empty halls, some familiar, some unknown. I even faintly heard the voice of Castellan Moroes, yet I couldn\'t see him. His humor was a ray of sunshine during my rigid studies with the master. Hopefully his soul can find respite at some point in time.', 50699),
(50699, 'The upper reaches were locked, but luckily I still have a key for them in my possession. The atmosphere is different, more hostile. I have to proceed with caution, lest I get surprised by horrors left behind.', 50700),
(50700, 'Master\'s library is still mostly intact. I am astonished how it survived Karazhan\'s desolation. Should I ever get the time and a few fellow mages from the Kirin Tor with me, bringing his knowledge to Dalaran would be a valuable boon to the Council and its students.', 50701),
(50701, 'I came across an enigmatic contraption lying between the hefty tomes. It\'s made from arcanite, enchanted with a powerful ward and in immaculate condition. There is no doubt in my mind that this was of importance for the master, my heart tells me so. Judging from its appearance, I\'d say it is a sort of clasp for a gemstone.', 50702),
(50702, 'I managed to collect a few more of Medivh\'s artifacts. This place is still cursed, and I have to make haste to exit it unharmed. Vandol awaits me outside in hiding, so we may return safely back to Dalaran. It is strange to travel with one of Master\'s close friends, after all that has happened. Still, we share eachother\'s company, as I can relate to him, as much as he can relate to me.', 50703),
(50703, 'Another being is close, a hostile one. For a second its presence felt identical to the master\'s, but that quickly changed - not that it would\'ve been possible either way. An aura of a bygone time, is how I would describe it. Regardless, I will remain cautious on my way-$B$B<The journal abruptly ends. Luckily you know that this wasn\'t the end of Khadgar.>', 0);

-- Bovar'kez
delete from quest_template where entry = 41311;
replace into quest_template (prevquestid, entry, method, zoneorsort, questlevel, minlevel, questflags, specialflags, title, details, objectives, requestitemstext, offerrewardtext, reqitemid1, reqitemcount1, reqitemid2, reqitemcount2, reqitemid3, reqitemcount3, reqitemid4, reqitemcount4, reqcreatureorgoid1, reqcreatureorgocount1, reqcreatureorgoid2, reqcreatureorgocount2, reqcreatureorgoid3, reqcreatureorgocount3, reqcreatureorgoid4, reqcreatureorgocount4, srcitemid, srcitemcount, reworreqmoney, RewMoneyMaxLevel, rewxp, rewrepfaction1, rewrepvalue1,  rewrepfaction2, rewrepvalue2, rewrepfaction3, rewrepvalue3, rewrepfaction4, rewrepvalue4, rewspell, rewspellcast, completeemote, rewitemid1, rewitemcount1, rewitemid2, rewitemcount2, rewitemid3, rewitemcount3, rewitemid4, rewitemcount4, rewchoiceitemid1, rewchoiceitemcount1, rewchoiceitemid2, rewchoiceitemcount2, rewchoiceitemid3, rewchoiceitemcount3, rewchoiceitemid4, rewchoiceitemcount4,requiredminrepfaction,requiredminrepvalue,objectivetext1) values (41310,41311,2,2562,60,60,0,0,'Bovar\'kez','I was there when Arthas besieged Dalaran under the order of his demonic overlords. While Menethil committed heinous acts in his mission of stealing the Book of Medivh, his army sacked the city of the other dangerous relics we were securing in our vaults. Defending the magical city from tooth to nail, I stood before a powerful doomguard seeking destruction and mayhem. $B$BIf it is the Clutch of Thanlar you seek, then finding that doomguard is what you must do. During my recovery after Dalaran\'s fall, the other surviving mages discussed Archimonde and his army\'s next goal - which turned out to be them going westwards, to these very lands, in pursuit of the World Tree Nordrassil. Should the doomguard still be on Azeroth, then I\'d reckon he is plotting his revenge in a demon infested abyss, close to Mount Hyjal.','Slay the doomguard Dolvan was informing you about and return with the Clutch of Thanlar. He awaits you at his home south of Theramore.','Heed caution, $N. If the demon survived the Third War, then he cannot be underestimated.','The clutch has found its way back to me, almost like a curse. I am most impressed you returned somewhat unharmed, your power rivals those of great heroes.$B$BNow regarding the clutch...',41371,1,0,0,0,0,0,0, 0,0,0,0,0,0,0,0, 0,0, 0,43400,6200, 0,0,0,0,0,0,0,0, 0,0,0, 0,0,0,0,0,0,0,0, 0,0,0,0,0,0,0,0, 0,0,'');

replace into creature_questrelation		(id, quest) values (61137, 41311);
replace into creature_involvedrelation  (id, quest) values (61137, 41311);
update quest_template set nextquestinchain = 41312	 where entry = 41311;
update quest_template set type = 62					 where entry = 41311;

replace into item_template (entry, display_id, name, class, quality, flags, buy_count, allowable_class, allowable_race, item_level, stackable, spellcooldown_1, spellcategorycooldown_1, spellcooldown_2, spellcategorycooldown_2, bonding, description, page_text, material) values
(41371,31865,'Clutch of Thanlar',12,1,2048,1,-1,-1,1,1,-1,-1,-1,-1,4,'',0,8);

REPLACE INTO `creature_loot_template` (`entry`, `item`, `ChanceOrQuestChance`, `groupid`, `mincountOrRef`, `maxcount`, `condition_id`) VALUES
(61978, 41371, -100, 0, 1, 1, 0);

-- Restoration
delete from quest_template where entry = 41312;
replace into quest_template (prevquestid, entry, method, zoneorsort, questlevel, minlevel, questflags, specialflags, title, details, objectives, requestitemstext, offerrewardtext, reqitemid1, reqitemcount1, reqitemid2, reqitemcount2, reqitemid3, reqitemcount3, reqitemid4, reqitemcount4, reqcreatureorgoid1, reqcreatureorgocount1, reqcreatureorgoid2, reqcreatureorgocount2, reqcreatureorgoid3, reqcreatureorgocount3, reqcreatureorgoid4, reqcreatureorgocount4, srcitemid, srcitemcount, reworreqmoney, RewMoneyMaxLevel, rewxp, rewrepfaction1, rewrepvalue1,  rewrepfaction2, rewrepvalue2, rewrepfaction3, rewrepvalue3, rewrepfaction4, rewrepvalue4, rewspell, rewspellcast, completeemote, rewitemid1, rewitemcount1, rewitemid2, rewitemcount2, rewitemid3, rewitemcount3, rewitemid4, rewitemcount4, rewchoiceitemid1, rewchoiceitemcount1, rewchoiceitemid2, rewchoiceitemcount2, rewchoiceitemid3, rewchoiceitemcount3, rewchoiceitemid4, rewchoiceitemcount4,requiredminrepfaction,requiredminrepvalue,objectivetext1) values (41311,41312,2,2562,60,60,512,0,'Restoration','When the clutch was in the Kirin Tor\'s safekeeping in Dalaran, I studied its form, function and purpose extensively. While Medivh was a secretive type, his magical implements and trinkets all bear a similar magical marking. Even mages not familiar with the Guardian can feel that. During my research I came to the conclusion that the clutch was part of something grand, and that in turn being part of something even greater. Judging from its form, an enormous gemstone must\'ve had its place on the top of its holdings.$B$BShould you ever come across such a gemstone in your ventures to the haunted tower, I am confident in my abilities of restoring the artifact to its original state. To do so, however, I\'d need a strong arcane focus to channel my energy with. The blue dragonflight, protector of Azeroth\'s magic, holds custody over such objects, yet only their most powerful members actually carry these with them.','If you wish to repair the relic, bring Dolvan the necessary parts and an arcane focus from a high-ranking blue dragon. The mage can be found along the shoreline south of Theramore.','An impossible endeavor, some might say. But the display of your abilities shown tells me enough about you and your endurance.','The gemstone was split? Curious, but not unexpected given the tower\'s state. Still, having it hidden like that - what was Medivh thinking? And this focus... a testament to the dragonflight\'s eternal charge of governing magic. I doubt any living mortal could conjure such a device to amplify the flow of energy. $B$BIt is bittersweet, you know? I\'ve abjured my life as a sorcerer, yet I cannot deny helping you for the second time now lights up a feeling in my heart long forgotten. My hopes of you putting the horrors of the tower to rest grow after witnessing you succeed in this task. Take the completed head, and search the tower for the rest of it. Most assuredly, this will prove to be pivotal in your exploration of Karazhan.',41371,1,41373,1,0,0,0,0, 0,0,0,0,0,0,0,0, 0,0, 0,43400,6200, 0,0,0,0,0,0,0,0, 0,0,0, 41372,1,0,0,0,0,0,0, 0,0,0,0,0,0,0,0, 0,0,'');

replace into creature_questrelation		(id, quest) values (61137, 41312);
replace into creature_involvedrelation  (id, quest) values (61137, 41312);
update quest_template set type = 62					 where entry = 41312;

replace into item_template (entry, display_id, name, class, quality, flags, buy_count, allowable_class, allowable_race, item_level, stackable, spellcooldown_1, spellcategorycooldown_1, spellcooldown_2, spellcategorycooldown_2, bonding, description, page_text, material) values
(41372,28626,'Sceptre Head of Medivh',12,1,1,1,-1,-1,1,1,-1,-1,-1,-1,1,'',0,4),
(41373,31205,'Draconic Focus',12,1,1,1,-1,-1,1,1,-1,-1,-1,-1,1,'',0,4);

REPLACE INTO `creature_loot_template` (`entry`, `item`, `ChanceOrQuestChance`, `groupid`, `mincountOrRef`, `maxcount`, `condition_id`) VALUES
(61946, 41373, -100, 0, 1, 1, 0);

replace into broadcast_text (entry, Male_Text) values (30178, 'Beware of the danger this item holds. Just carrying it is a risk.');
replace into npc_text (ID, BroadcastTextID0) values (30178, 30178);
