UPDATE spell_template SET spellIconId = 1794 WHERE entry = 25675;

set @gossip_menu_id = 41316; set @magic_number = 61173;
replace into gossip_menu (entry, text_id, condition_id) VALUES (@gossip_menu_id, @magic_number, '0'); 
replace into broadcast_text (entry, Male_Text) values (@magic_number, 'Lok\'tar! Merry Winter Veil to you little $Gboy:girl;!\n\nThere is free food and lots of merriment courtesy of Smokywood Pastures!\n\nMake sure you have a splendid time... And no you may not sit on my lap.');
replace into npc_text (ID, BroadcastTextID0) values (@magic_number, @magic_number);
update creature_template set gossip_menu_id = @gossip_menu_id where entry = @magic_number;

-- Make NPC GUID 2573900 play emote 415
REPLACE INTO `creature_addon` (`guid`, `display_id`, `mount_display_id`, `equipment_id`, `stand_state`, `sheath_state`, `emote_state`, `auras`) VALUES (2573900, 0, 0, 0, 0, 0, 415, NULL);

UPDATE `quest_template` SET `RequestItemsText` = 'Yeah, you get those scales yet kid?' WHERE `entry` = 40768;

UPDATE `quest_template` SET `OfferRewardText` = 'Not bad, good work out there, making the jungle just a little bit easier to handle is always noble work for us here.\n\n Here, as thanks.' WHERE `entry` = 40768;

UPDATE `quest_template` SET `Objectives` = 'Gather 20 Wavecrest Scales for Zalwiz Hardlug at Bixxle\'s Storehouse in Tel\'Abim.' WHERE `entry` = 40768;

REPLACE INTO `item_template` (`entry`, `class`, `subclass`, `name`, `description`, `display_id`, `quality`, `flags`, `buy_count`, `buy_price`, `sell_price`, `inventory_type`, `allowable_class`, `allowable_race`, `item_level`, `required_level`, `required_skill`, `required_skill_rank`, `required_spell`, `required_honor_rank`, `required_city_rank`, `required_reputation_faction`, `required_reputation_rank`, `max_count`, `stackable`, `container_slots`, `stat_type1`, `stat_value1`, `stat_type2`, `stat_value2`, `stat_type3`, `stat_value3`, `stat_type4`, `stat_value4`, `stat_type5`, `stat_value5`, `stat_type6`, `stat_value6`, `stat_type7`, `stat_value7`, `stat_type8`, `stat_value8`, `stat_type9`, `stat_value9`, `stat_type10`, `stat_value10`, `delay`, `range_mod`, `ammo_type`, `dmg_min1`, `dmg_max1`, `dmg_type1`, `dmg_min2`, `dmg_max2`, `dmg_type2`, `dmg_min3`, `dmg_max3`, `dmg_type3`, `dmg_min4`, `dmg_max4`, `dmg_type4`, `dmg_min5`, `dmg_max5`, `dmg_type5`, `block`, `armor`, `holy_res`, `fire_res`, `nature_res`, `frost_res`, `shadow_res`, `arcane_res`, `spellid_1`, `spelltrigger_1`, `spellcharges_1`, `spellppmrate_1`, `spellcooldown_1`, `spellcategory_1`, `spellcategorycooldown_1`, `spellid_2`, `spelltrigger_2`, `spellcharges_2`, `spellppmrate_2`, `spellcooldown_2`, `spellcategory_2`, `spellcategorycooldown_2`, `spellid_3`, `spelltrigger_3`, `spellcharges_3`, `spellppmrate_3`, `spellcooldown_3`, `spellcategory_3`, `spellcategorycooldown_3`, `spellid_4`, `spelltrigger_4`, `spellcharges_4`, `spellppmrate_4`, `spellcooldown_4`, `spellcategory_4`, `spellcategorycooldown_4`, `spellid_5`, `spelltrigger_5`, `spellcharges_5`, `spellppmrate_5`, `spellcooldown_5`, `spellcategory_5`, `spellcategorycooldown_5`, `bonding`, `page_text`, `page_language`, `page_material`, `start_quest`, `lock_id`, `material`, `sheath`, `random_property`, `set_id`, `max_durability`, `area_bound`, `map_bound`, `duration`, `bag_family`, `disenchant_id`, `food_type`, `min_money_loot`, `max_money_loot`, `extra_flags`, `other_team_entry`, `script_name`) VALUES (91762, 12, 0, 'Wavecrest Scale', '', 21835, 1, 0, 1, 0, 0, 0, 2047, -1, 1, 0, 0, 0, 0, 0, 0, 0, 0, 0, 20, 0, 0, 0, 0, 0, 0, 0, 0, 0, 0, 0, 0, 0, 0, 0, 0, 0, 0, 0, 0, 0, 0, 0, 0, 0, 0, 0, 0, 0, 0, 0, 0, 0, 0, 0, 0, 0, 0, 0, 0, 0, 0, 0, 0, 0, 0, 0, 0, 0, 0, 0, -1, 0, -1, 0, 0, 0, 0, -1, 0, -1, 0, 0, 0, 0, -1, 0, -1, 0, 0, 0, 0, -1, 0, -1, 0, 0, 0, 0, 0, 0, 0, 4, 0, 0, 0, 0, 0, -1, 0, 0, 0, 0, 0, 0, 0, 0, 0, 0, 0, 0, 0, 1, NULL);

UPDATE `quest_template` SET `ReqItemId1` = 91762 WHERE `entry` = 40768;
UPDATE `creature_loot_template` SET `item` = 91762 WHERE `entry` = 61131 AND `item` = 61075;
UPDATE `creature_loot_template` SET `item` = 91762 WHERE `entry` = 61130 AND `item` = 61075;

-- Snowball targets 2022:

UPDATE `quest_template` SET 
`ObjectiveText1` = 'Throw snowball at Ashstache', 
`ObjectiveText2` = 'Throw snowball at Lexie', 
`ObjectiveText3` = 'Throw snowball at Sarenrae', 
`ObjectiveText4` = 'Throw snowball at Zaas' WHERE `entry` = 50321;

-- New pets:

REPLACE INTO `item_template` (`entry`, `class`, `subclass`, `name`, `description`, `display_id`, `quality`, `flags`, `buy_count`, `buy_price`, `sell_price`, `inventory_type`, `allowable_class`, `allowable_race`, `item_level`, `required_level`, `required_skill`, `required_skill_rank`, `required_spell`, `required_honor_rank`, `required_city_rank`, `required_reputation_faction`, `required_reputation_rank`, `max_count`, `stackable`, `container_slots`, `stat_type1`, `stat_value1`, `stat_type2`, `stat_value2`, `stat_type3`, `stat_value3`, `stat_type4`, `stat_value4`, `stat_type5`, `stat_value5`, `stat_type6`, `stat_value6`, `stat_type7`, `stat_value7`, `stat_type8`, `stat_value8`, `stat_type9`, `stat_value9`, `stat_type10`, `stat_value10`, `delay`, `range_mod`, `ammo_type`, `dmg_min1`, `dmg_max1`, `dmg_type1`, `dmg_min2`, `dmg_max2`, `dmg_type2`, `dmg_min3`, `dmg_max3`, `dmg_type3`, `dmg_min4`, `dmg_max4`, `dmg_type4`, `dmg_min5`, `dmg_max5`, `dmg_type5`, `block`, `armor`, `holy_res`, `fire_res`, `nature_res`, `frost_res`, `shadow_res`, `arcane_res`, `spellid_1`, `spelltrigger_1`, `spellcharges_1`, `spellppmrate_1`, `spellcooldown_1`, `spellcategory_1`, `spellcategorycooldown_1`, `spellid_2`, `spelltrigger_2`, `spellcharges_2`, `spellppmrate_2`, `spellcooldown_2`, `spellcategory_2`, `spellcategorycooldown_2`, `spellid_3`, `spelltrigger_3`, `spellcharges_3`, `spellppmrate_3`, `spellcooldown_3`, `spellcategory_3`, `spellcategorycooldown_3`, `spellid_4`, `spelltrigger_4`, `spellcharges_4`, `spellppmrate_4`, `spellcooldown_4`, `spellcategory_4`, `spellcategorycooldown_4`, `spellid_5`, `spelltrigger_5`, `spellcharges_5`, `spellppmrate_5`, `spellcooldown_5`, `spellcategory_5`, `spellcategorycooldown_5`, `bonding`, `page_text`, `page_language`, `page_material`, `start_quest`, `lock_id`, `material`, `sheath`, `random_property`, `set_id`, `max_durability`, `area_bound`, `map_bound`, `duration`, `bag_family`, `disenchant_id`, `food_type`, `min_money_loot`, `max_money_loot`, `extra_flags`, `other_team_entry`, `script_name`) VALUES 
(83300, 15, 2, 'Lil\' K.T.', 'In life, Kel\'Thuzad betrayed the Kirin Tor and created the Cult of the Damned. In death, he serves the Scourge as the Archlich Lord of Naxxramas.', 31577, 1, 0, 1, 0, 0, 0, -1, -1, 1, 0, 0, 0, 0, 0, 0, 0, 0, 0, 1, 0, 0, 0, 0, 0, 0, 0, 0, 0, 0, 0, 0, 0, 0, 0, 0, 0, 0, 0, 0, 0, 1000, 0, 0, 0, 0, 0, 0, 0, 0, 0, 0, 0, 0, 0, 0, 0, 0, 0, 0, 0, 0, 0, 0, 0, 0, 0, 46498, 0, 0, 0, -1, 0, -1, 0, 0, 0, 0, -1, 0, -1, 0, 0, 0, 0, -1, 0, -1, 0, 0, 0, 0, -1, 0, -1, 0, 0, 0, 0, -1, 0, -1, 1, 0, 0, 0, 0, 0, 0, 0, 0, 0, 0, 0, 0, 0, 0, 0, 0, 0, 0, 0, 1, NULL);

REPLACE INTO `companion_spells` (`itemId`, `spellId`) VALUES (83300, 57039);

REPLACE INTO `creature_template` (`entry`, `display_id1`, `display_id2`, `display_id3`, `display_id4`, `mount_display_id`, `name`, `subname`, `gossip_menu_id`, `level_min`, `level_max`, `health_min`, `health_max`, `mana_min`, `mana_max`, `armor`, `faction`, `npc_flags`, `speed_walk`, `speed_run`, `scale`, `detection_range`, `call_for_help_range`, `leash_range`, `rank`, `xp_multiplier`, `dmg_min`, `dmg_max`, `dmg_school`, `attack_power`, `dmg_multiplier`, `base_attack_time`, `ranged_attack_time`, `unit_class`, `unit_flags`, `dynamic_flags`, `beast_family`, `trainer_type`, `trainer_spell`, `trainer_class`, `trainer_race`, `ranged_dmg_min`, `ranged_dmg_max`, `ranged_attack_power`, `type`, `type_flags`, `loot_id`, `pickpocket_loot_id`, `skinning_loot_id`, `holy_res`, `fire_res`, `nature_res`, `frost_res`, `shadow_res`, `arcane_res`, `spell_id1`, `spell_id2`, `spell_id3`, `spell_id4`, `spell_list_id`, `pet_spell_list_id`, `spawn_spell_id`, `auras`, `gold_min`, `gold_max`, `ai_name`, `movement_type`, `inhabit_type`, `civilian`, `racial_leader`, `regeneration`, `equipment_id`, `trainer_id`, `vendor_id`, `mechanic_immune_mask`, `school_immune_mask`, `flags_extra`, `phase_quest_id`, `script_name`) VALUES (80607, 18925, 0, 0, 0, 0, 'Lil\' K.T.', '', 0, 1, 1, 64, 64, 0, 0, 0, 35, 0, 1, 1.14286, 0.4, 18, 5, 0, 0, 1, 0, 0, 0, 0, 1, 0, 0, 1, 0, 0, 0, 0, 0, 0, 0, 0, 0, 0, 0, 0, 0, 0, 0, 0, 0, 0, 0, 0, 0, 0, 0, 0, 0, 0, 0, 0, NULL, 0, 0, '', 0, 3, 0, 0, 3, 0, 0, 0, 0, 0, 0, 0, '');

REPLACE INTO `creature_display_info_addon` (`display_id`) VALUES (18925);

REPLACE INTO `spell_template` (`entry`, `school`, `category`, `castUI`, `dispel`, `mechanic`, `attributes`, `attributesEx`, `attributesEx2`, `attributesEx3`, `attributesEx4`, `stances`, `stancesNot`, `targets`, `targetCreatureType`, `requiresSpellFocus`, `casterAuraState`, `targetAuraState`, `castingTimeIndex`, `recoveryTime`, `categoryRecoveryTime`, `interruptFlags`, `auraInterruptFlags`, `channelInterruptFlags`, `procFlags`, `procChance`, `procCharges`, `maxLevel`, `baseLevel`, `spellLevel`, `durationIndex`, `powerType`, `manaCost`, `manCostPerLevel`, `manaPerSecond`, `manaPerSecondPerLevel`, `rangeIndex`, `speed`, `modelNextSpell`, `stackAmount`, `totem1`, `totem2`, `reagent1`, `reagent2`, `reagent3`, `reagent4`, `reagent5`, `reagent6`, `reagent7`, `reagent8`, `reagentCount1`, `reagentCount2`, `reagentCount3`, `reagentCount4`, `reagentCount5`, `reagentCount6`, `reagentCount7`, `reagentCount8`, `equippedItemClass`, `equippedItemSubClassMask`, `equippedItemInventoryTypeMask`, `effect1`, `effect2`, `effect3`, `effectDieSides1`, `effectDieSides2`, `effectDieSides3`, `effectBaseDice1`, `effectBaseDice2`, `effectBaseDice3`, `effectDicePerLevel1`, `effectDicePerLevel2`, `effectDicePerLevel3`, `effectRealPointsPerLevel1`, `effectRealPointsPerLevel2`, `effectRealPointsPerLevel3`, `effectBasePoints1`, `effectBasePoints2`, `effectBasePoints3`, `effectBonusCoefficient1`, `effectBonusCoefficient2`, `effectBonusCoefficient3`, `effectMechanic1`, `effectMechanic2`, `effectMechanic3`, `effectImplicitTargetA1`, `effectImplicitTargetA2`, `effectImplicitTargetA3`, `effectImplicitTargetB1`, `effectImplicitTargetB2`, `effectImplicitTargetB3`, `effectRadiusIndex1`, `effectRadiusIndex2`, `effectRadiusIndex3`, `effectApplyAuraName1`, `effectApplyAuraName2`, `effectApplyAuraName3`, `effectAmplitude1`, `effectAmplitude2`, `effectAmplitude3`, `effectMultipleValue1`, `effectMultipleValue2`, `effectMultipleValue3`, `effectChainTarget1`, `effectChainTarget2`, `effectChainTarget3`, `effectItemType1`, `effectItemType2`, `effectItemType3`, `effectMiscValue1`, `effectMiscValue2`, `effectMiscValue3`, `effectTriggerSpell1`, `effectTriggerSpell2`, `effectTriggerSpell3`, `effectPointsPerComboPoint1`, `effectPointsPerComboPoint2`, `effectPointsPerComboPoint3`, `spellVisual1`, `spellVisual2`, `spellIconId`, `activeIconId`, `spellPriority`, `name`, `nameFlags`, `nameSubtext`, `nameSubtextFlags`, `description`, `descriptionFlags`, `auraDescription`, `auraDescriptionFlags`, `manaCostPercentage`, `startRecoveryCategory`, `startRecoveryTime`, `minTargetLevel`, `maxTargetLevel`, `spellFamilyName`, `spellFamilyFlags`, `maxAffectedTargets`, `dmgClass`, `preventionType`, `stanceBarOrder`, `dmgMultiplier1`, `dmgMultiplier2`, `dmgMultiplier3`, `minFactionId`, `minReputation`, `requiredAuraVision`, `customFlags`) VALUES (57039, 0, 0, 0, 0, 0, 272, 0, 0, 0, 0, 0, 0, 0, 0, 0, 0, 0, 4, 0, 0, 31, 0, 0, 0, 101, 0, 0, 0, 0, 21, 0, 0, 0, 0, 0, 1, 0, 0, 0, 0, 0, 0, 0, 0, 0, 0, 0, 0, 0, 0, 0, 0, 0, 0, 0, 0, 0, -1, 0, 0, 97, 0, 0, 1, 0, 0, 1, 0, 0, 0, 0, 0, 0, 0, 0, 0, 0, 0, -1, -1, -1, 0, 0, 0, 32, 0, 0, 0, 0, 0, 0, 0, 0, 0, 0, 0, 0, 0, 0, 1000, 1000, 1000, 0, 0, 0, 0, 0, 0, 80607, 0, 0, 0, 0, 0, 0, 0, 0, 353, 0, 1893, 0, 0, 'Lil\' K.T.', 4128894, '', 4128892, 'Right Click to summon and dismiss your Lil\' K.T.', 4128894, '', 4128892, 0, 0, 0, 0, 0, 0, 0, 0, 0, 0, -1, 1, 1, 1, 0, 0, 0, 0);

-- Molten Pup:

REPLACE INTO `item_template` (`entry`, `class`, `subclass`, `name`, `description`, `display_id`, `quality`, `flags`, `buy_count`, `buy_price`, `sell_price`, `inventory_type`, `allowable_class`, `allowable_race`, `item_level`, `required_level`, `required_skill`, `required_skill_rank`, `required_spell`, `required_honor_rank`, `required_city_rank`, `required_reputation_faction`, `required_reputation_rank`, `max_count`, `stackable`, `container_slots`, `stat_type1`, `stat_value1`, `stat_type2`, `stat_value2`, `stat_type3`, `stat_value3`, `stat_type4`, `stat_value4`, `stat_type5`, `stat_value5`, `stat_type6`, `stat_value6`, `stat_type7`, `stat_value7`, `stat_type8`, `stat_value8`, `stat_type9`, `stat_value9`, `stat_type10`, `stat_value10`, `delay`, `range_mod`, `ammo_type`, `dmg_min1`, `dmg_max1`, `dmg_type1`, `dmg_min2`, `dmg_max2`, `dmg_type2`, `dmg_min3`, `dmg_max3`, `dmg_type3`, `dmg_min4`, `dmg_max4`, `dmg_type4`, `dmg_min5`, `dmg_max5`, `dmg_type5`, `block`, `armor`, `holy_res`, `fire_res`, `nature_res`, `frost_res`, `shadow_res`, `arcane_res`, `spellid_1`, `spelltrigger_1`, `spellcharges_1`, `spellppmrate_1`, `spellcooldown_1`, `spellcategory_1`, `spellcategorycooldown_1`, `spellid_2`, `spelltrigger_2`, `spellcharges_2`, `spellppmrate_2`, `spellcooldown_2`, `spellcategory_2`, `spellcategorycooldown_2`, `spellid_3`, `spelltrigger_3`, `spellcharges_3`, `spellppmrate_3`, `spellcooldown_3`, `spellcategory_3`, `spellcategorycooldown_3`, `spellid_4`, `spelltrigger_4`, `spellcharges_4`, `spellppmrate_4`, `spellcooldown_4`, `spellcategory_4`, `spellcategorycooldown_4`, `spellid_5`, `spelltrigger_5`, `spellcharges_5`, `spellppmrate_5`, `spellcooldown_5`, `spellcategory_5`, `spellcategorycooldown_5`, `bonding`, `page_text`, `page_language`, `page_material`, `start_quest`, `lock_id`, `material`, `sheath`, `random_property`, `set_id`, `max_durability`, `area_bound`, `map_bound`, `duration`, `bag_family`, `disenchant_id`, `food_type`, `min_money_loot`, `max_money_loot`, `extra_flags`, `other_team_entry`, `script_name`) VALUES 
(83301, 15, 2, 'Core Hound Pup', 'Found in the Firelands and the Molten Core, core hounds can trace their lineage back to the alpha male, Magmadar.', 35596, 1, 0, 1, 0, 0, 0, -1, -1, 1, 0, 0, 0, 0, 0, 0, 0, 0, 0, 1, 0, 0, 0, 0, 0, 0, 0, 0, 0, 0, 0, 0, 0, 0, 0, 0, 0, 0, 0, 0, 0, 1000, 0, 0, 0, 0, 0, 0, 0, 0, 0, 0, 0, 0, 0, 0, 0, 0, 0, 0, 0, 0, 0, 0, 0, 0, 0, 46498, 0, 0, 0, -1, 0, -1, 0, 0, 0, 0, -1, 0, -1, 0, 0, 0, 0, -1, 0, -1, 0, 0, 0, 0, -1, 0, -1, 0, 0, 0, 0, -1, 0, -1, 1, 0, 0, 0, 0, 0, 0, 0, 0, 0, 0, 0, 0, 0, 0, 0, 0, 0, 0, 0, 1, NULL);

REPLACE INTO `companion_spells` (`itemId`, `spellId`) VALUES (83301, 57040);

REPLACE INTO `creature_template` (`entry`, `display_id1`, `display_id2`, `display_id3`, `display_id4`, `mount_display_id`, `name`, `subname`, `gossip_menu_id`, `level_min`, `level_max`, `health_min`, `health_max`, `mana_min`, `mana_max`, `armor`, `faction`, `npc_flags`, `speed_walk`, `speed_run`, `scale`, `detection_range`, `call_for_help_range`, `leash_range`, `rank`, `xp_multiplier`, `dmg_min`, `dmg_max`, `dmg_school`, `attack_power`, `dmg_multiplier`, `base_attack_time`, `ranged_attack_time`, `unit_class`, `unit_flags`, `dynamic_flags`, `beast_family`, `trainer_type`, `trainer_spell`, `trainer_class`, `trainer_race`, `ranged_dmg_min`, `ranged_dmg_max`, `ranged_attack_power`, `type`, `type_flags`, `loot_id`, `pickpocket_loot_id`, `skinning_loot_id`, `holy_res`, `fire_res`, `nature_res`, `frost_res`, `shadow_res`, `arcane_res`, `spell_id1`, `spell_id2`, `spell_id3`, `spell_id4`, `spell_list_id`, `pet_spell_list_id`, `spawn_spell_id`, `auras`, `gold_min`, `gold_max`, `ai_name`, `movement_type`, `inhabit_type`, `civilian`, `racial_leader`, `regeneration`, `equipment_id`, `trainer_id`, `vendor_id`, `mechanic_immune_mask`, `school_immune_mask`, `flags_extra`, `phase_quest_id`, `script_name`) VALUES (80608, 18928, 0, 0, 0, 0, 'Core Hound Pup', '', 0, 1, 1, 64, 64, 0, 0, 0, 35, 0, 1, 1.14286, 0.3, 18, 5, 0, 0, 1, 0, 0, 0, 0, 1, 0, 0, 1, 0, 0, 0, 0, 0, 0, 0, 0, 0, 0, 0, 0, 0, 0, 0, 0, 0, 0, 0, 0, 0, 0, 0, 0, 0, 0, 0, 0, NULL, 0, 0, '', 0, 3, 0, 0, 3, 0, 0, 0, 0, 0, 0, 0, '');

REPLACE INTO `creature_display_info_addon` (`display_id`) VALUES (18928);

REPLACE INTO `spell_template` (`entry`, `school`, `category`, `castUI`, `dispel`, `mechanic`, `attributes`, `attributesEx`, `attributesEx2`, `attributesEx3`, `attributesEx4`, `stances`, `stancesNot`, `targets`, `targetCreatureType`, `requiresSpellFocus`, `casterAuraState`, `targetAuraState`, `castingTimeIndex`, `recoveryTime`, `categoryRecoveryTime`, `interruptFlags`, `auraInterruptFlags`, `channelInterruptFlags`, `procFlags`, `procChance`, `procCharges`, `maxLevel`, `baseLevel`, `spellLevel`, `durationIndex`, `powerType`, `manaCost`, `manCostPerLevel`, `manaPerSecond`, `manaPerSecondPerLevel`, `rangeIndex`, `speed`, `modelNextSpell`, `stackAmount`, `totem1`, `totem2`, `reagent1`, `reagent2`, `reagent3`, `reagent4`, `reagent5`, `reagent6`, `reagent7`, `reagent8`, `reagentCount1`, `reagentCount2`, `reagentCount3`, `reagentCount4`, `reagentCount5`, `reagentCount6`, `reagentCount7`, `reagentCount8`, `equippedItemClass`, `equippedItemSubClassMask`, `equippedItemInventoryTypeMask`, `effect1`, `effect2`, `effect3`, `effectDieSides1`, `effectDieSides2`, `effectDieSides3`, `effectBaseDice1`, `effectBaseDice2`, `effectBaseDice3`, `effectDicePerLevel1`, `effectDicePerLevel2`, `effectDicePerLevel3`, `effectRealPointsPerLevel1`, `effectRealPointsPerLevel2`, `effectRealPointsPerLevel3`, `effectBasePoints1`, `effectBasePoints2`, `effectBasePoints3`, `effectBonusCoefficient1`, `effectBonusCoefficient2`, `effectBonusCoefficient3`, `effectMechanic1`, `effectMechanic2`, `effectMechanic3`, `effectImplicitTargetA1`, `effectImplicitTargetA2`, `effectImplicitTargetA3`, `effectImplicitTargetB1`, `effectImplicitTargetB2`, `effectImplicitTargetB3`, `effectRadiusIndex1`, `effectRadiusIndex2`, `effectRadiusIndex3`, `effectApplyAuraName1`, `effectApplyAuraName2`, `effectApplyAuraName3`, `effectAmplitude1`, `effectAmplitude2`, `effectAmplitude3`, `effectMultipleValue1`, `effectMultipleValue2`, `effectMultipleValue3`, `effectChainTarget1`, `effectChainTarget2`, `effectChainTarget3`, `effectItemType1`, `effectItemType2`, `effectItemType3`, `effectMiscValue1`, `effectMiscValue2`, `effectMiscValue3`, `effectTriggerSpell1`, `effectTriggerSpell2`, `effectTriggerSpell3`, `effectPointsPerComboPoint1`, `effectPointsPerComboPoint2`, `effectPointsPerComboPoint3`, `spellVisual1`, `spellVisual2`, `spellIconId`, `activeIconId`, `spellPriority`, `name`, `nameFlags`, `nameSubtext`, `nameSubtextFlags`, `description`, `descriptionFlags`, `auraDescription`, `auraDescriptionFlags`, `manaCostPercentage`, `startRecoveryCategory`, `startRecoveryTime`, `minTargetLevel`, `maxTargetLevel`, `spellFamilyName`, `spellFamilyFlags`, `maxAffectedTargets`, `dmgClass`, `preventionType`, `stanceBarOrder`, `dmgMultiplier1`, `dmgMultiplier2`, `dmgMultiplier3`, `minFactionId`, `minReputation`, `requiredAuraVision`, `customFlags`) VALUES (57040, 0, 0, 0, 0, 0, 272, 0, 0, 0, 0, 0, 0, 0, 0, 0, 0, 0, 4, 0, 0, 31, 0, 0, 0, 101, 0, 0, 0, 0, 21, 0, 0, 0, 0, 0, 1, 0, 0, 0, 0, 0, 0, 0, 0, 0, 0, 0, 0, 0, 0, 0, 0, 0, 0, 0, 0, 0, -1, 0, 0, 97, 0, 0, 1, 0, 0, 1, 0, 0, 0, 0, 0, 0, 0, 0, 0, 0, 0, -1, -1, -1, 0, 0, 0, 32, 0, 0, 0, 0, 0, 0, 0, 0, 0, 0, 0, 0, 0, 0, 1000, 1000, 1000, 0, 0, 0, 0, 0, 0, 80608, 0, 0, 0, 0, 0, 0, 0, 0, 353, 0, 2115, 0, 0, 'Core Hound Pup', 4128894, '', 4128892, 'Right Click to summon and dismiss your Core Hound Pup.', 4128894, '', 4128892, 0, 0, 0, 0, 0, 0, 0, 0, 0, 0, -1, 1, 1, 1, 0, 0, 0, 0);

-- Quest fixes:

UPDATE `creature_questrelation` SET `id` = 50653 WHERE `id` = 61189 AND `quest` = 40784;
UPDATE `creature_involvedrelation` SET `id` =  50653 WHERE `id` = 80601 AND `quest` = 40784;

UPDATE `creature_template` SET `npc_flags` = 6 WHERE `entry` = 50653;

-- Reindeer: 25858

UPDATE `item_template` SET `flags` = 0, `buy_price` = 0, `sell_price` = 0, `spellcategory_1` = 0, `spellcategorycooldown_1` = -1, `extra_flags` = 0 WHERE `entry` = 21044;

UPDATE `item_template` SET `display_id` = 928 WHERE `entry` = 21044;

DELETE FROM `item_template` WHERE `entry` = 92100;

UPDATE `item_template` SET `required_level` = 0, `max_count` = 1 WHERE `entry` = 21044;

-- Lil' Ragnaros


REPLACE INTO `item_template` (`entry`, `class`, `subclass`, `name`, `description`, `display_id`, `quality`, `flags`, `buy_count`, `buy_price`, `sell_price`, `inventory_type`, `allowable_class`, `allowable_race`, `item_level`, `required_level`, `required_skill`, `required_skill_rank`, `required_spell`, `required_honor_rank`, `required_city_rank`, `required_reputation_faction`, `required_reputation_rank`, `max_count`, `stackable`, `container_slots`, `stat_type1`, `stat_value1`, `stat_type2`, `stat_value2`, `stat_type3`, `stat_value3`, `stat_type4`, `stat_value4`, `stat_type5`, `stat_value5`, `stat_type6`, `stat_value6`, `stat_type7`, `stat_value7`, `stat_type8`, `stat_value8`, `stat_type9`, `stat_value9`, `stat_type10`, `stat_value10`, `delay`, `range_mod`, `ammo_type`, `dmg_min1`, `dmg_max1`, `dmg_type1`, `dmg_min2`, `dmg_max2`, `dmg_type2`, `dmg_min3`, `dmg_max3`, `dmg_type3`, `dmg_min4`, `dmg_max4`, `dmg_type4`, `dmg_min5`, `dmg_max5`, `dmg_type5`, `block`, `armor`, `holy_res`, `fire_res`, `nature_res`, `frost_res`, `shadow_res`, `arcane_res`, `spellid_1`, `spelltrigger_1`, `spellcharges_1`, `spellppmrate_1`, `spellcooldown_1`, `spellcategory_1`, `spellcategorycooldown_1`, `spellid_2`, `spelltrigger_2`, `spellcharges_2`, `spellppmrate_2`, `spellcooldown_2`, `spellcategory_2`, `spellcategorycooldown_2`, `spellid_3`, `spelltrigger_3`, `spellcharges_3`, `spellppmrate_3`, `spellcooldown_3`, `spellcategory_3`, `spellcategorycooldown_3`, `spellid_4`, `spelltrigger_4`, `spellcharges_4`, `spellppmrate_4`, `spellcooldown_4`, `spellcategory_4`, `spellcategorycooldown_4`, `spellid_5`, `spelltrigger_5`, `spellcharges_5`, `spellppmrate_5`, `spellcooldown_5`, `spellcategory_5`, `spellcategorycooldown_5`, `bonding`, `page_text`, `page_language`, `page_material`, `start_quest`, `lock_id`, `material`, `sheath`, `random_property`, `set_id`, `max_durability`, `area_bound`, `map_bound`, `duration`, `bag_family`, `disenchant_id`, `food_type`, `min_money_loot`, `max_money_loot`, `extra_flags`, `other_team_entry`, `script_name`) VALUES 
(83302, 15, 2, 'Lil\' Ragnaros', 'It\'s never too soon to summon this tiny aspect of the dread Firelord.', 22952, 1, 0, 1, 0, 0, 0, -1, -1, 1, 0, 0, 0, 0, 0, 0, 0, 0, 0, 1, 0, 0, 0, 0, 0, 0, 0, 0, 0, 0, 0, 0, 0, 0, 0, 0, 0, 0, 0, 0, 0, 1000, 0, 0, 0, 0, 0, 0, 0, 0, 0, 0, 0, 0, 0, 0, 0, 0, 0, 0, 0, 0, 0, 0, 0, 0, 0, 46498, 0, 0, 0, -1, 0, -1, 0, 0, 0, 0, -1, 0, -1, 0, 0, 0, 0, -1, 0, -1, 0, 0, 0, 0, -1, 0, -1, 0, 0, 0, 0, -1, 0, -1, 1, 0, 0, 0, 0, 0, 0, 0, 0, 0, 0, 0, 0, 0, 0, 0, 0, 0, 0, 0, 1, NULL);

REPLACE INTO `companion_spells` (`itemId`, `spellId`) VALUES (83302, 57041);

REPLACE INTO `creature_template` (`entry`, `display_id1`, `display_id2`, `display_id3`, `display_id4`, `mount_display_id`, `name`, `subname`, `gossip_menu_id`, `level_min`, `level_max`, `health_min`, `health_max`, `mana_min`, `mana_max`, `armor`, `faction`, `npc_flags`, `speed_walk`, `speed_run`, `scale`, `detection_range`, `call_for_help_range`, `leash_range`, `rank`, `xp_multiplier`, `dmg_min`, `dmg_max`, `dmg_school`, `attack_power`, `dmg_multiplier`, `base_attack_time`, `ranged_attack_time`, `unit_class`, `unit_flags`, `dynamic_flags`, `beast_family`, `trainer_type`, `trainer_spell`, `trainer_class`, `trainer_race`, `ranged_dmg_min`, `ranged_dmg_max`, `ranged_attack_power`, `type`, `type_flags`, `loot_id`, `pickpocket_loot_id`, `skinning_loot_id`, `holy_res`, `fire_res`, `nature_res`, `frost_res`, `shadow_res`, `arcane_res`, `spell_id1`, `spell_id2`, `spell_id3`, `spell_id4`, `spell_list_id`, `pet_spell_list_id`, `spawn_spell_id`, `auras`, `gold_min`, `gold_max`, `ai_name`, `movement_type`, `inhabit_type`, `civilian`, `racial_leader`, `regeneration`, `equipment_id`, `trainer_id`, `vendor_id`, `mechanic_immune_mask`, `school_immune_mask`, `flags_extra`, `phase_quest_id`, `script_name`) VALUES (80609, 18927, 0, 0, 0, 0, 'Lil\' Ragnaros', '', 0, 1, 1, 64, 64, 0, 0, 0, 35, 0, 1, 1.14286, 0.05, 18, 5, 0, 0, 1, 0, 0, 0, 0, 1, 0, 0, 1, 0, 0, 0, 0, 0, 0, 0, 0, 0, 0, 0, 0, 0, 0, 0, 0, 0, 0, 0, 0, 0, 0, 0, 0, 0, 0, 0, 0, NULL, 0, 0, '', 0, 3, 0, 0, 3, 0, 0, 0, 0, 0, 0, 0, '');

REPLACE INTO `creature_display_info_addon` (`display_id`) VALUES (18927);

REPLACE INTO `spell_template` (`entry`, `school`, `category`, `castUI`, `dispel`, `mechanic`, `attributes`, `attributesEx`, `attributesEx2`, `attributesEx3`, `attributesEx4`, `stances`, `stancesNot`, `targets`, `targetCreatureType`, `requiresSpellFocus`, `casterAuraState`, `targetAuraState`, `castingTimeIndex`, `recoveryTime`, `categoryRecoveryTime`, `interruptFlags`, `auraInterruptFlags`, `channelInterruptFlags`, `procFlags`, `procChance`, `procCharges`, `maxLevel`, `baseLevel`, `spellLevel`, `durationIndex`, `powerType`, `manaCost`, `manCostPerLevel`, `manaPerSecond`, `manaPerSecondPerLevel`, `rangeIndex`, `speed`, `modelNextSpell`, `stackAmount`, `totem1`, `totem2`, `reagent1`, `reagent2`, `reagent3`, `reagent4`, `reagent5`, `reagent6`, `reagent7`, `reagent8`, `reagentCount1`, `reagentCount2`, `reagentCount3`, `reagentCount4`, `reagentCount5`, `reagentCount6`, `reagentCount7`, `reagentCount8`, `equippedItemClass`, `equippedItemSubClassMask`, `equippedItemInventoryTypeMask`, `effect1`, `effect2`, `effect3`, `effectDieSides1`, `effectDieSides2`, `effectDieSides3`, `effectBaseDice1`, `effectBaseDice2`, `effectBaseDice3`, `effectDicePerLevel1`, `effectDicePerLevel2`, `effectDicePerLevel3`, `effectRealPointsPerLevel1`, `effectRealPointsPerLevel2`, `effectRealPointsPerLevel3`, `effectBasePoints1`, `effectBasePoints2`, `effectBasePoints3`, `effectBonusCoefficient1`, `effectBonusCoefficient2`, `effectBonusCoefficient3`, `effectMechanic1`, `effectMechanic2`, `effectMechanic3`, `effectImplicitTargetA1`, `effectImplicitTargetA2`, `effectImplicitTargetA3`, `effectImplicitTargetB1`, `effectImplicitTargetB2`, `effectImplicitTargetB3`, `effectRadiusIndex1`, `effectRadiusIndex2`, `effectRadiusIndex3`, `effectApplyAuraName1`, `effectApplyAuraName2`, `effectApplyAuraName3`, `effectAmplitude1`, `effectAmplitude2`, `effectAmplitude3`, `effectMultipleValue1`, `effectMultipleValue2`, `effectMultipleValue3`, `effectChainTarget1`, `effectChainTarget2`, `effectChainTarget3`, `effectItemType1`, `effectItemType2`, `effectItemType3`, `effectMiscValue1`, `effectMiscValue2`, `effectMiscValue3`, `effectTriggerSpell1`, `effectTriggerSpell2`, `effectTriggerSpell3`, `effectPointsPerComboPoint1`, `effectPointsPerComboPoint2`, `effectPointsPerComboPoint3`, `spellVisual1`, `spellVisual2`, `spellIconId`, `activeIconId`, `spellPriority`, `name`, `nameFlags`, `nameSubtext`, `nameSubtextFlags`, `description`, `descriptionFlags`, `auraDescription`, `auraDescriptionFlags`, `manaCostPercentage`, `startRecoveryCategory`, `startRecoveryTime`, `minTargetLevel`, `maxTargetLevel`, `spellFamilyName`, `spellFamilyFlags`, `maxAffectedTargets`, `dmgClass`, `preventionType`, `stanceBarOrder`, `dmgMultiplier1`, `dmgMultiplier2`, `dmgMultiplier3`, `minFactionId`, `minReputation`, `requiredAuraVision`, `customFlags`) VALUES (57041, 0, 0, 0, 0, 0, 272, 0, 0, 0, 0, 0, 0, 0, 0, 0, 0, 0, 4, 0, 0, 31, 0, 0, 0, 101, 0, 0, 0, 0, 21, 0, 0, 0, 0, 0, 1, 0, 0, 0, 0, 0, 0, 0, 0, 0, 0, 0, 0, 0, 0, 0, 0, 0, 0, 0, 0, 0, -1, 0, 0, 97, 0, 0, 1, 0, 0, 1, 0, 0, 0, 0, 0, 0, 0, 0, 0, 0, 0, -1, -1, -1, 0, 0, 0, 32, 0, 0, 0, 0, 0, 0, 0, 0, 0, 0, 0, 0, 0, 0, 1000, 1000, 1000, 0, 0, 0, 0, 0, 0, 80609, 0, 0, 0, 0, 0, 0, 0, 0, 353, 0, 11, 0, 0, 'Lil\' Ragnaros', 4128894, '', 4128892, 'Right Click to summon and dismiss your Lil\' Ragnaros.', 4128894, '', 4128892, 0, 0, 0, 0, 0, 0, 0, 0, 0, 0, -1, 1, 1, 1, 0, 0, 0, 0);

REPLACE INTO `skill_line_ability` (`id`, `skill_id`, `spell_id`, `race_mask`, `class_mask`, `req_skill_value`, `superseded_by_spell`, `learn_on_get_skill`, `max_value`, `min_value`, `req_train_points`) VALUES (36401, 1005, 57041, 0, 0, 1, 0, 0, 0, 0, 0);

UPDATE `item_template` SET `display_id` = 22150 WHERE `entry` = 61091;
UPDATE `item_template` SET `display_id` = 16447 WHERE `entry` = 61188;

-- Toy Train Set  

REPLACE INTO `spell_template` (`entry`, `school`, `category`, `castUI`, `dispel`, `mechanic`, `attributes`, `attributesEx`, `attributesEx2`, `attributesEx3`, `attributesEx4`, `stances`, `stancesNot`, `targets`, `targetCreatureType`, `requiresSpellFocus`, `casterAuraState`, `targetAuraState`, `castingTimeIndex`, `recoveryTime`, `categoryRecoveryTime`, `interruptFlags`, `auraInterruptFlags`, `channelInterruptFlags`, `procFlags`, `procChance`, `procCharges`, `maxLevel`, `baseLevel`, `spellLevel`, `durationIndex`, `powerType`, `manaCost`, `manCostPerLevel`, `manaPerSecond`, `manaPerSecondPerLevel`, `rangeIndex`, `speed`, `modelNextSpell`, `stackAmount`, `totem1`, `totem2`, `reagent1`, `reagent2`, `reagent3`, `reagent4`, `reagent5`, `reagent6`, `reagent7`, `reagent8`, `reagentCount1`, `reagentCount2`, `reagentCount3`, `reagentCount4`, `reagentCount5`, `reagentCount6`, `reagentCount7`, `reagentCount8`, `equippedItemClass`, `equippedItemSubClassMask`, `equippedItemInventoryTypeMask`, `effect1`, `effect2`, `effect3`, `effectDieSides1`, `effectDieSides2`, `effectDieSides3`, `effectBaseDice1`, `effectBaseDice2`, `effectBaseDice3`, `effectDicePerLevel1`, `effectDicePerLevel2`, `effectDicePerLevel3`, `effectRealPointsPerLevel1`, `effectRealPointsPerLevel2`, `effectRealPointsPerLevel3`, `effectBasePoints1`, `effectBasePoints2`, `effectBasePoints3`, `effectBonusCoefficient1`, `effectBonusCoefficient2`, `effectBonusCoefficient3`, `effectMechanic1`, `effectMechanic2`, `effectMechanic3`, `effectImplicitTargetA1`, `effectImplicitTargetA2`, `effectImplicitTargetA3`, `effectImplicitTargetB1`, `effectImplicitTargetB2`, `effectImplicitTargetB3`, `effectRadiusIndex1`, `effectRadiusIndex2`, `effectRadiusIndex3`, `effectApplyAuraName1`, `effectApplyAuraName2`, `effectApplyAuraName3`, `effectAmplitude1`, `effectAmplitude2`, `effectAmplitude3`, `effectMultipleValue1`, `effectMultipleValue2`, `effectMultipleValue3`, `effectChainTarget1`, `effectChainTarget2`, `effectChainTarget3`, `effectItemType1`, `effectItemType2`, `effectItemType3`, `effectMiscValue1`, `effectMiscValue2`, `effectMiscValue3`, `effectTriggerSpell1`, `effectTriggerSpell2`, `effectTriggerSpell3`, `effectPointsPerComboPoint1`, `effectPointsPerComboPoint2`, `effectPointsPerComboPoint3`, `spellVisual1`, `spellVisual2`, `spellIconId`, `activeIconId`, `spellPriority`, `name`, `nameFlags`, `nameSubtext`, `nameSubtextFlags`, `description`, `descriptionFlags`, `auraDescription`, `auraDescriptionFlags`, `manaCostPercentage`, `startRecoveryCategory`, `startRecoveryTime`, `minTargetLevel`, `maxTargetLevel`, `spellFamilyName`, `spellFamilyFlags`, `maxAffectedTargets`, `dmgClass`, `preventionType`, `stanceBarOrder`, `dmgMultiplier1`, `dmgMultiplier2`, `dmgMultiplier3`, `minFactionId`, `minReputation`, `requiredAuraVision`, `customFlags`) VALUES (45840, 0, 0, 0, 0, 0, 0, 0, 0, 0, 0, 0, 0, 0, 0, 0, 0, 0, 1, 0, 0, 0, 0, 0, 0, 101, 0, 0, 0, 0, 0, 0, 0, 0, 0, 0, 1, 0, 0, 0, 0, 0, 0, 0, 0, 0, 0, 0, 0, 0, 0, 0, 0, 0, 0, 0, 0, 0, -1, 0, 0, 3, 0, 0, 0, 0, 0, 0, 0, 0, 0, 0, 0, 0, 0, 0, 0, 0, 0, -1, -1, -1, 0, 0, 0, 1, 0, 0, 0, 0, 0, 0, 0, 0, 0, 0, 0, 0, 0, 0, 0, 0, 0, 0, 0, 0, 0, 0, 0, 0, 0, 0, 0, 0, 0, 0, 0, 0, 0, 0, 1, 0, 0, 'Toy Train Set', 16712190, '', 16712190, 'Set down your Toy Train Set!', 16712190, '', 16712190, 0, 0, 0, 0, 0, 0, 0, 0, 0, 0, -1, 1, 0, 0, 0, 0, 0, 0);

REPLACE INTO `item_template` (`entry`, `class`, `subclass`, `name`, `description`, `display_id`, `quality`, `flags`, `buy_count`, `buy_price`, `sell_price`, `inventory_type`, `allowable_class`, `allowable_race`, `item_level`, `required_level`, `required_skill`, `required_skill_rank`, `required_spell`, `required_honor_rank`, `required_city_rank`, `required_reputation_faction`, `required_reputation_rank`, `max_count`, `stackable`, `container_slots`, `stat_type1`, `stat_value1`, `stat_type2`, `stat_value2`, `stat_type3`, `stat_value3`, `stat_type4`, `stat_value4`, `stat_type5`, `stat_value5`, `stat_type6`, `stat_value6`, `stat_type7`, `stat_value7`, `stat_type8`, `stat_value8`, `stat_type9`, `stat_value9`, `stat_type10`, `stat_value10`, `delay`, `range_mod`, `ammo_type`, `dmg_min1`, `dmg_max1`, `dmg_type1`, `dmg_min2`, `dmg_max2`, `dmg_type2`, `dmg_min3`, `dmg_max3`, `dmg_type3`, `dmg_min4`, `dmg_max4`, `dmg_type4`, `dmg_min5`, `dmg_max5`, `dmg_type5`, `block`, `armor`, `holy_res`, `fire_res`, `nature_res`, `frost_res`, `shadow_res`, `arcane_res`, `spellid_1`, `spelltrigger_1`, `spellcharges_1`, `spellppmrate_1`, `spellcooldown_1`, `spellcategory_1`, `spellcategorycooldown_1`, `spellid_2`, `spelltrigger_2`, `spellcharges_2`, `spellppmrate_2`, `spellcooldown_2`, `spellcategory_2`, `spellcategorycooldown_2`, `spellid_3`, `spelltrigger_3`, `spellcharges_3`, `spellppmrate_3`, `spellcooldown_3`, `spellcategory_3`, `spellcategorycooldown_3`, `spellid_4`, `spelltrigger_4`, `spellcharges_4`, `spellppmrate_4`, `spellcooldown_4`, `spellcategory_4`, `spellcategorycooldown_4`, `spellid_5`, `spelltrigger_5`, `spellcharges_5`, `spellppmrate_5`, `spellcooldown_5`, `spellcategory_5`, `spellcategorycooldown_5`, `bonding`, `page_text`, `page_language`, `page_material`, `start_quest`, `lock_id`, `material`, `sheath`, `random_property`, `set_id`, `max_durability`, `area_bound`, `map_bound`, `duration`, `bag_family`, `disenchant_id`, `food_type`, `min_money_loot`, `max_money_loot`, `extra_flags`, `other_team_entry`, `script_name`) VALUES (51255, 15, 0, 'Toy Train Set', 'All Aboard!', 11449, 2, 64, 1, 0, 0, 0, -1, -1, 0, 0, 0, 0, 0, 0, 0, 0, 0, 0, 20, 0, 0, 0, 0, 0, 0, 0, 0, 0, 0, 0, 0, 0, 0, 0, 0, 0, 0, 0, 0, 0, 0, 0, 0, 0, 0, 0, 0, 0, 0, 0, 0, 0, 0, 0, 0, 0, 0, 0, 0, 0, 0, 0, 0, 0, 0, 0, 45840, 0, 0, 0, 1800000, 0, -1, 0, 0, 0, 0, -1, 0, -1, 0, 0, 0, 0, -1, 0, -1, 0, 0, 0, 0, -1, 0, -1, 0, 0, 0, 0, -1, 0, -1, 1, 0, 0, 0, 0, 0, 0, 0, 0, 0, 0, 0, 0, 0, 0, 0, 0, 0, 0, 0, 1, NULL);

-- Winter Veil Tree fixes: 

UPDATE `item_template` SET `spellid_1` = 46038, `spellcooldown_1` = 1800000, `max_count` = 1, `stackable` = 0 WHERE `entry` = 51250;

-- Winter Veil music roll: 

REPLACE INTO `item_template` (`entry`, `class`, `subclass`, `name`, `description`, `display_id`, `quality`, `flags`, `buy_count`, `buy_price`, `sell_price`, `inventory_type`, `allowable_class`, `allowable_race`, `item_level`, `required_level`, `required_skill`, `required_skill_rank`, `required_spell`, `required_honor_rank`, `required_city_rank`, `required_reputation_faction`, `required_reputation_rank`, `max_count`, `stackable`, `container_slots`, `stat_type1`, `stat_value1`, `stat_type2`, `stat_value2`, `stat_type3`, `stat_value3`, `stat_type4`, `stat_value4`, `stat_type5`, `stat_value5`, `stat_type6`, `stat_value6`, `stat_type7`, `stat_value7`, `stat_type8`, `stat_value8`, `stat_type9`, `stat_value9`, `stat_type10`, `stat_value10`, `delay`, `range_mod`, `ammo_type`, `dmg_min1`, `dmg_max1`, `dmg_type1`, `dmg_min2`, `dmg_max2`, `dmg_type2`, `dmg_min3`, `dmg_max3`, `dmg_type3`, `dmg_min4`, `dmg_max4`, `dmg_type4`, `dmg_min5`, `dmg_max5`, `dmg_type5`, `block`, `armor`, `holy_res`, `fire_res`, `nature_res`, `frost_res`, `shadow_res`, `arcane_res`, `spellid_1`, `spelltrigger_1`, `spellcharges_1`, `spellppmrate_1`, `spellcooldown_1`, `spellcategory_1`, `spellcategorycooldown_1`, `spellid_2`, `spelltrigger_2`, `spellcharges_2`, `spellppmrate_2`, `spellcooldown_2`, `spellcategory_2`, `spellcategorycooldown_2`, `spellid_3`, `spelltrigger_3`, `spellcharges_3`, `spellppmrate_3`, `spellcooldown_3`, `spellcategory_3`, `spellcategorycooldown_3`, `spellid_4`, `spelltrigger_4`, `spellcharges_4`, `spellppmrate_4`, `spellcooldown_4`, `spellcategory_4`, `spellcategorycooldown_4`, `spellid_5`, `spelltrigger_5`, `spellcharges_5`, `spellppmrate_5`, `spellcooldown_5`, `spellcategory_5`, `spellcategorycooldown_5`, `bonding`, `page_text`, `page_language`, `page_material`, `start_quest`, `lock_id`, `material`, `sheath`, `random_property`, `set_id`, `max_durability`, `area_bound`, `map_bound`, `duration`, `bag_family`, `disenchant_id`, `food_type`, `min_money_loot`, `max_money_loot`, `extra_flags`, `other_team_entry`, `script_name`) VALUES (70095 , 15, 0, 'Music: Snowing in the Vale', 'turtle-wow.org/music', 40139, 2, 0, 1, 0, 0, 0, -1, -1, 50, 0, 0, 0, 0, 0, 0, 0, 0, 1, 1, 0, 0, 0, 0, 0, 0, 0, 0, 0, 0, 0, 0, 0, 0, 0, 0, 0, 0, 0, 0, 0, 1300, 0, 0, 0, 0, 0, 0, 0, 0, 0, 0, 0, 0, 0, 0, 0, 0, 0, 0, 0, 0, 0, 0, 0, 0, 0, 56066, 0, 0, 0, 300, 0, -1, 0, 0, 0, 0, -1, 0, -1, 0, 0, 0, 0, -1, 0, -1, 0, 0, 0, 0, -1, 0, -1, 0, 0, 0, 0, -1, 0, -1, 1, 0, 0, 0, 0, 0, 0, 0, 0, 0, 0, 0, 0, 0, 0, 0, 0, 0, 0, 0, 1, '');

UPDATE `quest_template` SET `RewItemId2` = 51255 WHERE `entry` = 40748;

-- FIX DEFAULT NPC SPAWNTIMERS:

update creature set spawntimesecsmin = 300, spawntimesecsmax = 300 where guid > 2569245 and spawntimesecsmin = 25;
update creature set spawntimesecsmin = 280, spawntimesecsmax = 300 where guid > 2569245 and spawntimesecsmin = 120;

UPDATE `creature` SET `spawntimesecsmin` = 54000, `spawntimesecsmax` = 108000 WHERE `id` = 50112;

UPDATE `creature_template` SET `skinning_loot_id` = 9164 WHERE `name` in ('Abominable Snow Yeti', 'Venomflayer Serpent', 'Venomflayer Screecher', 'Highvale Gorilla', 'Highvale Chimpanzee', 'Highvale Monkey', 'Elder Highvale Gorilla', 'Highvale Thunderer', 'Brushtail Cobra', 'Brushtail Adder', 'Gravelhide Basilisk', 'King Morogo Thunderfoot');

REPLACE INTO `skinning_loot_template` (`entry`, `item`, `ChanceOrQuestChance`, `groupid`, `mincountOrRef`, `maxcount`, `condition_id`) VALUES (60909, 4234, 76.6857, 1, 1, 1, 0);
REPLACE INTO `skinning_loot_template` (`entry`, `item`, `ChanceOrQuestChance`, `groupid`, `mincountOrRef`, `maxcount`, `condition_id`) VALUES (60909, 4235, 3.047, 1, 1, 1, 0);
REPLACE INTO `skinning_loot_template` (`entry`, `item`, `ChanceOrQuestChance`, `groupid`, `mincountOrRef`, `maxcount`, `condition_id`) VALUES (60909, 4304, 20.2673, 1, 1, 1, 0);
REPLACE INTO `skinning_loot_template` (`entry`, `item`, `ChanceOrQuestChance`, `groupid`, `mincountOrRef`, `maxcount`, `condition_id`) VALUES (60909, 15415, 1.567, 2, 1, 1, 0);

UPDATE `creature_template` SET `skinning_loot_id` = 60909 WHERE `name` in ('Azurescale Whelp', 'Azurescale Manaweaver', 'Drathos Runebreaker');

REPLACE INTO `item_template` (`entry`, `class`, `subclass`, `name`, `description`, `display_id`, `quality`, `flags`, `buy_count`, `buy_price`, `sell_price`, `inventory_type`, `allowable_class`, `allowable_race`, `item_level`, `required_level`, `required_skill`, `required_skill_rank`, `required_spell`, `required_honor_rank`, `required_city_rank`, `required_reputation_faction`, `required_reputation_rank`, `max_count`, `stackable`, `container_slots`, `stat_type1`, `stat_value1`, `stat_type2`, `stat_value2`, `stat_type3`, `stat_value3`, `stat_type4`, `stat_value4`, `stat_type5`, `stat_value5`, `stat_type6`, `stat_value6`, `stat_type7`, `stat_value7`, `stat_type8`, `stat_value8`, `stat_type9`, `stat_value9`, `stat_type10`, `stat_value10`, `delay`, `range_mod`, `ammo_type`, `dmg_min1`, `dmg_max1`, `dmg_type1`, `dmg_min2`, `dmg_max2`, `dmg_type2`, `dmg_min3`, `dmg_max3`, `dmg_type3`, `dmg_min4`, `dmg_max4`, `dmg_type4`, `dmg_min5`, `dmg_max5`, `dmg_type5`, `block`, `armor`, `holy_res`, `fire_res`, `nature_res`, `frost_res`, `shadow_res`, `arcane_res`, `spellid_1`, `spelltrigger_1`, `spellcharges_1`, `spellppmrate_1`, `spellcooldown_1`, `spellcategory_1`, `spellcategorycooldown_1`, `spellid_2`, `spelltrigger_2`, `spellcharges_2`, `spellppmrate_2`, `spellcooldown_2`, `spellcategory_2`, `spellcategorycooldown_2`, `spellid_3`, `spelltrigger_3`, `spellcharges_3`, `spellppmrate_3`, `spellcooldown_3`, `spellcategory_3`, `spellcategorycooldown_3`, `spellid_4`, `spelltrigger_4`, `spellcharges_4`, `spellppmrate_4`, `spellcooldown_4`, `spellcategory_4`, `spellcategorycooldown_4`, `spellid_5`, `spelltrigger_5`, `spellcharges_5`, `spellppmrate_5`, `spellcooldown_5`, `spellcategory_5`, `spellcategorycooldown_5`, `bonding`, `page_text`, `page_language`, `page_material`, `start_quest`, `lock_id`, `material`, `sheath`, `random_property`, `set_id`, `max_durability`, `area_bound`, `map_bound`, `duration`, `bag_family`, `disenchant_id`, `food_type`, `min_money_loot`, `max_money_loot`, `extra_flags`, `other_team_entry`, `script_name`) VALUES (61089, 1, 0, 'The Great Sack of Winter Veil', '', 4056, 3, 0, 1, 0, 0, 18, -1, -1, 62, 0, 0, 0, 0, 0, 0, 0, 0, 0, 1, 20, 0, 0, 0, 0, 0, 0, 0, 0, 0, 0, 0, 0, 0, 0, 0, 0, 0, 0, 0, 0, 0, 0, 0, 0, 0, 0, 0, 0, 0, 0, 0, 0, 0, 0, 0, 0, 0, 0, 0, 0, 0, 0, 0, 0, 0, 0, 0, 0, 0, 0, -1, 0, -1, 0, 0, 0, 0, -1, 0, -1, 0, 0, 0, 0, -1, 0, -1, 0, 0, 0, 0, -1, 0, -1, 0, 0, 0, 0, 0, 0, 0, 2, 0, 0, 0, 0, 0, 8, 0, 0, 0, 0, 0, 0, 0, 0, 0, 0, 0, 0, 0, 1, NULL);
UPDATE `item_template` SET `bonding` = 1 WHERE `entry` = 61089;

UPDATE `quest_template` SET `RewItemId1` = 0, `RewItemCount1` = 0 WHERE `entry` = 40779;
UPDATE `quest_template` SET `RewItemId1` = 61089 WHERE `entry` = 50330;