-- Add a reward for turning in low level AB marks too.
REPLACE INTO `item_template` (`entry`, `class`, `subclass`, `name`, `description`, `display_id`, `quality`, `flags`, `buy_count`, `buy_price`, `sell_price`, `inventory_type`, `allowable_class`, `allowable_race`, `item_level`, `required_level`, `required_skill`, `required_skill_rank`, `required_spell`, `required_honor_rank`, `required_city_rank`, `required_reputation_faction`, `required_reputation_rank`, `max_count`, `stackable`, `container_slots`, `stat_type1`, `stat_value1`, `stat_type2`, `stat_value2`, `stat_type3`, `stat_value3`, `stat_type4`, `stat_value4`, `stat_type5`, `stat_value5`, `stat_type6`, `stat_value6`, `stat_type7`, `stat_value7`, `stat_type8`, `stat_value8`, `stat_type9`, `stat_value9`, `stat_type10`, `stat_value10`, `delay`, `range_mod`, `ammo_type`, `dmg_min1`, `dmg_max1`, `dmg_type1`, `dmg_min2`, `dmg_max2`, `dmg_type2`, `dmg_min3`, `dmg_max3`, `dmg_type3`, `dmg_min4`, `dmg_max4`, `dmg_type4`, `dmg_min5`, `dmg_max5`, `dmg_type5`, `block`, `armor`, `holy_res`, `fire_res`, `nature_res`, `frost_res`, `shadow_res`, `arcane_res`, `spellid_1`, `spelltrigger_1`, `spellcharges_1`, `spellppmrate_1`, `spellcooldown_1`, `spellcategory_1`, `spellcategorycooldown_1`, `spellid_2`, `spelltrigger_2`, `spellcharges_2`, `spellppmrate_2`, `spellcooldown_2`, `spellcategory_2`, `spellcategorycooldown_2`, `spellid_3`, `spelltrigger_3`, `spellcharges_3`, `spellppmrate_3`, `spellcooldown_3`, `spellcategory_3`, `spellcategorycooldown_3`, `spellid_4`, `spelltrigger_4`, `spellcharges_4`, `spellppmrate_4`, `spellcooldown_4`, `spellcategory_4`, `spellcategorycooldown_4`, `spellid_5`, `spelltrigger_5`, `spellcharges_5`, `spellppmrate_5`, `spellcooldown_5`, `spellcategory_5`, `spellcategorycooldown_5`, `bonding`, `page_text`, `page_language`, `page_material`, `start_quest`, `lock_id`, `material`, `sheath`, `random_property`, `set_id`, `max_durability`, `area_bound`, `map_bound`, `duration`, `bag_family`, `disenchant_id`, `food_type`, `min_money_loot`, `max_money_loot`, `extra_flags`, `other_team_entry`, `script_name`) VALUES (50182, 0, 0, 'Arathi Basin Resource Crate', '', 11449, 1, 4, 1, 0, 0, 0, 2047, -1, 1, 20, 0, 0, 0, 0, 0, 0, 0, 1, 1, 0, 0, 0, 0, 0, 0, 0, 0, 0, 0, 0, 0, 0, 0, 0, 0, 0, 0, 0, 0, 0, 0, 0, 0, 0, 0, 0, 0, 0, 0, 0, 0, 0, 0, 0, 0, 0, 0, 0, 0, 0, 0, 0, 0, 0, 0, 0, 0, 0, 0, 0, -1, 0, -1, 0, 0, 0, 0, -1, 0, -1, 0, 0, 0, 0, -1, 0, -1, 0, 0, 0, 0, -1, 0, -1, 0, 0, 0, 0, 0, 0, 0, 1, 0, 0, 0, 0, 0, -1, 0, 0, 0, 0, 0, 0, 0, 0, 0, 0, 0, 0, 0, 1, NULL);
REPLACE INTO `item_template` (`entry`, `class`, `subclass`, `name`, `description`, `display_id`, `quality`, `flags`, `buy_count`, `buy_price`, `sell_price`, `inventory_type`, `allowable_class`, `allowable_race`, `item_level`, `required_level`, `required_skill`, `required_skill_rank`, `required_spell`, `required_honor_rank`, `required_city_rank`, `required_reputation_faction`, `required_reputation_rank`, `max_count`, `stackable`, `container_slots`, `stat_type1`, `stat_value1`, `stat_type2`, `stat_value2`, `stat_type3`, `stat_value3`, `stat_type4`, `stat_value4`, `stat_type5`, `stat_value5`, `stat_type6`, `stat_value6`, `stat_type7`, `stat_value7`, `stat_type8`, `stat_value8`, `stat_type9`, `stat_value9`, `stat_type10`, `stat_value10`, `delay`, `range_mod`, `ammo_type`, `dmg_min1`, `dmg_max1`, `dmg_type1`, `dmg_min2`, `dmg_max2`, `dmg_type2`, `dmg_min3`, `dmg_max3`, `dmg_type3`, `dmg_min4`, `dmg_max4`, `dmg_type4`, `dmg_min5`, `dmg_max5`, `dmg_type5`, `block`, `armor`, `holy_res`, `fire_res`, `nature_res`, `frost_res`, `shadow_res`, `arcane_res`, `spellid_1`, `spelltrigger_1`, `spellcharges_1`, `spellppmrate_1`, `spellcooldown_1`, `spellcategory_1`, `spellcategorycooldown_1`, `spellid_2`, `spelltrigger_2`, `spellcharges_2`, `spellppmrate_2`, `spellcooldown_2`, `spellcategory_2`, `spellcategorycooldown_2`, `spellid_3`, `spelltrigger_3`, `spellcharges_3`, `spellppmrate_3`, `spellcooldown_3`, `spellcategory_3`, `spellcategorycooldown_3`, `spellid_4`, `spelltrigger_4`, `spellcharges_4`, `spellppmrate_4`, `spellcooldown_4`, `spellcategory_4`, `spellcategorycooldown_4`, `spellid_5`, `spelltrigger_5`, `spellcharges_5`, `spellppmrate_5`, `spellcooldown_5`, `spellcategory_5`, `spellcategorycooldown_5`, `bonding`, `page_text`, `page_language`, `page_material`, `start_quest`, `lock_id`, `material`, `sheath`, `random_property`, `set_id`, `max_durability`, `area_bound`, `map_bound`, `duration`, `bag_family`, `disenchant_id`, `food_type`, `min_money_loot`, `max_money_loot`, `extra_flags`, `other_team_entry`, `script_name`) VALUES (50183, 0, 0, 'Arathi Basin Resource Crate', '', 11449, 1, 4, 1, 0, 0, 0, 2047, -1, 1, 30, 0, 0, 0, 0, 0, 0, 0, 1, 1, 0, 0, 0, 0, 0, 0, 0, 0, 0, 0, 0, 0, 0, 0, 0, 0, 0, 0, 0, 0, 0, 0, 0, 0, 0, 0, 0, 0, 0, 0, 0, 0, 0, 0, 0, 0, 0, 0, 0, 0, 0, 0, 0, 0, 0, 0, 0, 0, 0, 0, 0, -1, 0, -1, 0, 0, 0, 0, -1, 0, -1, 0, 0, 0, 0, -1, 0, -1, 0, 0, 0, 0, -1, 0, -1, 0, 0, 0, 0, 0, 0, 0, 1, 0, 0, 0, 0, 0, -1, 0, 0, 0, 0, 0, 0, 0, 0, 0, 0, 0, 0, 0, 1, NULL);
REPLACE INTO `item_template` (`entry`, `class`, `subclass`, `name`, `description`, `display_id`, `quality`, `flags`, `buy_count`, `buy_price`, `sell_price`, `inventory_type`, `allowable_class`, `allowable_race`, `item_level`, `required_level`, `required_skill`, `required_skill_rank`, `required_spell`, `required_honor_rank`, `required_city_rank`, `required_reputation_faction`, `required_reputation_rank`, `max_count`, `stackable`, `container_slots`, `stat_type1`, `stat_value1`, `stat_type2`, `stat_value2`, `stat_type3`, `stat_value3`, `stat_type4`, `stat_value4`, `stat_type5`, `stat_value5`, `stat_type6`, `stat_value6`, `stat_type7`, `stat_value7`, `stat_type8`, `stat_value8`, `stat_type9`, `stat_value9`, `stat_type10`, `stat_value10`, `delay`, `range_mod`, `ammo_type`, `dmg_min1`, `dmg_max1`, `dmg_type1`, `dmg_min2`, `dmg_max2`, `dmg_type2`, `dmg_min3`, `dmg_max3`, `dmg_type3`, `dmg_min4`, `dmg_max4`, `dmg_type4`, `dmg_min5`, `dmg_max5`, `dmg_type5`, `block`, `armor`, `holy_res`, `fire_res`, `nature_res`, `frost_res`, `shadow_res`, `arcane_res`, `spellid_1`, `spelltrigger_1`, `spellcharges_1`, `spellppmrate_1`, `spellcooldown_1`, `spellcategory_1`, `spellcategorycooldown_1`, `spellid_2`, `spelltrigger_2`, `spellcharges_2`, `spellppmrate_2`, `spellcooldown_2`, `spellcategory_2`, `spellcategorycooldown_2`, `spellid_3`, `spelltrigger_3`, `spellcharges_3`, `spellppmrate_3`, `spellcooldown_3`, `spellcategory_3`, `spellcategorycooldown_3`, `spellid_4`, `spelltrigger_4`, `spellcharges_4`, `spellppmrate_4`, `spellcooldown_4`, `spellcategory_4`, `spellcategorycooldown_4`, `spellid_5`, `spelltrigger_5`, `spellcharges_5`, `spellppmrate_5`, `spellcooldown_5`, `spellcategory_5`, `spellcategorycooldown_5`, `bonding`, `page_text`, `page_language`, `page_material`, `start_quest`, `lock_id`, `material`, `sheath`, `random_property`, `set_id`, `max_durability`, `area_bound`, `map_bound`, `duration`, `bag_family`, `disenchant_id`, `food_type`, `min_money_loot`, `max_money_loot`, `extra_flags`, `other_team_entry`, `script_name`) VALUES (50184, 0, 0, 'Arathi Basin Resource Crate', '', 11449, 1, 4, 1, 0, 0, 0, 2047, -1, 1, 40, 0, 0, 0, 0, 0, 0, 0, 1, 1, 0, 0, 0, 0, 0, 0, 0, 0, 0, 0, 0, 0, 0, 0, 0, 0, 0, 0, 0, 0, 0, 0, 0, 0, 0, 0, 0, 0, 0, 0, 0, 0, 0, 0, 0, 0, 0, 0, 0, 0, 0, 0, 0, 0, 0, 0, 0, 0, 0, 0, 0, -1, 0, -1, 0, 0, 0, 0, -1, 0, -1, 0, 0, 0, 0, -1, 0, -1, 0, 0, 0, 0, -1, 0, -1, 0, 0, 0, 0, 0, 0, 0, 1, 0, 0, 0, 0, 0, -1, 0, 0, 0, 0, 0, 0, 0, 0, 0, 0, 0, 0, 0, 1, NULL);
REPLACE INTO `item_template` (`entry`, `class`, `subclass`, `name`, `description`, `display_id`, `quality`, `flags`, `buy_count`, `buy_price`, `sell_price`, `inventory_type`, `allowable_class`, `allowable_race`, `item_level`, `required_level`, `required_skill`, `required_skill_rank`, `required_spell`, `required_honor_rank`, `required_city_rank`, `required_reputation_faction`, `required_reputation_rank`, `max_count`, `stackable`, `container_slots`, `stat_type1`, `stat_value1`, `stat_type2`, `stat_value2`, `stat_type3`, `stat_value3`, `stat_type4`, `stat_value4`, `stat_type5`, `stat_value5`, `stat_type6`, `stat_value6`, `stat_type7`, `stat_value7`, `stat_type8`, `stat_value8`, `stat_type9`, `stat_value9`, `stat_type10`, `stat_value10`, `delay`, `range_mod`, `ammo_type`, `dmg_min1`, `dmg_max1`, `dmg_type1`, `dmg_min2`, `dmg_max2`, `dmg_type2`, `dmg_min3`, `dmg_max3`, `dmg_type3`, `dmg_min4`, `dmg_max4`, `dmg_type4`, `dmg_min5`, `dmg_max5`, `dmg_type5`, `block`, `armor`, `holy_res`, `fire_res`, `nature_res`, `frost_res`, `shadow_res`, `arcane_res`, `spellid_1`, `spelltrigger_1`, `spellcharges_1`, `spellppmrate_1`, `spellcooldown_1`, `spellcategory_1`, `spellcategorycooldown_1`, `spellid_2`, `spelltrigger_2`, `spellcharges_2`, `spellppmrate_2`, `spellcooldown_2`, `spellcategory_2`, `spellcategorycooldown_2`, `spellid_3`, `spelltrigger_3`, `spellcharges_3`, `spellppmrate_3`, `spellcooldown_3`, `spellcategory_3`, `spellcategorycooldown_3`, `spellid_4`, `spelltrigger_4`, `spellcharges_4`, `spellppmrate_4`, `spellcooldown_4`, `spellcategory_4`, `spellcategorycooldown_4`, `spellid_5`, `spelltrigger_5`, `spellcharges_5`, `spellppmrate_5`, `spellcooldown_5`, `spellcategory_5`, `spellcategorycooldown_5`, `bonding`, `page_text`, `page_language`, `page_material`, `start_quest`, `lock_id`, `material`, `sheath`, `random_property`, `set_id`, `max_durability`, `area_bound`, `map_bound`, `duration`, `bag_family`, `disenchant_id`, `food_type`, `min_money_loot`, `max_money_loot`, `extra_flags`, `other_team_entry`, `script_name`) VALUES (50185, 0, 0, 'Arathi Basin Resource Crate', '', 11449, 1, 4, 1, 0, 0, 0, 2047, -1, 1, 50, 0, 0, 0, 0, 0, 0, 0, 1, 1, 0, 0, 0, 0, 0, 0, 0, 0, 0, 0, 0, 0, 0, 0, 0, 0, 0, 0, 0, 0, 0, 0, 0, 0, 0, 0, 0, 0, 0, 0, 0, 0, 0, 0, 0, 0, 0, 0, 0, 0, 0, 0, 0, 0, 0, 0, 0, 0, 0, 0, 0, -1, 0, -1, 0, 0, 0, 0, -1, 0, -1, 0, 0, 0, 0, -1, 0, -1, 0, 0, 0, 0, -1, 0, -1, 0, 0, 0, 0, 0, 0, 0, 1, 0, 0, 0, 0, 0, -1, 0, 0, 0, 0, 0, 0, 0, 0, 0, 0, 0, 0, 0, 1, NULL);
-- Level 20
DELETE FROM `item_loot_template` WHERE `entry`=50182;
INSERT INTO `item_loot_template` (`entry`, `item`, `ChanceOrQuestChance`, `groupid`, `mincountOrRef`, `maxcount`, `condition_id`) VALUES 
(50182, 1210, 10, 0, 1, 1, 0), -- Gem
(50182, 2836, 20, 0, 1, 3, 0), -- Stone
(50182, 3770, 50, 0, 10, 10, 0), -- Food
(50182, 5503, 20, 0, 1, 3, 0), -- Clam
(50182, 30558, 5, 1, -30558, 1, 0),
(50182, 785, 0, 2, 5, 5, 0), -- Herb
(50182, 2997, 0, 2, 1, 1, 0), -- Cloth
(50182, 3576, 0, 2, 5, 5, 0), -- Ore
(50182, 4233, 0, 2, 1, 1, 0); -- Hide
-- Level 30
DELETE FROM `item_loot_template` WHERE `entry`=50183;
INSERT INTO `item_loot_template` (`entry`, `item`, `ChanceOrQuestChance`, `groupid`, `mincountOrRef`, `maxcount`, `condition_id`) VALUES 
(50183, 1705, 10, 0, 1, 1, 0), -- Gem
(50183, 2838, 20, 0, 1, 3, 0), -- Stone
(50183, 3771, 50, 0, 10, 10, 0), -- Food
(50183, 5504, 20, 0, 1, 3, 0), -- Clam
(50183, 30558, 5, 1, -30558, 1, 0),
(50183, 2453, 0, 2, 5, 5, 0), -- Herb
(50183, 4305, 0, 2, 1, 1, 0), -- Cloth
(50183, 3575, 0, 2, 5, 5, 0), -- Ore
(50183, 4236, 0, 2, 1, 1, 0); -- Hide
-- Level 40
DELETE FROM `item_loot_template` WHERE `entry`=50184;
INSERT INTO `item_loot_template` (`entry`, `item`, `ChanceOrQuestChance`, `groupid`, `mincountOrRef`, `maxcount`, `condition_id`) VALUES 
(50184, 1529, 10, 0, 1, 1, 0), -- Gem
(50184, 7912, 20, 0, 1, 3, 0), -- Stone
(50184, 4599, 50, 0, 10, 10, 0), -- Food
(50184, 4655, 20, 0, 1, 3, 0), -- Clam
(50184, 30558, 5, 1, -30558, 1, 0),
(50184, 3356, 0, 2, 5, 5, 0), -- Herb
(50184, 4339, 0, 2, 1, 1, 0), -- Cloth
(50184, 3860, 0, 2, 5, 5, 0), -- Ore
(50184, 8172, 0, 2, 1, 1, 0); -- Hide
-- Level 50
DELETE FROM `item_loot_template` WHERE `entry`=50185;
INSERT INTO `item_loot_template` (`entry`, `item`, `ChanceOrQuestChance`, `groupid`, `mincountOrRef`, `maxcount`, `condition_id`) VALUES 
(50185, 3864, 10, 0, 1, 1, 0), -- Gem
(50185, 12365, 20, 0, 1, 3, 0), -- Stone
(50185, 11444, 50, 0, 10, 10, 0), -- Food
(50185, 7974, 20, 0, 1, 3, 0), -- Clam
(50185, 30558, 5, 1, -30558, 1, 0),
(50185, 3818, 0, 2, 5, 5, 0), -- Herb
(50185, 14048, 0, 2, 1, 1, 0), -- Cloth
(50185, 12359, 0, 2, 5, 5, 0), -- Ore
(50185, 8171, 0, 2, 5, 5, 0); -- Hide
-- Shared Low Chance Utility Item
DELETE FROM `reference_loot_template` WHERE `entry`=30558;
INSERT INTO `reference_loot_template` (`entry`, `item`, `ChanceOrQuestChance`, `groupid`, `mincountOrRef`, `maxcount`, `condition_id`) VALUES 
(30558, 835, 0, 1, 1, 1, 0),
(30558, 1178, 0, 1, 1, 1, 0),
(30558, 1400, 0, 1, 1, 1, 0),
(30558, 2091, 0, 1, 1, 1, 0),
(30558, 2459, 0, 1, 1, 1, 0),
(30558, 2633, 0, 1, 1, 1, 0),
(30558, 5823, 0, 1, 1, 1, 0),
(30558, 5951, 0, 1, 1, 1, 0),
(30558, 6657, 0, 1, 1, 1, 0),
(30558, 22193, 0, 1, 1, 1, 0);
-- Assign items to alliance quests.
UPDATE `quest_template` SET `RewItemId1`=50182, `RewItemCount1`=1 WHERE `entry` IN (8384, 8374);
UPDATE `quest_template` SET `RewItemId1`=50183, `RewItemCount1`=1 WHERE `entry` IN (8393, 8391);
UPDATE `quest_template` SET `RewItemId1`=50184, `RewItemCount1`=1 WHERE `entry` IN (8394, 8392);
UPDATE `quest_template` SET `RewItemId1`=50185, `RewItemCount1`=1 WHERE `entry` IN (8397, 8395);
-- Assign items to alliance quests.
UPDATE `quest_template` SET `RewItemId1`=50182, `RewItemCount1`=1 WHERE `entry` IN (8390, 8370);
UPDATE `quest_template` SET `RewItemId1`=50183, `RewItemCount1`=1 WHERE `entry` IN (8436, 8440);
UPDATE `quest_template` SET `RewItemId1`=50184, `RewItemCount1`=1 WHERE `entry` IN (8437, 8441);
UPDATE `quest_template` SET `RewItemId1`=50185, `RewItemCount1`=1 WHERE `entry` IN (8438, 8442);

-- Add sharpening stones to WSG boxes.
REPLACE INTO `item_loot_template` (`entry`, `item`, `ChanceOrQuestChance`, `groupid`, `mincountOrRef`, `maxcount`, `condition_id`) VALUES 
-- Levels 10-19
(50172, 3239, 20, 0, 1, 1, 0),
(50173, 2862, 20, 0, 1, 1, 0),
-- Levels 20-29
(50174, 3240, 20, 0, 1, 1, 0),
(50175, 2863, 20, 0, 1, 1, 0),
-- Levels 30-39
(50176, 3241, 20, 0, 1, 1, 0),
(50177, 2871, 20, 0, 1, 1, 0),
-- Levels 40-49
(50178, 7965, 20, 0, 1, 1, 0),
(50179, 7964, 20, 0, 1, 1, 0),
-- Levels 50-59
(50180, 7965, 30, 0, 1, 1, 0),
(50181, 7964, 30, 0, 1, 1, 0);
