-- Item: Jungle Venom Gland #3124
delete from creature_loot_template where entry = 9776 and item = 60250;
-- Item: Scalding Flamekin Heart #3125
delete from creature_loot_template where entry = 91966 and item = 60712;
-- Item: Junglepaw Fang #3123
delete from creature_loot_template where entry = 2522 and item = 60248;
-- Head of Bazil Thredd shouldn't be dropped from goblins in STV #2998.
delete from creature_loot_template where entry = 921 and item = 2926;
-- https://database.turtle-wow.org/?item=61153 should onyl drop for alliance.
update item_template set allowable_race = 589 where entry = 61153;
-- Set respawn timer of Carver Molson to 5m.
update creature set spawntimesecsmin = 300, spawntimesecsmax = 300 where ID = 60878;
-- Quest 80411 is offered as NextQuestInChain from  quest 80410, yet the quest is not available to a Level 60 High Elf Paladin. All criteria should be met for the quest.
update quest_template set maxlevel = 0 where entry = 80411;

-- Unique loot table for NPC Venomous Jungle Serpent added.
update creature_template set loot_id = 91966 where entry = 91966;
REPLACE INTO `creature_loot_template` (`entry`, `item`, `ChanceOrQuestChance`, `groupid`, `mincountOrRef`, `maxcount`, `condition_id`) VALUES (91966, 3858, 0.02, 0, 1, 1, 0);
REPLACE INTO `creature_loot_template` (`entry`, `item`, `ChanceOrQuestChance`, `groupid`, `mincountOrRef`, `maxcount`, `condition_id`) VALUES (91966, 4425, 0.58, 0, 1, 1, 0);
REPLACE INTO `creature_loot_template` (`entry`, `item`, `ChanceOrQuestChance`, `groupid`, `mincountOrRef`, `maxcount`, `condition_id`) VALUES (91966, 4426, 0.56, 0, 1, 1, 0);
REPLACE INTO `creature_loot_template` (`entry`, `item`, `ChanceOrQuestChance`, `groupid`, `mincountOrRef`, `maxcount`, `condition_id`) VALUES (91966, 7068, 1.8454, 0, 1, 1, 0);
REPLACE INTO `creature_loot_template` (`entry`, `item`, `ChanceOrQuestChance`, `groupid`, `mincountOrRef`, `maxcount`, `condition_id`) VALUES (91966, 8146, 6.3437, 0, 1, 1, 0);
REPLACE INTO `creature_loot_template` (`entry`, `item`, `ChanceOrQuestChance`, `groupid`, `mincountOrRef`, `maxcount`, `condition_id`) VALUES (91966, 8766, 2.0761, 0, 1, 1, 0);
REPLACE INTO `creature_loot_template` (`entry`, `item`, `ChanceOrQuestChance`, `groupid`, `mincountOrRef`, `maxcount`, `condition_id`) VALUES (91966, 8952, 4.1522, 0, 1, 1, 0);
REPLACE INTO `creature_loot_template` (`entry`, `item`, `ChanceOrQuestChance`, `groupid`, `mincountOrRef`, `maxcount`, `condition_id`) VALUES (91966, 10305, 0.62, 0, 1, 1, 0);
REPLACE INTO `creature_loot_template` (`entry`, `item`, `ChanceOrQuestChance`, `groupid`, `mincountOrRef`, `maxcount`, `condition_id`) VALUES (91966, 10306, 0.44, 0, 1, 1, 0);
REPLACE INTO `creature_loot_template` (`entry`, `item`, `ChanceOrQuestChance`, `groupid`, `mincountOrRef`, `maxcount`, `condition_id`) VALUES (91966, 10620, 0.02, 0, 1, 1, 0);
REPLACE INTO `creature_loot_template` (`entry`, `item`, `ChanceOrQuestChance`, `groupid`, `mincountOrRef`, `maxcount`, `condition_id`) VALUES (91966, 13443, 1.52, 0, 1, 1, 0);
REPLACE INTO `creature_loot_template` (`entry`, `item`, `ChanceOrQuestChance`, `groupid`, `mincountOrRef`, `maxcount`, `condition_id`) VALUES (91966, 13446, 3.02, 0, 1, 1, 0);
REPLACE INTO `creature_loot_template` (`entry`, `item`, `ChanceOrQuestChance`, `groupid`, `mincountOrRef`, `maxcount`, `condition_id`) VALUES (91966, 24024, 2.5, 0, -24024, 1, 0);
REPLACE INTO `creature_loot_template` (`entry`, `item`, `ChanceOrQuestChance`, `groupid`, `mincountOrRef`, `maxcount`, `condition_id`) VALUES (91966, 30048, 2.5, 0, -30048, 1, 0);
REPLACE INTO `creature_loot_template` (`entry`, `item`, `ChanceOrQuestChance`, `groupid`, `mincountOrRef`, `maxcount`, `condition_id`) VALUES (91966, 60250, -10, 1, 1, 1, 0);
-- Unique loot table for NPC Junglepaw Panther added.
update creature_template set loot_id = 91960 where entry = 91960;
REPLACE INTO `creature_loot_template` (`entry`, `item`, `ChanceOrQuestChance`, `groupid`, `mincountOrRef`, `maxcount`, `condition_id`) VALUES (91960, 1645, 0.04, 0, 1, 1, 0);
REPLACE INTO `creature_loot_template` (`entry`, `item`, `ChanceOrQuestChance`, `groupid`, `mincountOrRef`, `maxcount`, `condition_id`) VALUES (91960, 1685, 0.02, 0, 1, 1, 0);
REPLACE INTO `creature_loot_template` (`entry`, `item`, `ChanceOrQuestChance`, `groupid`, `mincountOrRef`, `maxcount`, `condition_id`) VALUES (91960, 1710, 0.02, 0, 1, 1, 0);
REPLACE INTO `creature_loot_template` (`entry`, `item`, `ChanceOrQuestChance`, `groupid`, `mincountOrRef`, `maxcount`, `condition_id`) VALUES (91960, 2289, 0.02, 0, 1, 1, 0);
REPLACE INTO `creature_loot_template` (`entry`, `item`, `ChanceOrQuestChance`, `groupid`, `mincountOrRef`, `maxcount`, `condition_id`) VALUES (91960, 3356, 0.04, 0, 1, 1, 0);
REPLACE INTO `creature_loot_template` (`entry`, `item`, `ChanceOrQuestChance`, `groupid`, `mincountOrRef`, `maxcount`, `condition_id`) VALUES (91960, 3358, 0.02, 0, 1, 1, 0);
REPLACE INTO `creature_loot_template` (`entry`, `item`, `ChanceOrQuestChance`, `groupid`, `mincountOrRef`, `maxcount`, `condition_id`) VALUES (91960, 3395, 0.02, 0, 1, 1, 0);
REPLACE INTO `creature_loot_template` (`entry`, `item`, `ChanceOrQuestChance`, `groupid`, `mincountOrRef`, `maxcount`, `condition_id`) VALUES (91960, 3827, 0.02, 0, 1, 1, 0);
REPLACE INTO `creature_loot_template` (`entry`, `item`, `ChanceOrQuestChance`, `groupid`, `mincountOrRef`, `maxcount`, `condition_id`) VALUES (91960, 3858, 0.02, 0, 1, 1, 0);
REPLACE INTO `creature_loot_template` (`entry`, `item`, `ChanceOrQuestChance`, `groupid`, `mincountOrRef`, `maxcount`, `condition_id`) VALUES (91960, 3914, 0.06, 0, 1, 1, 0);
REPLACE INTO `creature_loot_template` (`entry`, `item`, `ChanceOrQuestChance`, `groupid`, `mincountOrRef`, `maxcount`, `condition_id`) VALUES (91960, 3927, 0.04, 0, 1, 1, 0);
REPLACE INTO `creature_loot_template` (`entry`, `item`, `ChanceOrQuestChance`, `groupid`, `mincountOrRef`, `maxcount`, `condition_id`) VALUES (91960, 3928, 0.02, 0, 1, 1, 0);
REPLACE INTO `creature_loot_template` (`entry`, `item`, `ChanceOrQuestChance`, `groupid`, `mincountOrRef`, `maxcount`, `condition_id`) VALUES (91960, 4100, 0.02, 0, 1, 1, 0);
REPLACE INTO `creature_loot_template` (`entry`, `item`, `ChanceOrQuestChance`, `groupid`, `mincountOrRef`, `maxcount`, `condition_id`) VALUES (91960, 4101, 0.02, 0, 1, 1, 0);
REPLACE INTO `creature_loot_template` (`entry`, `item`, `ChanceOrQuestChance`, `groupid`, `mincountOrRef`, `maxcount`, `condition_id`) VALUES (91960, 4338, 0.02, 0, 1, 1, 0);
REPLACE INTO `creature_loot_template` (`entry`, `item`, `ChanceOrQuestChance`, `groupid`, `mincountOrRef`, `maxcount`, `condition_id`) VALUES (91960, 4580, 66.73, 0, 1, 1, 0);
REPLACE INTO `creature_loot_template` (`entry`, `item`, `ChanceOrQuestChance`, `groupid`, `mincountOrRef`, `maxcount`, `condition_id`) VALUES (91960, 4581, 27.4972, 0, 1, 1, 0);
REPLACE INTO `creature_loot_template` (`entry`, `item`, `ChanceOrQuestChance`, `groupid`, `mincountOrRef`, `maxcount`, `condition_id`) VALUES (91960, 4599, 0.02, 0, 1, 1, 0);
REPLACE INTO `creature_loot_template` (`entry`, `item`, `ChanceOrQuestChance`, `groupid`, `mincountOrRef`, `maxcount`, `condition_id`) VALUES (91960, 4608, 0.02, 0, 1, 1, 0);
REPLACE INTO `creature_loot_template` (`entry`, `item`, `ChanceOrQuestChance`, `groupid`, `mincountOrRef`, `maxcount`, `condition_id`) VALUES (91960, 4638, 0.1139, 0, 1, 1, 0);
REPLACE INTO `creature_loot_template` (`entry`, `item`, `ChanceOrQuestChance`, `groupid`, `mincountOrRef`, `maxcount`, `condition_id`) VALUES (91960, 6149, 0.02, 0, 1, 1, 0);
REPLACE INTO `creature_loot_template` (`entry`, `item`, `ChanceOrQuestChance`, `groupid`, `mincountOrRef`, `maxcount`, `condition_id`) VALUES (91960, 7909, 0.038, 0, 1, 1, 0);
REPLACE INTO `creature_loot_template` (`entry`, `item`, `ChanceOrQuestChance`, `groupid`, `mincountOrRef`, `maxcount`, `condition_id`) VALUES (91960, 7910, 0.1139, 0, 1, 1, 0);
REPLACE INTO `creature_loot_template` (`entry`, `item`, `ChanceOrQuestChance`, `groupid`, `mincountOrRef`, `maxcount`, `condition_id`) VALUES (91960, 7911, 0.04, 0, 1, 1, 0);
REPLACE INTO `creature_loot_template` (`entry`, `item`, `ChanceOrQuestChance`, `groupid`, `mincountOrRef`, `maxcount`, `condition_id`) VALUES (91960, 7912, 0.14, 0, 1, 1, 0);
REPLACE INTO `creature_loot_template` (`entry`, `item`, `ChanceOrQuestChance`, `groupid`, `mincountOrRef`, `maxcount`, `condition_id`) VALUES (91960, 7989, 0.02, 0, 1, 1, 0);
REPLACE INTO `creature_loot_template` (`entry`, `item`, `ChanceOrQuestChance`, `groupid`, `mincountOrRef`, `maxcount`, `condition_id`) VALUES (91960, 7993, 0.02, 0, 1, 1, 0);
REPLACE INTO `creature_loot_template` (`entry`, `item`, `ChanceOrQuestChance`, `groupid`, `mincountOrRef`, `maxcount`, `condition_id`) VALUES (91960, 8146, 8.7353, 0, 1, 1, 0);
REPLACE INTO `creature_loot_template` (`entry`, `item`, `ChanceOrQuestChance`, `groupid`, `mincountOrRef`, `maxcount`, `condition_id`) VALUES (91960, 8389, 0.02, 0, 1, 1, 0);
REPLACE INTO `creature_loot_template` (`entry`, `item`, `ChanceOrQuestChance`, `groupid`, `mincountOrRef`, `maxcount`, `condition_id`) VALUES (91960, 8390, 0.04, 0, 1, 1, 0);
REPLACE INTO `creature_loot_template` (`entry`, `item`, `ChanceOrQuestChance`, `groupid`, `mincountOrRef`, `maxcount`, `condition_id`) VALUES (91960, 9295, 0.02, 0, 1, 1, 0);
REPLACE INTO `creature_loot_template` (`entry`, `item`, `ChanceOrQuestChance`, `groupid`, `mincountOrRef`, `maxcount`, `condition_id`) VALUES (91960, 9298, 0.02, 0, 1, 1, 0);
REPLACE INTO `creature_loot_template` (`entry`, `item`, `ChanceOrQuestChance`, `groupid`, `mincountOrRef`, `maxcount`, `condition_id`) VALUES (91960, 10320, 0.04, 0, 1, 1, 0);
REPLACE INTO `creature_loot_template` (`entry`, `item`, `ChanceOrQuestChance`, `groupid`, `mincountOrRef`, `maxcount`, `condition_id`) VALUES (91960, 10604, 0.02, 0, 1, 1, 0);
REPLACE INTO `creature_loot_template` (`entry`, `item`, `ChanceOrQuestChance`, `groupid`, `mincountOrRef`, `maxcount`, `condition_id`) VALUES (91960, 11208, 0.02, 0, 1, 1, 0);
REPLACE INTO `creature_loot_template` (`entry`, `item`, `ChanceOrQuestChance`, `groupid`, `mincountOrRef`, `maxcount`, `condition_id`) VALUES (91960, 11225, 0.02, 0, 1, 1, 0);
REPLACE INTO `creature_loot_template` (`entry`, `item`, `ChanceOrQuestChance`, `groupid`, `mincountOrRef`, `maxcount`, `condition_id`) VALUES (91960, 15731, 0.02, 0, 1, 1, 0);
REPLACE INTO `creature_loot_template` (`entry`, `item`, `ChanceOrQuestChance`, `groupid`, `mincountOrRef`, `maxcount`, `condition_id`) VALUES (91960, 24028, 0.01, 0, -24028, 1, 0);
REPLACE INTO `creature_loot_template` (`entry`, `item`, `ChanceOrQuestChance`, `groupid`, `mincountOrRef`, `maxcount`, `condition_id`) VALUES (91960, 30029, 0.5, 0, -30029, 1, 0);
REPLACE INTO `creature_loot_template` (`entry`, `item`, `ChanceOrQuestChance`, `groupid`, `mincountOrRef`, `maxcount`, `condition_id`) VALUES (91960, 30043, 0.5, 0, -30043, 1, 0);
REPLACE INTO `creature_loot_template` (`entry`, `item`, `ChanceOrQuestChance`, `groupid`, `mincountOrRef`, `maxcount`, `condition_id`) VALUES (91960, 30044, 0.01, 0, -30044, 1, 0);
REPLACE INTO `creature_loot_template` (`entry`, `item`, `ChanceOrQuestChance`, `groupid`, `mincountOrRef`, `maxcount`, `condition_id`) VALUES (91960, 30045, 0.5, 0, -30045, 1, 0);
REPLACE INTO `creature_loot_template` (`entry`, `item`, `ChanceOrQuestChance`, `groupid`, `mincountOrRef`, `maxcount`, `condition_id`) VALUES (91960, 30046, 0.5, 0, -30046, 1, 0);
REPLACE INTO `creature_loot_template` (`entry`, `item`, `ChanceOrQuestChance`, `groupid`, `mincountOrRef`, `maxcount`, `condition_id`) VALUES (91960, 30048, 2.5, 0, -30048, 1, 0);
REPLACE INTO `creature_loot_template` (`entry`, `item`, `ChanceOrQuestChance`, `groupid`, `mincountOrRef`, `maxcount`, `condition_id`) VALUES (91960, 30049, 0.5, 0, -30049, 1, 0);
REPLACE INTO `creature_loot_template` (`entry`, `item`, `ChanceOrQuestChance`, `groupid`, `mincountOrRef`, `maxcount`, `condition_id`) VALUES (91960, 30051, 0.0025, 0, -30051, 1, 0);
REPLACE INTO `creature_loot_template` (`entry`, `item`, `ChanceOrQuestChance`, `groupid`, `mincountOrRef`, `maxcount`, `condition_id`) VALUES (91960, 30052, 0.0025, 0, -30052, 1, 0);
REPLACE INTO `creature_loot_template` (`entry`, `item`, `ChanceOrQuestChance`, `groupid`, `mincountOrRef`, `maxcount`, `condition_id`) VALUES (91960, 30053, 0.0025, 0, -30053, 1, 0);
REPLACE INTO `creature_loot_template` (`entry`, `item`, `ChanceOrQuestChance`, `groupid`, `mincountOrRef`, `maxcount`, `condition_id`) VALUES (91960, 60248, -30, 0, 1, 1, 0);
-- Unique loot table for NPC Junglepaw Shadow Panther added.
update creature_template set loot_id = 91961 where entry = 91961;
REPLACE INTO `creature_loot_template` (`entry`, `item`, `ChanceOrQuestChance`, `groupid`, `mincountOrRef`, `maxcount`, `condition_id`) VALUES (91961, 1645, 0.04, 0, 1, 1, 0);
REPLACE INTO `creature_loot_template` (`entry`, `item`, `ChanceOrQuestChance`, `groupid`, `mincountOrRef`, `maxcount`, `condition_id`) VALUES (91961, 1685, 0.02, 0, 1, 1, 0);
REPLACE INTO `creature_loot_template` (`entry`, `item`, `ChanceOrQuestChance`, `groupid`, `mincountOrRef`, `maxcount`, `condition_id`) VALUES (91961, 1710, 0.02, 0, 1, 1, 0);
REPLACE INTO `creature_loot_template` (`entry`, `item`, `ChanceOrQuestChance`, `groupid`, `mincountOrRef`, `maxcount`, `condition_id`) VALUES (91961, 2289, 0.02, 0, 1, 1, 0);
REPLACE INTO `creature_loot_template` (`entry`, `item`, `ChanceOrQuestChance`, `groupid`, `mincountOrRef`, `maxcount`, `condition_id`) VALUES (91961, 3356, 0.04, 0, 1, 1, 0);
REPLACE INTO `creature_loot_template` (`entry`, `item`, `ChanceOrQuestChance`, `groupid`, `mincountOrRef`, `maxcount`, `condition_id`) VALUES (91961, 3358, 0.02, 0, 1, 1, 0);
REPLACE INTO `creature_loot_template` (`entry`, `item`, `ChanceOrQuestChance`, `groupid`, `mincountOrRef`, `maxcount`, `condition_id`) VALUES (91961, 3395, 0.02, 0, 1, 1, 0);
REPLACE INTO `creature_loot_template` (`entry`, `item`, `ChanceOrQuestChance`, `groupid`, `mincountOrRef`, `maxcount`, `condition_id`) VALUES (91961, 3827, 0.02, 0, 1, 1, 0);
REPLACE INTO `creature_loot_template` (`entry`, `item`, `ChanceOrQuestChance`, `groupid`, `mincountOrRef`, `maxcount`, `condition_id`) VALUES (91961, 3858, 0.02, 0, 1, 1, 0);
REPLACE INTO `creature_loot_template` (`entry`, `item`, `ChanceOrQuestChance`, `groupid`, `mincountOrRef`, `maxcount`, `condition_id`) VALUES (91961, 3914, 0.06, 0, 1, 1, 0);
REPLACE INTO `creature_loot_template` (`entry`, `item`, `ChanceOrQuestChance`, `groupid`, `mincountOrRef`, `maxcount`, `condition_id`) VALUES (91961, 3927, 0.04, 0, 1, 1, 0);
REPLACE INTO `creature_loot_template` (`entry`, `item`, `ChanceOrQuestChance`, `groupid`, `mincountOrRef`, `maxcount`, `condition_id`) VALUES (91961, 3928, 0.02, 0, 1, 1, 0);
REPLACE INTO `creature_loot_template` (`entry`, `item`, `ChanceOrQuestChance`, `groupid`, `mincountOrRef`, `maxcount`, `condition_id`) VALUES (91961, 4100, 0.02, 0, 1, 1, 0);
REPLACE INTO `creature_loot_template` (`entry`, `item`, `ChanceOrQuestChance`, `groupid`, `mincountOrRef`, `maxcount`, `condition_id`) VALUES (91961, 4101, 0.02, 0, 1, 1, 0);
REPLACE INTO `creature_loot_template` (`entry`, `item`, `ChanceOrQuestChance`, `groupid`, `mincountOrRef`, `maxcount`, `condition_id`) VALUES (91961, 4338, 0.02, 0, 1, 1, 0);
REPLACE INTO `creature_loot_template` (`entry`, `item`, `ChanceOrQuestChance`, `groupid`, `mincountOrRef`, `maxcount`, `condition_id`) VALUES (91961, 4580, 66.73, 0, 1, 1, 0);
REPLACE INTO `creature_loot_template` (`entry`, `item`, `ChanceOrQuestChance`, `groupid`, `mincountOrRef`, `maxcount`, `condition_id`) VALUES (91961, 4581, 27.4972, 0, 1, 1, 0);
REPLACE INTO `creature_loot_template` (`entry`, `item`, `ChanceOrQuestChance`, `groupid`, `mincountOrRef`, `maxcount`, `condition_id`) VALUES (91961, 4599, 0.02, 0, 1, 1, 0);
REPLACE INTO `creature_loot_template` (`entry`, `item`, `ChanceOrQuestChance`, `groupid`, `mincountOrRef`, `maxcount`, `condition_id`) VALUES (91961, 4608, 0.02, 0, 1, 1, 0);
REPLACE INTO `creature_loot_template` (`entry`, `item`, `ChanceOrQuestChance`, `groupid`, `mincountOrRef`, `maxcount`, `condition_id`) VALUES (91961, 4638, 0.1139, 0, 1, 1, 0);
REPLACE INTO `creature_loot_template` (`entry`, `item`, `ChanceOrQuestChance`, `groupid`, `mincountOrRef`, `maxcount`, `condition_id`) VALUES (91961, 6149, 0.02, 0, 1, 1, 0);
REPLACE INTO `creature_loot_template` (`entry`, `item`, `ChanceOrQuestChance`, `groupid`, `mincountOrRef`, `maxcount`, `condition_id`) VALUES (91961, 7909, 0.038, 0, 1, 1, 0);
REPLACE INTO `creature_loot_template` (`entry`, `item`, `ChanceOrQuestChance`, `groupid`, `mincountOrRef`, `maxcount`, `condition_id`) VALUES (91961, 7910, 0.1139, 0, 1, 1, 0);
REPLACE INTO `creature_loot_template` (`entry`, `item`, `ChanceOrQuestChance`, `groupid`, `mincountOrRef`, `maxcount`, `condition_id`) VALUES (91961, 7911, 0.04, 0, 1, 1, 0);
REPLACE INTO `creature_loot_template` (`entry`, `item`, `ChanceOrQuestChance`, `groupid`, `mincountOrRef`, `maxcount`, `condition_id`) VALUES (91961, 7912, 0.14, 0, 1, 1, 0);
REPLACE INTO `creature_loot_template` (`entry`, `item`, `ChanceOrQuestChance`, `groupid`, `mincountOrRef`, `maxcount`, `condition_id`) VALUES (91961, 7989, 0.02, 0, 1, 1, 0);
REPLACE INTO `creature_loot_template` (`entry`, `item`, `ChanceOrQuestChance`, `groupid`, `mincountOrRef`, `maxcount`, `condition_id`) VALUES (91961, 7993, 0.02, 0, 1, 1, 0);
REPLACE INTO `creature_loot_template` (`entry`, `item`, `ChanceOrQuestChance`, `groupid`, `mincountOrRef`, `maxcount`, `condition_id`) VALUES (91961, 8146, 8.7353, 0, 1, 1, 0);
REPLACE INTO `creature_loot_template` (`entry`, `item`, `ChanceOrQuestChance`, `groupid`, `mincountOrRef`, `maxcount`, `condition_id`) VALUES (91961, 8389, 0.02, 0, 1, 1, 0);
REPLACE INTO `creature_loot_template` (`entry`, `item`, `ChanceOrQuestChance`, `groupid`, `mincountOrRef`, `maxcount`, `condition_id`) VALUES (91961, 8390, 0.04, 0, 1, 1, 0);
REPLACE INTO `creature_loot_template` (`entry`, `item`, `ChanceOrQuestChance`, `groupid`, `mincountOrRef`, `maxcount`, `condition_id`) VALUES (91961, 9295, 0.02, 0, 1, 1, 0);
REPLACE INTO `creature_loot_template` (`entry`, `item`, `ChanceOrQuestChance`, `groupid`, `mincountOrRef`, `maxcount`, `condition_id`) VALUES (91961, 9298, 0.02, 0, 1, 1, 0);
REPLACE INTO `creature_loot_template` (`entry`, `item`, `ChanceOrQuestChance`, `groupid`, `mincountOrRef`, `maxcount`, `condition_id`) VALUES (91961, 10320, 0.04, 0, 1, 1, 0);
REPLACE INTO `creature_loot_template` (`entry`, `item`, `ChanceOrQuestChance`, `groupid`, `mincountOrRef`, `maxcount`, `condition_id`) VALUES (91961, 10604, 0.02, 0, 1, 1, 0);
REPLACE INTO `creature_loot_template` (`entry`, `item`, `ChanceOrQuestChance`, `groupid`, `mincountOrRef`, `maxcount`, `condition_id`) VALUES (91961, 11208, 0.02, 0, 1, 1, 0);
REPLACE INTO `creature_loot_template` (`entry`, `item`, `ChanceOrQuestChance`, `groupid`, `mincountOrRef`, `maxcount`, `condition_id`) VALUES (91961, 11225, 0.02, 0, 1, 1, 0);
REPLACE INTO `creature_loot_template` (`entry`, `item`, `ChanceOrQuestChance`, `groupid`, `mincountOrRef`, `maxcount`, `condition_id`) VALUES (91961, 15731, 0.02, 0, 1, 1, 0);
REPLACE INTO `creature_loot_template` (`entry`, `item`, `ChanceOrQuestChance`, `groupid`, `mincountOrRef`, `maxcount`, `condition_id`) VALUES (91961, 24028, 0.01, 0, -24028, 1, 0);
REPLACE INTO `creature_loot_template` (`entry`, `item`, `ChanceOrQuestChance`, `groupid`, `mincountOrRef`, `maxcount`, `condition_id`) VALUES (91961, 30029, 0.5, 0, -30029, 1, 0);
REPLACE INTO `creature_loot_template` (`entry`, `item`, `ChanceOrQuestChance`, `groupid`, `mincountOrRef`, `maxcount`, `condition_id`) VALUES (91961, 30043, 0.5, 0, -30043, 1, 0);
REPLACE INTO `creature_loot_template` (`entry`, `item`, `ChanceOrQuestChance`, `groupid`, `mincountOrRef`, `maxcount`, `condition_id`) VALUES (91961, 30044, 0.01, 0, -30044, 1, 0);
REPLACE INTO `creature_loot_template` (`entry`, `item`, `ChanceOrQuestChance`, `groupid`, `mincountOrRef`, `maxcount`, `condition_id`) VALUES (91961, 30045, 0.5, 0, -30045, 1, 0);
REPLACE INTO `creature_loot_template` (`entry`, `item`, `ChanceOrQuestChance`, `groupid`, `mincountOrRef`, `maxcount`, `condition_id`) VALUES (91961, 30046, 0.5, 0, -30046, 1, 0);
REPLACE INTO `creature_loot_template` (`entry`, `item`, `ChanceOrQuestChance`, `groupid`, `mincountOrRef`, `maxcount`, `condition_id`) VALUES (91961, 30048, 2.5, 0, -30048, 1, 0);
REPLACE INTO `creature_loot_template` (`entry`, `item`, `ChanceOrQuestChance`, `groupid`, `mincountOrRef`, `maxcount`, `condition_id`) VALUES (91961, 30049, 0.5, 0, -30049, 1, 0);
REPLACE INTO `creature_loot_template` (`entry`, `item`, `ChanceOrQuestChance`, `groupid`, `mincountOrRef`, `maxcount`, `condition_id`) VALUES (91961, 30051, 0.0025, 0, -30051, 1, 0);
REPLACE INTO `creature_loot_template` (`entry`, `item`, `ChanceOrQuestChance`, `groupid`, `mincountOrRef`, `maxcount`, `condition_id`) VALUES (91961, 30052, 0.0025, 0, -30052, 1, 0);
REPLACE INTO `creature_loot_template` (`entry`, `item`, `ChanceOrQuestChance`, `groupid`, `mincountOrRef`, `maxcount`, `condition_id`) VALUES (91961, 30053, 0.0025, 0, -30053, 1, 0);
REPLACE INTO `creature_loot_template` (`entry`, `item`, `ChanceOrQuestChance`, `groupid`, `mincountOrRef`, `maxcount`, `condition_id`) VALUES (91961, 60248, -30, 0, 1, 1, 0);
-- Add Greetings to Caer Darrow NPCs 11285.
update creature_template set npc_flags = 3, gossip_menu_id = 11285 where entry = 11285;
replace into gossip_menu (entry, text_id, condition_id) VALUES (11285, 4117, '0');
-- Surf Gliders drop level 38-40 gear even though they're level 50. #2979.
delete from creature_loot_template where entry = 5431 and mincountorref in (-30015,-30025,-30027,-30029);
-- Set respawn timer of Benedict's Chest to 5sec.
update gameobject set spawntimesecsmin = 5, spawntimesecsmax = 5 where ID = 3239;
-- Fix 3 minute respawn timer overworld chest in Darkshore (RMJ).
UPDATE gameobject SET spawntimesecsmin = 10800, spawntimesecsmax = 11100 WHERE guid = 4010039;
-- Deekin's quest XP edits (RMJ).
UPDATE quest_template SET RewXP = 150 WHERE entry = 40366;
UPDATE quest_template SET RewXP = 100 WHERE entry = 80305;
UPDATE quest_template SET RewXP = 100 WHERE entry = 80306;
UPDATE quest_template SET RewXP = 100 WHERE entry = 80307;
UPDATE quest_template SET RewXP = 800 WHERE entry = 80308;
UPDATE quest_template SET RewXP = 200 WHERE entry = 80309;
UPDATE quest_template SET RewXP = 500 WHERE entry = 80310;
-- Slight chaining fix and cleanup for Silvermoon quests (RMJ).
UPDATE quest_template SET NextQuestInChain = 0 WHERE entry = 80251;
UPDATE quest_template SET PrevQuestId = -40371 WHERE entry BETWEEN 40372 AND 40375;
-- NPC Trenton Lighthammer rotated to forge's side.
update creature set orientation = 2.8972 where ID = 7804;
-- Convert NPC Say in the script associated with https://database.turtle-wow.org/?quest=40714 into gossip pages instead.
delete from broadcast_text where entry in (30102,30103,30104,30105,30106,30107);
delete from npc_text where ID in (30102,30103,30104,30105,30106,30107);
replace into broadcast_text (entry, Male_Text) values
(30102, 'The land you see today used to be called the Kingdom of Corthan. For generations, every man that deserved the title of Marauder King was named Corthan, as the name of the land that he was to rule and serve for the rest of his life.');
replace into npc_text (ID, BroadcastTextID0) values
(30102, 30102);

replace into broadcast_text (entry, Male_Text) values
(30103, 'For many generations we had exactly what we wanted, we were a kingdom of war and of battle! Our thirst for combat was like no other. We were men of conquest and yet we never expanded our territory. Every defeated enemy knew its place.');
replace into npc_text (ID, BroadcastTextID0) values
(30103, 30103);

replace into broadcast_text (entry, Male_Text) values
(30104, 'As Keeper of the Living Flame for generations our sons and daughters were named either Zeth or Zetharia and they were meant to be the very image of our religion. You\'ve probably noticed that when we first spoke I said the curse of Zetharia. Indeed, it was my daughter that cursed us all into an eternity of undeath.');
replace into npc_text (ID, BroadcastTextID0) values
(30104, 30104);

replace into broadcast_text (entry, Male_Text) values
(30105, 'It is quite a long story. Zetharia had always loved Corthan, she knew nothing better on this world of ours, as our ancestors, the Azotha had left us on it, for better or worse. Her love of Corthan made her go mad.$B$BI had convinced the King that a union between him and the daughter of the Keeper would greatly help the kingdom and yet on the day of their marriage, Corthan showed up with his commoner mistress.');
replace into npc_text (ID, BroadcastTextID0) values
(30105, 30105);

replace into broadcast_text (entry, Male_Text) values
(30106, 'I truthfully bear no ill mind to our king, friend. We do not choose those we love. But Zetharia, she had not taken well to this betrayal, as she called it.');
replace into npc_text (ID, BroadcastTextID0) values
(30106, 30106);

replace into broadcast_text (entry, Male_Text) values
(30107, 'A dreadful pact Zetharia had committed, with the Lord of the Everlasting Death, and so she had cursed Corthan, his wife, and his kingdom to eternal undeath for the rest of time... Now, here we remain, lost to drift through time.');
replace into npc_text (ID, BroadcastTextID0) values
(30107, 30107);