-- Thalassian Highlands quests vol3:
-- Peculiar Treants
delete from quest_template where entry = 41214;
replace into quest_template (prevquestid, entry, method, zoneorsort, questlevel, minlevel, questflags, specialflags, title, details, objectives, requestitemstext, offerrewardtext, reqitemid1, reqitemcount1, reqitemid2, reqitemcount2, reqitemid3, reqitemcount3, reqitemid4, reqitemcount4, reqcreatureorgoid1, reqcreatureorgocount1, reqcreatureorgoid2, reqcreatureorgocount2, reqcreatureorgoid3, reqcreatureorgocount3, reqcreatureorgoid4, reqcreatureorgocount4, srcitemid, srcitemcount, reworreqmoney, RewMoneyMaxLevel, rewxp, rewrepfaction1, rewrepvalue1,  rewrepfaction2, rewrepvalue2, rewrepfaction3, rewrepvalue3, rewrepfaction4, rewrepvalue4, rewspell, rewspellcast, completeemote, rewitemid1, rewitemcount1, rewitemid2, rewitemcount2, rewitemid3, rewitemcount3, rewitemid4, rewitemcount4, rewchoiceitemid1, rewchoiceitemcount1, rewchoiceitemid2, rewchoiceitemcount2, rewchoiceitemid3, rewchoiceitemcount3, rewchoiceitemid4, rewchoiceitemcount4,requiredminrepfaction,requiredminrepvalue,objectivetext1) values (0,41214,2,5225,6,4,0,0,'Peculiar Treants','These lands echo the beauty of Quel\'Thalas, yet within the similarities lies an intriguing divergence. Presently, I find myself engrossed in the study of the treants that grace this realm. Though they possess a semblance of familiarity, there\'s a peculiar quality about them that eludes my understanding.$B$BIf, by any chance, you could procure a primal heart from one of these beings, it would significantly propel my research. I\'m not particularly skilled in combat, and the guards have thwarted my attempts to get too close. However, I believe they won\'t pose the same hindrance to you. What say you?','Acquire a Thalasian Primal Heart from Thalassian Treants for Calhir Dawnchaser in Anasterian Park.','Behold the statue before us, a testament to the cherished ideal of a dancing pair. An ancient legend among our people narrates the ethereal dance of the moon and the sun, forever close yet never touching. This concept extends to Quel\'dorei dancing as well, where two partners gracefully draw near to one another, maintaining a captivating proximity without physical contact.','I hope these pesky guards weren\'t much of an issue. Thank you, $C. This will be invaluable in my research.',41160,1,0,0,0,0,0,0, 0,0,0,0,0,0,0,0, 0,0, 0,4440,740, 269,100,0,0,0,0,0,0, 0,0,0, 4604,20,0,0,0,0,0,0, 0,0,0,0,0,0,0,0, 0,0,'');

replace into creature_questrelation		(id, quest) values (61811, 41214);
replace into creature_involvedrelation  (id, quest) values (61811, 41214);

replace into item_template (entry, display_id, name, class, quality, flags, buy_count, allowable_class, allowable_race, item_level, stackable, spellcooldown_1, spellcategorycooldown_1, spellcooldown_2, spellcategorycooldown_2, bonding, description, page_text, material) values
(41160,7269,'Thalassian Primal Heart',12,1,2048,1,-1,-1,1,1,-1,-1,-1,-1,4,'',0,3);

replace into creature_loot_template values
(61701,41160,-10,0,1,1,0);

-- Whispers of Autumn
delete from quest_template where entry = 41215;
replace into quest_template (prevquestid, entry, method, zoneorsort, questlevel, minlevel, questflags, specialflags, title, details, objectives, requestitemstext, offerrewardtext, reqitemid1, reqitemcount1, reqitemid2, reqitemcount2, reqitemid3, reqitemcount3, reqitemid4, reqitemcount4, reqcreatureorgoid1, reqcreatureorgocount1, reqcreatureorgoid2, reqcreatureorgocount2, reqcreatureorgoid3, reqcreatureorgocount3, reqcreatureorgoid4, reqcreatureorgocount4, srcitemid, srcitemcount, reworreqmoney, RewMoneyMaxLevel, rewxp, rewrepfaction1, rewrepvalue1,  rewrepfaction2, rewrepvalue2, rewrepfaction3, rewrepvalue3, rewrepfaction4, rewrepvalue4, rewspell, rewspellcast, completeemote, rewitemid1, rewitemcount1, rewitemid2, rewitemcount2, rewitemid3, rewitemcount3, rewitemid4, rewitemcount4, rewchoiceitemid1, rewchoiceitemcount1, rewchoiceitemid2, rewchoiceitemcount2, rewchoiceitemid3, rewchoiceitemcount3, rewchoiceitemid4, rewchoiceitemcount4,requiredminrepfaction,requiredminrepvalue,objectivetext1) values (41214,41215,2,5225,8,5,0,0,'Whispers of Autumn','To the west, there lies the Island of Eternal Autumn—a nearly forgotten legend among our people. Millennia ago, in the earliest days of our arrival on these shores, there were those among us who endeavored to plant a new World Tree. Alas, the endeavor failed, and the cursed tree wrought a transformative spell upon the entire land, condemning it to an eternal autumn. Neither able to perish nor truly flourish, the island became a testament to a past ambition gone awry.$B$BI ask you to embark upon a journey to this mystic isle and procure a primal heart from the treants that now inhabit it. Your efforts will not go unrewarded.','Acquire a Thalasian Primal Heart from Autumnal Treants for Calhir Dawnchaser in Anasterian Park.','Legend has it that those who linger too long on the isle lose their grasp on the passage of time. While they find solace in the eternal autumn, seasons and even years may slip away on the mainland without their awareness. So be wary, traveler.','Exquisite! With those two hearts now in my possession, the veiled secrets of these lands shall unfold before me like a delicate tapestry.',41161,1,0,0,0,0,0,0, 0,0,0,0,0,0,0,0, 0,0, 600,6120,1020, 269,150,0,0,0,0,0,0, 0,0,0, 41151,1,41152,1,0,0,0,0, 0,0,0,0,0,0,0,0, 0,0,'');

replace into creature_questrelation		(id, quest) values (61811, 41215);
replace into creature_involvedrelation  (id, quest) values (61811, 41215);

replace into item_template (entry, display_id, name, class, quality, flags, buy_count, allowable_class, allowable_race, item_level, stackable, spellcooldown_1, spellcategorycooldown_1, spellcooldown_2, spellcategorycooldown_2, bonding, description, page_text, material) values
(41161,6006,'Autumnal Primal Heart',12,1,2048,1,-1,-1,1,1,-1,-1,-1,-1,4,'',0,3);

replace into creature_loot_template values
(61714,41161,-8,0,1,1,0);

-- The Highland Menace
delete from quest_template where entry = 41216;
replace into quest_template (prevquestid, entry, method, zoneorsort, questlevel, minlevel, questflags, specialflags, title, details, objectives, requestitemstext, offerrewardtext, reqitemid1, reqitemcount1, reqitemid2, reqitemcount2, reqitemid3, reqitemcount3, reqitemid4, reqitemcount4, reqcreatureorgoid1, reqcreatureorgocount1, reqcreatureorgoid2, reqcreatureorgocount2, reqcreatureorgoid3, reqcreatureorgocount3, reqcreatureorgoid4, reqcreatureorgocount4, srcitemid, srcitemcount, reworreqmoney, RewMoneyMaxLevel, rewxp, rewrepfaction1, rewrepvalue1,  rewrepfaction2, rewrepvalue2, rewrepfaction3, rewrepvalue3, rewrepfaction4, rewrepvalue4, rewspell, rewspellcast, completeemote, rewitemid1, rewitemcount1, rewitemid2, rewitemcount2, rewitemid3, rewitemcount3, rewitemid4, rewitemcount4, rewchoiceitemid1, rewchoiceitemcount1, rewchoiceitemid2, rewchoiceitemcount2, rewchoiceitemid3, rewchoiceitemcount3, rewchoiceitemid4, rewchoiceitemcount4,requiredminrepfaction,requiredminrepvalue,objectivetext1) values (0,41216,2,5225,6,4,0,0,'The Highland Menace','Welcome to Thaumarium. Within these walls, my enchanting wife crafts the finest wines to grace the Thalassian Highlands. We\'ve bestowed upon this haven the same name as our erstwhile winery in Quel\'Thalas, harboring eager anticipation for the prosperity of our venture.$B$BHowever, a quandary befalls us. Our aspirations lead us to cultivate a vineyard in the hills southeast of this sanctuary. The microclimate there is exceptionally conducive to grape cultivation. Alas, these very hills are plagued by a savage breed of lynx, making it impossible for our workers to toil the soil in peace. I implore you to eliminate as many of these creatures as you can and return with their furs as tangible proof of their demise. Your assistance shall not go unrewarded.','Bring 15 Bright Lynx Furs to Maelor Steelguard in the Thaumarium.','Be careful, these creatures are more savage than you think.','One, two, three... and a score of fifteen! Remarkable work. With such diligence, the hills will soon be secure for our laborers to resume their work without fear.',41162,15,0,0,0,0,0,0, 0,0,0,0,0,0,0,0, 0,0, 450,5460,910, 269,150,0,0,0,0,0,0, 0,0,0, 0,0,0,0,0,0,0,0, 41153,1,41154,1,0,0,0,0, 0,0,'');

replace into creature_questrelation		(id, quest) values (61821, 41216);
replace into creature_involvedrelation  (id, quest) values (61821, 41216);

replace into item_template (entry, display_id, name, class, quality, flags, buy_count, allowable_class, allowable_race, item_level, stackable, spellcooldown_1, spellcategorycooldown_1, spellcooldown_2, spellcategorycooldown_2, bonding, description, page_text, material) values
(41162,6679,'Bright Lynx Fur',12,1,2048,1,-1,-1,1,15,-1,-1,-1,-1,4,'',0,8);

replace into creature_loot_template values
(61697,41162,-90,0,1,1,0),
(61698,41162,-90,0,1,1,0);

-- A Score To Settle
delete from quest_template where entry = 41217;
replace into quest_template (prevquestid, entry, method, zoneorsort, questlevel, minlevel, questflags, specialflags, title, details, objectives, requestitemstext, offerrewardtext, reqitemid1, reqitemcount1, reqitemid2, reqitemcount2, reqitemid3, reqitemcount3, reqitemid4, reqitemcount4, reqcreatureorgoid1, reqcreatureorgocount1, reqcreatureorgoid2, reqcreatureorgocount2, reqcreatureorgoid3, reqcreatureorgocount3, reqcreatureorgoid4, reqcreatureorgocount4, srcitemid, srcitemcount, reworreqmoney, RewMoneyMaxLevel, rewxp, rewrepfaction1, rewrepvalue1,  rewrepfaction2, rewrepvalue2, rewrepfaction3, rewrepvalue3, rewrepfaction4, rewrepvalue4, rewspell, rewspellcast, completeemote, rewitemid1, rewitemcount1, rewitemid2, rewitemcount2, rewitemid3, rewitemcount3, rewitemid4, rewitemcount4, rewchoiceitemid1, rewchoiceitemcount1, rewchoiceitemid2, rewchoiceitemcount2, rewchoiceitemid3, rewchoiceitemcount3, rewchoiceitemid4, rewchoiceitemcount4,requiredminrepfaction,requiredminrepvalue,objectivetext1) values (41216,41217,2,5225,7,4,0,0,'A Score To Settle','I must burden you with one more request, $N. A few weeks past, as I scoured the hills in search of ideal spots for grape cultivation, I fell victim to a lynx of unparalleled ferocity. In the ensuing struggle, the creature overpowered me, leaving me grievously wounded, my eye forever lost.$B$BA personal vendetta now brews within me against this formidable adversary. Vanquish the beast and retrieve its fang as evidence. I will easily recognize it; the fangs were larger than any I have ever seen.','Bring 1 Fang of Shar\'Lan to Maelor Steelguard as a proof of your deed.','Be wary of its bite.','Indeed, this fang unequivocally belonged to the ferocious beast that tormented me. With the creature now vanquished, my workers can hasten their return to the hills. There\'s a profound sense of satisfaction in knowing that the creature which inflicted a life-altering scar upon me is no longer among the living.',41163,1,0,0,0,0,0,0, 0,0,0,0,0,0,0,0, 0,0, 0,4080,680, 269,150,0,0,0,0,0,0, 0,0,0, 41155,1,0,0,0,0,0,0, 0,0,0,0,0,0,0,0, 0,0,'');

replace into creature_questrelation		(id, quest) values (61821, 41217);
replace into creature_involvedrelation  (id, quest) values (61821, 41217);

replace into item_template (entry, display_id, name, class, quality, flags, buy_count, allowable_class, allowable_race, item_level, stackable, spellcooldown_1, spellcategorycooldown_1, spellcooldown_2, spellcategorycooldown_2, bonding, description, page_text, material) values
(41163,7886,'Fang of Shar\'lan',12,1,2048,1,-1,-1,1,1,-1,-1,-1,-1,4,'',0,4);

replace into creature_loot_template values
(61699,41163,-100,0,1,1,0);

-- Grapes in the Hills
delete from quest_template where entry = 41218;
replace into quest_template (prevquestid, entry, method, zoneorsort, questlevel, minlevel, questflags, specialflags, title, details, objectives, requestitemstext, offerrewardtext, reqitemid1, reqitemcount1, reqitemid2, reqitemcount2, reqitemid3, reqitemcount3, reqitemid4, reqitemcount4, reqcreatureorgoid1, reqcreatureorgocount1, reqcreatureorgoid2, reqcreatureorgocount2, reqcreatureorgoid3, reqcreatureorgocount3, reqcreatureorgoid4, reqcreatureorgocount4, srcitemid, srcitemcount, reworreqmoney, RewMoneyMaxLevel, rewxp, rewrepfaction1, rewrepvalue1,  rewrepfaction2, rewrepvalue2, rewrepfaction3, rewrepvalue3, rewrepfaction4, rewrepvalue4, rewspell, rewspellcast, completeemote, rewitemid1, rewitemcount1, rewitemid2, rewitemcount2, rewitemid3, rewitemcount3, rewitemid4, rewitemcount4, rewchoiceitemid1, rewchoiceitemcount1, rewchoiceitemid2, rewchoiceitemcount2, rewchoiceitemid3, rewchoiceitemcount3, rewchoiceitemid4, rewchoiceitemcount4,requiredminrepfaction,requiredminrepvalue,objectivetext1) values (0,41218,2,5225,7,4,0,0,'Grapes in the Hills','Greetings, friend. Have you come to savor our renowned wines? Regrettably, due to the incessant lynx attacks, grape cultivation in the hills had to be halted, leaving us with naught.$B$BYet, I harbor optimism that amidst the chaos, our workers may have left behind buckets still brimming with grapes in the hills southeast of this abode. They might be a tad fermented by now, but isn\'t the essence of winemaking in embracing such nuances? If you could retrieve even ten buckets, I could conjure up some wine for prospective patrons! Your assistance would be invaluable.','Bring 10 Buckets of Grapes to Fainriel Silverharp in the Thaumarium.','Be wary of those lynxes! My sweet Maelor lost his eye in a fight with one of them.','Thank you, by the Sunwell, thank you! It may not be grand, but any aid in these challenging times is truly appreciated. Accept these potions as a token of my appreciation. They may be of more utility to you now than any wine I could offer. Safe travels, friend.',41164,10,0,0,0,0,0,0, 0,0,0,0,0,0,0,0, 0,0, 0,3780,630, 269,100,0,0,0,0,0,0, 0,0,0, 0,0,0,0,0,0,0,0, 118,3,3382,3,6372,1,0,0, 0,0,'');

replace into creature_questrelation		(id, quest) values (61815, 41218);
replace into creature_involvedrelation  (id, quest) values (61815, 41218);

replace into item_template (entry, display_id, name, class, quality, flags, buy_count, allowable_class, allowable_race, item_level, stackable, spellcooldown_1, spellcategorycooldown_1, spellcooldown_2, spellcategorycooldown_2, bonding, description, page_text, material) values
(41164,7886,'Bucket of Grapes',12,1,2048,1,-1,-1,1,10,-1,-1,-1,-1,4,'',0,3);

REPLACE INTO gameobject_template VALUES
(2020078, 3, 3012, 'Bucket of Grapes', 0, 4, 1, 43, 2020078, 0, 1, 0, 0, 0, 0, 0, 0, 0, 0, 0, 0, 0, 0, 0, 0, 0, 0, 0, 0, 0, 0, 0, 0, 0, '');

replace into gameobject_loot_template values
(2020078,41164,-100,0,1,1,0);

-- Wyrms of the Highlands
delete from quest_template where entry = 41219;
replace into quest_template (prevquestid, entry, method, zoneorsort, questlevel, minlevel, questflags, specialflags, title, details, objectives, requestitemstext, offerrewardtext, reqitemid1, reqitemcount1, reqitemid2, reqitemcount2, reqitemid3, reqitemcount3, reqitemid4, reqitemcount4, reqcreatureorgoid1, reqcreatureorgocount1, reqcreatureorgoid2, reqcreatureorgocount2, reqcreatureorgoid3, reqcreatureorgocount3, reqcreatureorgoid4, reqcreatureorgocount4, srcitemid, srcitemcount, reworreqmoney, RewMoneyMaxLevel, rewxp, rewrepfaction1, rewrepvalue1,  rewrepfaction2, rewrepvalue2, rewrepfaction3, rewrepvalue3, rewrepfaction4, rewrepvalue4, rewspell, rewspellcast, completeemote, rewitemid1, rewitemcount1, rewitemid2, rewitemcount2, rewitemid3, rewitemcount3, rewitemid4, rewitemcount4, rewchoiceitemid1, rewchoiceitemcount1, rewchoiceitemid2, rewchoiceitemcount2, rewchoiceitemid3, rewchoiceitemcount3, rewchoiceitemid4, rewchoiceitemcount4,requiredminrepfaction,requiredminrepvalue,objectivetext1) values (0,41219,2,5225,7,5,0,0,'Wyrms of the Highlands','As members of The Silver Covenant, our mission is clear – to cleanse these lands of any perils that endanger the refugees seeking sanctuary. Among these threats, the burgeoning population of Mana Wyrms poses a significant concern. Their numbers surge as they feed off the mana employed in their vicinity, unsettling the balance we seek.$B$BI task you with culling their numbers and bringing me ten Mana Wyrm eyes as evidence of their demise. Not only will this act bring peace to these lands, but the collected eyes will also serve as catalysts to charge more mana crystals, addressing two issues in a singular endeavor.','Bring 10 Mana Wyrm Eyes to Commander Braedin in Silver Covenant Camp.','Yes, $c?','Thank you, $c. The roads are safer, and I\'ll make sure the charged mana crystals are distributed among the poorest of our kin.',41165,10,0,0,0,0,0,0, 0,0,0,0,0,0,0,0, 0,0, 350,4920,820, 269,150,0,0,0,0,0,0, 0,0,0, 0,0,0,0,0,0,0,0, 41156,1,41157,1,0,0,0,0, 0,0,'');

replace into creature_questrelation		(id, quest) values (61849, 41219);
replace into creature_involvedrelation  (id, quest) values (61849, 41219);

replace into item_template (entry, display_id, name, class, quality, flags, buy_count, allowable_class, allowable_race, item_level, stackable, spellcooldown_1, spellcategorycooldown_1, spellcooldown_2, spellcategorycooldown_2, bonding, description, page_text, material) values
(41165,24730,'Mana Wyrm Eye',12,1,2048,1,-1,-1,1,10,-1,-1,-1,-1,4,'',0,3);

replace into creature_loot_template values
(61774,41165,-50,0,1,1,0),
(61775,41165,-50,0,1,1,0),
(61776,41165,-50,0,1,1,0);

-- A Feast for the Poor
delete from quest_template where entry = 41220;
replace into quest_template (prevquestid, entry, method, zoneorsort, questlevel, minlevel, questflags, specialflags, title, details, objectives, requestitemstext, offerrewardtext, reqitemid1, reqitemcount1, reqitemid2, reqitemcount2, reqitemid3, reqitemcount3, reqitemid4, reqitemcount4, reqcreatureorgoid1, reqcreatureorgocount1, reqcreatureorgoid2, reqcreatureorgocount2, reqcreatureorgoid3, reqcreatureorgocount3, reqcreatureorgoid4, reqcreatureorgocount4, srcitemid, srcitemcount, reworreqmoney, RewMoneyMaxLevel, rewxp, rewrepfaction1, rewrepvalue1,  rewrepfaction2, rewrepvalue2, rewrepfaction3, rewrepvalue3, rewrepfaction4, rewrepvalue4, rewspell, rewspellcast, completeemote, rewitemid1, rewitemcount1, rewitemid2, rewitemcount2, rewitemid3, rewitemcount3, rewitemid4, rewitemcount4, rewchoiceitemid1, rewchoiceitemcount1, rewchoiceitemid2, rewchoiceitemcount2, rewchoiceitemid3, rewchoiceitemcount3, rewchoiceitemid4, rewchoiceitemcount4,requiredminrepfaction,requiredminrepvalue,objectivetext1) values (0,41220,2,5225,8,5,0,0,'A Feast for the Poor','Welcome to Ballador\'s Chapel, a haven for those who seek solace in the Light during these challenging times. Even in the absence of the Sunwell, its radiance continues to grace us from the heavens.$B$BMight I impose upon you for a small favor, dear friend? In our efforts to host a feast for the impoverished of Quel\'Thalas, we find ourselves in need of additional sustenance. While the noble families have generously contributed, there remains a shortage of food.$B$BI\'ve been informed by the rangers that Stallhorn Stag meat is particularly delectable, and personally, I have a penchant for the taste of Crimson Hawkstrider wings. If you could procure a dozen of each, we shall orchestrate a feast that will be remembered for ages.','Bring 12 Chunks of Stallhorn Meat and 12 Crimson Hawkstrider Wings to Taliren in Ballador\'s Chapel.','Both of these creatures can be found all along the Farstride.','I express my gratitude, adventurer. However, an unexpected turn of events has altered our plans.$B$BLord Astalor Sunsworn has directed that the resources you\'ve gathered should be utilized to orchestrate a lavish feast for his noble supporters. Though it grieves my heart to convey that we won\'t be able to extend this bounty to the less fortunate, it is not within my purview to contest his decision. Nonetheless, I appreciate your efforts and generosity in this matter, my friend.',41166,12,41167,12,0,0,0,0, 0,0,0,0,0,0,0,0, 0,0, 530,5460,910, 269,200,0,0,0,0,0,0, 0,0,0, 0,0,0,0,0,0,0,0, 0,0,0,0,0,0,0,0, 0,0,'');

replace into creature_questrelation		(id, quest) values (61816, 41220);
replace into creature_involvedrelation  (id, quest) values (61816, 41220);

replace into item_template (entry, display_id, name, class, quality, flags, buy_count, allowable_class, allowable_race, item_level, stackable, spellcooldown_1, spellcategorycooldown_1, spellcooldown_2, spellcategorycooldown_2, bonding, description, page_text, material) values
(41166,25472,'Chunks of Stallhorn Meat',12,1,2048,1,-1,-1,1,12,-1,-1,-1,-1,4,'',0,3),
(41167,22200,'Crimson Hawkstrider Wing',12,1,2048,1,-1,-1,1,12,-1,-1,-1,-1,4,'',0,8);

replace into creature_loot_template values
(61715,41166,-90,0,1,1,0),
(61716,41167,-90,0,1,1,0);

-- Liadrin's Plea
delete from quest_template where entry = 41221;
replace into quest_template (prevquestid, entry, method, zoneorsort, questlevel, minlevel, questflags, specialflags, title, details, objectives, requestitemstext, offerrewardtext, reqitemid1, reqitemcount1, reqitemid2, reqitemcount2, reqitemid3, reqitemcount3, reqitemid4, reqitemcount4, reqcreatureorgoid1, reqcreatureorgocount1, reqcreatureorgoid2, reqcreatureorgocount2, reqcreatureorgoid3, reqcreatureorgocount3, reqcreatureorgoid4, reqcreatureorgocount4, srcitemid, srcitemcount, reworreqmoney, RewMoneyMaxLevel, rewxp, rewrepfaction1, rewrepvalue1,  rewrepfaction2, rewrepvalue2, rewrepfaction3, rewrepvalue3, rewrepfaction4, rewrepvalue4, rewspell, rewspellcast, completeemote, rewitemid1, rewitemcount1, rewitemid2, rewitemcount2, rewitemid3, rewitemcount3, rewitemid4, rewitemcount4, rewchoiceitemid1, rewchoiceitemcount1, rewchoiceitemid2, rewchoiceitemcount2, rewchoiceitemid3, rewchoiceitemcount3, rewchoiceitemid4, rewchoiceitemcount4,requiredminrepfaction,requiredminrepvalue,objectivetext1) values (41220,41221,2,5225,8,5,0,0,'Liadrin\'s Plea','No! I cannot allow such injustice to persist!$B$B$C, we must not silently endure this affront to our people. The nobles indulge in opulent feasts, savoring lavish meats and exotic fruits, while the common folk languish, starving and withering away on the streets.$B$BI am confined within the chapel, unable to confront Lord Astalor myself, but I implore you. Take this letter to that despot Astalor. I harbor doubts that it will sway his heart, but he must be made aware of the sentiments burning within me.','Bring the Liadrin\'s Letter to Astalor Sunsworn. You can find him in the mansion in northern Alah\'Thalas.','Why did my guards let you in here?','<Astalor Sunsworn opens the letter, casually skimming its contents before breaking into a derisive laugh.>$B$BI should have you flayed by my guards for daring to believe you could waltz into my residence and insult me. However, I find myself in need of a messenger. Deliver my response to this... Liadrin, whoever she is. This task is beneath the dignity of any of my guards.',41168,1,0,0,0,0,0,0, 0,0,0,0,0,0,0,0, 41168,1, 0,1860,310, 269,200,0,0,0,0,0,0, 0,0,0, 0,0,0,0,0,0,0,0, 0,0,0,0,0,0,0,0, 0,0,'');

replace into creature_questrelation		(id, quest) values (61806, 41221);
replace into creature_involvedrelation  (id, quest) values (61803, 41221);

replace into item_template (entry, display_id, name, class, quality, flags, buy_count, allowable_class, allowable_race, item_level, stackable, spellcooldown_1, spellcategorycooldown_1, spellcooldown_2, spellcategorycooldown_2, bonding, description, page_text, material) values
(41168,3032,'Liadrin\'s Letter',12,1,2048,1,-1,-1,1,1,-1,-1,-1,-1,4,'',0,7);

-- Sunsworn Response
delete from quest_template where entry = 41222;
replace into quest_template (prevquestid, entry, method, zoneorsort, questlevel, minlevel, questflags, specialflags, title, details, objectives, requestitemstext, offerrewardtext, reqitemid1, reqitemcount1, reqitemid2, reqitemcount2, reqitemid3, reqitemcount3, reqitemid4, reqitemcount4, reqcreatureorgoid1, reqcreatureorgocount1, reqcreatureorgoid2, reqcreatureorgocount2, reqcreatureorgoid3, reqcreatureorgocount3, reqcreatureorgoid4, reqcreatureorgocount4, srcitemid, srcitemcount, reworreqmoney, RewMoneyMaxLevel, rewxp, rewrepfaction1, rewrepvalue1,  rewrepfaction2, rewrepvalue2, rewrepfaction3, rewrepvalue3, rewrepfaction4, rewrepvalue4, rewspell, rewspellcast, completeemote, rewitemid1, rewitemcount1, rewitemid2, rewitemcount2, rewitemid3, rewitemcount3, rewitemid4, rewitemcount4, rewchoiceitemid1, rewchoiceitemcount1, rewchoiceitemid2, rewchoiceitemcount2, rewchoiceitemid3, rewchoiceitemcount3, rewchoiceitemid4, rewchoiceitemcount4,requiredminrepfaction,requiredminrepvalue,objectivetext1) values (41221,41222,2,5225,8,5,0,0,'Sunsworn Response','Reiterate to her every word you\'ve heard from me.$B$BMy resources are mine to wield as I see fit, and in this moment, they serve to influence those whose opinions truly matter. The throne shall be mine, and under my rule, our people will flourish.$B$BCertainly, I could distribute these resources to the poor. But to what end? The very next day, they would find themselves in need once again. We must establish a solid infrastructure to sustain them—farms, vineyards, proper hunting grounds. Simply providing daily sustenance accomplishes nothing. Rest assured, with the crown in my possession, ensuring the welfare of the Quel\'dorei will be my foremost priority. However, if some must perish before that vision is realized... well, that\'s regrettable.$B$BNow, be on your way, and ensure Liadrin hears every bit of it.','Repeat the words of Astalor Sunsworn to Liadrin in Ballador\'s Chapel.','Did you find Astalor?','<You repeat Astalor\'s words to the priestess, ensuring no detail is omitted. As you deliver his message, you witness a simmering rage in the priestess\'s eyes. A faint green glow emanates from them, transforming her countenance into that of an entirely different person.>$B$BVery well. I anticipated as much from him. What sheer arrogance. No cause is worth the continued suffering of even a single Quel\'dorei. We have endured enough, and I will ensure that Astalor comprehends this. Soon...',0,0,0,0,0,0,0,0, 0,0,0,0,0,0,0,0, 0,0, 0,1860,310, 269,150,0,0,0,0,0,0, 0,0,0, 0,0,0,0,0,0,0,0, 41158,1,41159,1,0,0,0,0, 0,0,'');

replace into creature_questrelation		(id, quest) values (61803, 41222);
replace into creature_involvedrelation  (id, quest) values (61806, 41222);

-- Party Like There's No Tomorrow
delete from quest_template where entry = 41223;
replace into quest_template (prevquestid, entry, method, zoneorsort, questlevel, minlevel, questflags, specialflags, title, details, objectives, requestitemstext, offerrewardtext, reqitemid1, reqitemcount1, reqitemid2, reqitemcount2, reqitemid3, reqitemcount3, reqitemid4, reqitemcount4, reqcreatureorgoid1, reqcreatureorgocount1, reqcreatureorgoid2, reqcreatureorgocount2, reqcreatureorgoid3, reqcreatureorgocount3, reqcreatureorgoid4, reqcreatureorgocount4, srcitemid, srcitemcount, reworreqmoney, RewMoneyMaxLevel, rewxp, rewrepfaction1, rewrepvalue1,  rewrepfaction2, rewrepvalue2, rewrepfaction3, rewrepvalue3, rewrepfaction4, rewrepvalue4, rewspell, rewspellcast, completeemote, rewitemid1, rewitemcount1, rewitemid2, rewitemcount2, rewitemid3, rewitemcount3, rewitemid4, rewitemcount4, rewchoiceitemid1, rewchoiceitemcount1, rewchoiceitemid2, rewchoiceitemcount2, rewchoiceitemid3, rewchoiceitemcount3, rewchoiceitemid4, rewchoiceitemcount4,requiredminrepfaction,requiredminrepvalue,objectivetext1) values (0,41223,2,5225,6,4,0,0,'Party Like There\'s No Tomorrow','Oh, what a calamity! I was organizing a splendid gathering in Anasterian Park, complete with wine, snacks, and all the trimmings. Suddenly, a horde of dreadful creatures materialized, and I had to flee for my life!$B$BI managed to survive, but alas, all my party supplies were lost in the chaos. Now, I\'m too frightened to venture deep into the park again. Would you be so kind as to recover them for me? I yearn to host my party right here.','Recover party supplies for Relaina Whiteshore.','I just can\'t stop thinking about all the fun.','Oh! You\'ve recovered them! Thank you, thank you!$B$BWhile I\'d love to extend an invitation to the party, I\'m afraid it\'s a closed affair. However, fret not, for there will surely be another occasion for us to have some fun together, won\'t there?',41169,8,0,0,0,0,0,0, 0,0,0,0,0,0,0,0, 0,0, 0,1860,310, 269,150,0,0,0,0,0,0, 0,0,0, 0,0,0,0,0,0,0,0, 41158,1,41159,1,0,0,0,0, 0,0,'');

replace into creature_questrelation		(id, quest) values (61879, 41223);
replace into creature_involvedrelation  (id, quest) values (61879, 41223);

replace into item_template (entry, display_id, name, class, quality, flags, buy_count, allowable_class, allowable_race, item_level, stackable, spellcooldown_1, spellcategorycooldown_1, spellcooldown_2, spellcategorycooldown_2, bonding, description, page_text, material) values
(41169,9151,'Party Supplies',12,1,2048,1,-1,-1,1,8,-1,-1,-1,-1,4,'',0,3);

REPLACE INTO gameobject_template VALUES
(2020079, 3, 32834, 'Party Supplies', 0, 4, 1, 43, 2020079, 0, 1, 0, 0, 0, 0, 0, 0, 0, 0, 0, 0, 0, 0, 0, 0, 0, 0, 0, 0, 0, 0, 0, 0, 0, '');

replace into gameobject_loot_template values
(2020079,41169,-100,0,1,1,0);

-- Thalassian Highlands Quests vol 4:
-- Love, No Matter What
delete from quest_template where entry = 41224;
replace into quest_template (prevquestid, entry, method, zoneorsort, questlevel, minlevel, questflags, specialflags, title, details, objectives, requestitemstext, offerrewardtext, reqitemid1, reqitemcount1, reqitemid2, reqitemcount2, reqitemid3, reqitemcount3, reqitemid4, reqitemcount4, reqcreatureorgoid1, reqcreatureorgocount1, reqcreatureorgoid2, reqcreatureorgocount2, reqcreatureorgoid3, reqcreatureorgocount3, reqcreatureorgoid4, reqcreatureorgocount4, srcitemid, srcitemcount, reworreqmoney, RewMoneyMaxLevel, rewxp, rewrepfaction1, rewrepvalue1,  rewrepfaction2, rewrepvalue2, rewrepfaction3, rewrepvalue3, rewrepfaction4, rewrepvalue4, rewspell, rewspellcast, completeemote, rewitemid1, rewitemcount1, rewitemid2, rewitemcount2, rewitemid3, rewitemcount3, rewitemid4, rewitemcount4, rewchoiceitemid1, rewchoiceitemcount1, rewchoiceitemid2, rewchoiceitemcount2, rewchoiceitemid3, rewchoiceitemcount3, rewchoiceitemid4, rewchoiceitemcount4,requiredminrepfaction,requiredminrepvalue,objectivetext1) values (0,41224,2,5225,8,5,0,0,'Love, No Matter What','I lost everything when Arthas came—my wealth, my influence, my home. However, amidst the ruins, I discovered something new: love. If not for Lin and her unwavering support, I\'m uncertain how I would have coped with this disaster.$B$BI wish to express my gratitude to her, but I\'m at a loss on how to do so. I\'ve never excelled in matters of sentiment. It might sound peculiar, but perhaps a fox fur would complement her beautiful hair. I\'ve heard that foxes inhabit the Autumn Isle to the west. If you could obtain their fur and bring it to Vanudal Goldweaver, he could craft a stunning stole...','Bring a Fox Fur to Vanudal Goldwever in Alah\'Thalas.','Why hello there. How can I help you?','Kaelin wants to give Lin a gift? Say no more.',41170,1,0,0,0,0,0,0, 0,0,0,0,0,0,0,0, 0,0, 0,4200,700, 269,100,0,0,0,0,0,0, 0,0,0, 0,0,0,0,0,0,0,0, 0,0,0,0,0,0,0,0, 0,0,'');

replace into creature_questrelation		(id, quest) values (61818, 41224);
replace into creature_involvedrelation  (id, quest) values (61832, 41224);

replace into item_template (entry, display_id, name, class, quality, flags, buy_count, allowable_class, allowable_race, item_level, stackable, spellcooldown_1, spellcategorycooldown_1, spellcooldown_2, spellcategorycooldown_2, bonding, description, page_text, material) values
(41170,7169,'Fox Fur',12,1,2048,1,-1,-1,1,1,-1,-1,-1,-1,4,'',0,8);

replace into creature_loot_template values
(61717,41170,-100,0,1,1,0);

-- Kaelin's Gift
delete from quest_template where entry = 41225;
replace into quest_template (prevquestid, entry, method, zoneorsort, questlevel, minlevel, questflags, specialflags, title, details, objectives, requestitemstext, offerrewardtext, reqitemid1, reqitemcount1, reqitemid2, reqitemcount2, reqitemid3, reqitemcount3, reqitemid4, reqitemcount4, reqcreatureorgoid1, reqcreatureorgocount1, reqcreatureorgoid2, reqcreatureorgocount2, reqcreatureorgoid3, reqcreatureorgocount3, reqcreatureorgoid4, reqcreatureorgocount4, srcitemid, srcitemcount, reworreqmoney, RewMoneyMaxLevel, rewxp, rewrepfaction1, rewrepvalue1,  rewrepfaction2, rewrepvalue2, rewrepfaction3, rewrepvalue3, rewrepfaction4, rewrepvalue4, rewspell, rewspellcast, completeemote, rewitemid1, rewitemcount1, rewitemid2, rewitemcount2, rewitemid3, rewitemcount3, rewitemid4, rewitemcount4, rewchoiceitemid1, rewchoiceitemcount1, rewchoiceitemid2, rewchoiceitemcount2, rewchoiceitemid3, rewchoiceitemcount3, rewchoiceitemid4, rewchoiceitemcount4,requiredminrepfaction,requiredminrepvalue,objectivetext1) values (41224,41225,2,5225,8,5,0,0,'Kaelin\'s Gift','I never thought he\'d become so sentimental! Back in Silvermoon, he was the toughest guy on the streets. But it\'s a pleasant surprise. I\'m genuinely happy he found her.$B$B<Vanudal deftly works with the fox skin, cutting and sewing it with masterful precision.>$B$BHere you go. It\'s as good as I could make it with the materials on hand. Perhaps with some golden threads, it could be even more exquisite, but I assume you\'re not ready for a journey to the Ruins of Silvermoon, are you? Please convey to Kaelin that he owes me a bottle of Dalaran Red!','Present the stole to Kaelin Bladesong.','Any success?','<Kaelin gazes at the stole>$B$BYes, it\'s perfect. I... I think. It will suit my beloved splendidly. I can\'t wait to see the surprise on her face.',41171,1,0,0,0,0,0,0, 0,0,0,0,0,0,0,0, 41171,1, 420,540,90, 269,50,0,0,0,0,0,0, 0,0,0, 0,0,0,0,0,0,0,0, 0,0,0,0,0,0,0,0, 0,0,'');

replace into creature_questrelation		(id, quest) values (61832, 41225);
replace into creature_involvedrelation  (id, quest) values (61818, 41225);

replace into item_template (entry, display_id, name, class, quality, flags, buy_count, allowable_class, allowable_race, item_level, stackable, spellcooldown_1, spellcategorycooldown_1, spellcooldown_2, spellcategorycooldown_2, bonding, description, page_text, material) values
(41171,8771,'Fox Fur Stole',12,1,2048,1,-1,-1,1,1,-1,-1,-1,-1,4,'',0,7);

-- Magically Sealed Letter
delete from quest_template where entry = 41226;
replace into quest_template (prevquestid, entry, method, zoneorsort, questlevel, minlevel, questflags, specialflags, title, details, objectives, requestitemstext, offerrewardtext, reqitemid1, reqitemcount1, reqitemid2, reqitemcount2, reqitemid3, reqitemcount3, reqitemid4, reqitemcount4, reqcreatureorgoid1, reqcreatureorgocount1, reqcreatureorgoid2, reqcreatureorgocount2, reqcreatureorgoid3, reqcreatureorgocount3, reqcreatureorgoid4, reqcreatureorgocount4, srcitemid, srcitemcount, reworreqmoney, RewMoneyMaxLevel, rewxp, rewrepfaction1, rewrepvalue1,  rewrepfaction2, rewrepvalue2, rewrepfaction3, rewrepvalue3, rewrepfaction4, rewrepvalue4, rewspell, rewspellcast, completeemote, rewitemid1, rewitemcount1, rewitemid2, rewitemcount2, rewitemid3, rewitemcount3, rewitemid4, rewitemcount4, rewchoiceitemid1, rewchoiceitemcount1, rewchoiceitemid2, rewchoiceitemcount2, rewchoiceitemid3, rewchoiceitemcount3, rewchoiceitemid4, rewchoiceitemcount4,requiredminrepfaction,requiredminrepvalue,objectivetext1) values (41188,41226,2,5225,1,1,0,0,'Magically Sealed Letter','Your eagerness and talent are both admirable, mage. However, I must caution you. With the Sunwell lost, the use of your arcane arts may turn against you.$B$BLuckily, there is someone who can help you with this. Ala\'shor, a powerful arcanist, has sent a letter offering his aid. He is someone you should definitely pay a visit to.','Speak to Ala\'shor Frostfire in Brinthillien.','Bal\'a dash.','It was wise of you to come. Now, let us begin.',41172,1,0,0,0,0,0,0, 0,0,0,0,0,0,0,0, 41172,1, 0,240,40, 0,0,0,0,0,0,0,0, 0,0,0, 0,0,0,0,0,0,0,0, 0,0,0,0,0,0,0,0, 0,0,'');

replace into creature_questrelation		(id, quest) values (61851, 41226);
replace into creature_involvedrelation  (id, quest) values (80218, 41226);

replace into item_template (entry, display_id, name, class, quality, flags, buy_count, allowable_class, allowable_race, item_level, stackable, spellcooldown_1, spellcategorycooldown_1, spellcooldown_2, spellcategorycooldown_2, bonding, description, page_text, material) values
(41172,32847,'Magically Sealed Letter',12,1,2048,1,-1,-1,1,1,-1,-1,-1,-1,4,'50686',0,7);

replace INTO page_text (`entry`, `text`, `next_page`) VALUES
(50686, 'The loss of the Sunwell has affected us all, some more profoundly than others. Our daily use of the arcane has been curtailed. Unfortunately, some individuals have miscalculated the severity of the situation and have now fallen prey to their hunger, transforming into the withered.$B$BAs a promising mage apprentice, times may prove to be quite challenging for you. With the arcane being your primary source of power, you must possess the control and discipline to comprehend your limitations. Seek me out on the lower level of the main building, where our journey together can commence.', 0);

-- Elegant Letter
delete from quest_template where entry = 41227;
replace into quest_template (prevquestid, entry, method, zoneorsort, questlevel, minlevel, questflags, specialflags, title, details, objectives, requestitemstext, offerrewardtext, reqitemid1, reqitemcount1, reqitemid2, reqitemcount2, reqitemid3, reqitemcount3, reqitemid4, reqitemcount4, reqcreatureorgoid1, reqcreatureorgocount1, reqcreatureorgoid2, reqcreatureorgocount2, reqcreatureorgoid3, reqcreatureorgocount3, reqcreatureorgoid4, reqcreatureorgocount4, srcitemid, srcitemcount, reworreqmoney, RewMoneyMaxLevel, rewxp, rewrepfaction1, rewrepvalue1,  rewrepfaction2, rewrepvalue2, rewrepfaction3, rewrepvalue3, rewrepfaction4, rewrepvalue4, rewspell, rewspellcast, completeemote, rewitemid1, rewitemcount1, rewitemid2, rewitemcount2, rewitemid3, rewitemcount3, rewitemid4, rewitemcount4, rewchoiceitemid1, rewchoiceitemcount1, rewchoiceitemid2, rewchoiceitemcount2, rewchoiceitemid3, rewchoiceitemcount3, rewchoiceitemid4, rewchoiceitemcount4,requiredminrepfaction,requiredminrepvalue,objectivetext1) values (41188,41227,2,5225,1,1,0,0,'Elegant Letter','It appears that you have joined our allies in taking up arms. You\'ve become quite the devoted soldier of the Light, have you not?$B$BIt is my hope that in your newfound faith, you will be able to manage the restraints that have so easily hindered many of our kin. Even in the face of the Eternal Sun, we were guided by the Light. A soldier of your ilk has requested your attention. Lor\'thas has asked me to present to you this letter.','Speak to Lor\'thas in Brinthillien.','Walk with the Light.','I am pleased you have answered the call. Let us begin your training.',41173,1,0,0,0,0,0,0, 0,0,0,0,0,0,0,0, 41173,1, 0,240,40, 0,0,0,0,0,0,0,0, 0,0,0, 0,0,0,0,0,0,0,0, 0,0,0,0,0,0,0,0, 0,0,'');

replace into creature_questrelation		(id, quest) values (61851, 41227);
replace into creature_involvedrelation  (id, quest) values (80220, 41227);

replace into item_template (entry, display_id, name, class, quality, flags, buy_count, allowable_class, allowable_race, item_level, stackable, spellcooldown_1, spellcategorycooldown_1, spellcooldown_2, spellcategorycooldown_2, bonding, description, page_text, material) values
(41173,32847,'Elegant Letter',12,1,2048,1,-1,-1,1,1,-1,-1,-1,-1,4,'50687',0,7);

replace INTO page_text (`entry`, `text`, `next_page`) VALUES
(50687, 'Light be with you, aspirant. I am Lor\'thas, a Paladin, like yourself. I write this letter to inform you of my presence in the academy and to offer you advice and training. You are surely aware of our new condition that, sadly, cannot be prevented. However, we may prolong its inevitable onset.$B$BThe Light offers us discipline and salvation, though what we truly seek is redemption and justice. Under its brightness, the Light shall provide us a chance to repay the Scourge a debt long overdue. You shall find me on the lower level of the main building.', 0);

-- Blessed Elegant Letter
delete from quest_template where entry = 41228;
replace into quest_template (prevquestid, entry, method, zoneorsort, questlevel, minlevel, questflags, specialflags, title, details, objectives, requestitemstext, offerrewardtext, reqitemid1, reqitemcount1, reqitemid2, reqitemcount2, reqitemid3, reqitemcount3, reqitemid4, reqitemcount4, reqcreatureorgoid1, reqcreatureorgocount1, reqcreatureorgoid2, reqcreatureorgocount2, reqcreatureorgoid3, reqcreatureorgocount3, reqcreatureorgoid4, reqcreatureorgocount4, srcitemid, srcitemcount, reworreqmoney, RewMoneyMaxLevel, rewxp, rewrepfaction1, rewrepvalue1,  rewrepfaction2, rewrepvalue2, rewrepfaction3, rewrepvalue3, rewrepfaction4, rewrepvalue4, rewspell, rewspellcast, completeemote, rewitemid1, rewitemcount1, rewitemid2, rewitemcount2, rewitemid3, rewitemcount3, rewitemid4, rewitemcount4, rewchoiceitemid1, rewchoiceitemcount1, rewchoiceitemid2, rewchoiceitemcount2, rewchoiceitemid3, rewchoiceitemcount3, rewchoiceitemid4, rewchoiceitemcount4,requiredminrepfaction,requiredminrepvalue,objectivetext1) values (41188,41228,2,5225,1,1,0,0,'Blessed Elegant Letter','You have the brightest Light of grace and mercy radiating around your head. You are not unlike others who have ventured down the path of healing and nurturing our people.$B$BYou have earned my deepest respect and admiration, priest. Regardless of your youthful beginning, I feel honored in your presence, much like I would around our other more experienced priest, Lady Silversun. She has entrusted me with the task of delivering this letter to you. Her grace and wisdom would undoubtedly be an aid in the trying times we face.','Speak to Maelah Silversun in Brinthillien.','Light bless you.','Our task is as noble as the heritage we carry.',41174,1,0,0,0,0,0,0, 0,0,0,0,0,0,0,0, 41174,1, 0,240,40, 0,0,0,0,0,0,0,0, 0,0,0, 0,0,0,0,0,0,0,0, 0,0,0,0,0,0,0,0, 0,0,'');

replace into creature_questrelation		(id, quest) values (61851, 41228);
replace into creature_involvedrelation  (id, quest) values (80221, 41228);

replace into item_template (entry, display_id, name, class, quality, flags, buy_count, allowable_class, allowable_race, item_level, stackable, spellcooldown_1, spellcategorycooldown_1, spellcooldown_2, spellcategorycooldown_2, bonding, description, page_text, material) values
(41174,32847,'Blessed Elegant Letter',12,1,2048,1,-1,-1,1,1,-1,-1,-1,-1,4,'50688',0,7);

replace INTO page_text (`entry`, `text`, `next_page`) VALUES
(50688, 'Blessings of the Sun.$B$BI am pleased to learn that another devotee of faith has joined our cause. Many of our people were not previously eager to embrace the Light, even before the Scourge\'s attack. Some believers even abandoned their faith after the loss of our homeland.$B$BNonetheless, the Light\'s smallest glimmer shines even in the darkest cave. Thus, you and I are tasked with guiding our people back to their faith and helping them through these times of adversity. Though the Sunwell is gone, the Sun continues to shine brightly. Don\'t forget we are here to aid, heal, and support our people, which is precisely what they need now. If you seek my guidance or instruction, you shall locate me on the lower level of the main building.', 0);

-- Shady Letter
delete from quest_template where entry = 41229;
replace into quest_template (prevquestid, entry, method, zoneorsort, questlevel, minlevel, questflags, specialflags, title, details, objectives, requestitemstext, offerrewardtext, reqitemid1, reqitemcount1, reqitemid2, reqitemcount2, reqitemid3, reqitemcount3, reqitemid4, reqitemcount4, reqcreatureorgoid1, reqcreatureorgocount1, reqcreatureorgoid2, reqcreatureorgocount2, reqcreatureorgoid3, reqcreatureorgocount3, reqcreatureorgoid4, reqcreatureorgocount4, srcitemid, srcitemcount, reworreqmoney, RewMoneyMaxLevel, rewxp, rewrepfaction1, rewrepvalue1,  rewrepfaction2, rewrepvalue2, rewrepfaction3, rewrepvalue3, rewrepfaction4, rewrepvalue4, rewspell, rewspellcast, completeemote, rewitemid1, rewitemcount1, rewitemid2, rewitemcount2, rewitemid3, rewitemcount3, rewitemid4, rewitemcount4, rewchoiceitemid1, rewchoiceitemcount1, rewchoiceitemid2, rewchoiceitemcount2, rewchoiceitemid3, rewchoiceitemcount3, rewchoiceitemid4, rewchoiceitemcount4,requiredminrepfaction,requiredminrepvalue,objectivetext1) values (41188,41229,2,5225,1,1,0,0,'Shady Letter','Your agility and skill are impressive. I\'m unsure whether to admire or be cautious of you. No offense intended.$B$BYour line of work is irrelevant to our goal of reclaiming our homeland. What matters is your ability to make the most of any situation. But enough of my words, someone seeks you. This letter, delivered by a child, bears no sender\'s name. As I respect privacy and never snoop around in mail, I shall deliver it to you.','Speak to Leela the Shadow in Brinthillien.','Beware what hides in the shadows.','This will not be cheap, you will be indebted to me greatly.',41175,1,0,0,0,0,0,0, 0,0,0,0,0,0,0,0, 41175,1, 0,240,40, 0,0,0,0,0,0,0,0, 0,0,0, 0,0,0,0,0,0,0,0, 0,0,0,0,0,0,0,0, 0,0,'');

replace into creature_questrelation		(id, quest) values (61851, 41229);
replace into creature_involvedrelation  (id, quest) values (80223, 41229);

replace into item_template (entry, display_id, name, class, quality, flags, buy_count, allowable_class, allowable_race, item_level, stackable, spellcooldown_1, spellcategorycooldown_1, spellcooldown_2, spellcategorycooldown_2, bonding, description, page_text, material) values
(41175,32847,'Shady Letter',12,1,2048,1,-1,-1,1,1,-1,-1,-1,-1,4,'50689',0,7);

replace INTO page_text (`entry`, `text`, `next_page`) VALUES
(50689, 'Thief, scoundrel, and outlaw: these names defined you before the fall of your homeland.$B$BIt seems that fate smiles upon you, for no one shall concern themselves with your past if you are willing to contribute to the greater cause. But I, who remember you, am interested in your change of heart.$B$BFear not, for my anger has subsided, and I am interested in your ability to endure the darkest aspects of Silvermoon. Join me, and together let us embrace these shadows, for you will never be wealthy, but your hunger will never again consume you.$B$BYou will find me to the left of the Golden Ranger.', 0);

-- Plain Letter
delete from quest_template where entry = 41230;
replace into quest_template (prevquestid, entry, method, zoneorsort, questlevel, minlevel, questflags, specialflags, title, details, objectives, requestitemstext, offerrewardtext, reqitemid1, reqitemcount1, reqitemid2, reqitemcount2, reqitemid3, reqitemcount3, reqitemid4, reqitemcount4, reqcreatureorgoid1, reqcreatureorgocount1, reqcreatureorgoid2, reqcreatureorgocount2, reqcreatureorgoid3, reqcreatureorgocount3, reqcreatureorgoid4, reqcreatureorgocount4, srcitemid, srcitemcount, reworreqmoney, RewMoneyMaxLevel, rewxp, rewrepfaction1, rewrepvalue1,  rewrepfaction2, rewrepvalue2, rewrepfaction3, rewrepvalue3, rewrepfaction4, rewrepvalue4, rewspell, rewspellcast, completeemote, rewitemid1, rewitemcount1, rewitemid2, rewitemcount2, rewitemid3, rewitemcount3, rewitemid4, rewitemcount4, rewchoiceitemid1, rewchoiceitemcount1, rewchoiceitemid2, rewchoiceitemcount2, rewchoiceitemid3, rewchoiceitemcount3, rewchoiceitemid4, rewchoiceitemcount4,requiredminrepfaction,requiredminrepvalue,objectivetext1) values (41188,41230,2,5225,1,1,0,0,'Plain Letter','I sense anger burning inside you. Your arms tremble and shake, but not in fear, rather at the rage you are attempting to restrain. Such moments are when we should place our hope in warriors such as yourself, ones undaunted despite adversity.$B$BYou who have not benefitted from the arcane, never even dreamed of wielding a weapon before the fall of Quel\'Thalas. You who had nothing and still lost everything. That fire in your eyes reminds me of Valanos\', the one who instructed me to provide you with this letter.','Speak to Valanos Dawnfire in Brinthillien.','Raise your weapon to the Sun.','Let none survive.',41176,1,0,0,0,0,0,0, 0,0,0,0,0,0,0,0, 41176,1, 0,240,40, 0,0,0,0,0,0,0,0, 0,0,0, 0,0,0,0,0,0,0,0, 0,0,0,0,0,0,0,0, 0,0,'');

replace into creature_questrelation		(id, quest) values (61851, 41230);
replace into creature_involvedrelation  (id, quest) values (80217, 41230);

replace into item_template (entry, display_id, name, class, quality, flags, buy_count, allowable_class, allowable_race, item_level, stackable, spellcooldown_1, spellcategorycooldown_1, spellcooldown_2, spellcategorycooldown_2, bonding, description, page_text, material) values
(41176,32847,'Plain Letter',12,1,2048,1,-1,-1,1,1,-1,-1,-1,-1,4,'50690',0,7);

replace INTO page_text (`entry`, `text`, `next_page`) VALUES
(50690, 'Anger can become your most powerful weapon as long as you do not let it eat away at you. Despite our losses, do you not perceive that many of the others have simply accepted their despair instead of channeling their willpower to reclaim and avenge?$B$BMy blade swirls with grace and poise, akin to how the leaves dance amid autumn. So too shall yours, if you join me for a lesson or two in mastering it. Perceive your anger as a tool. Tame it so that those who perish at your hands will be awed by your craft. I will be waiting for you in the smaller building to the left of the Golden Ranger.', 0);

-- Feathered Letter
delete from quest_template where entry = 41231;
replace into quest_template (prevquestid, entry, method, zoneorsort, questlevel, minlevel, questflags, specialflags, title, details, objectives, requestitemstext, offerrewardtext, reqitemid1, reqitemcount1, reqitemid2, reqitemcount2, reqitemid3, reqitemcount3, reqitemid4, reqitemcount4, reqcreatureorgoid1, reqcreatureorgocount1, reqcreatureorgoid2, reqcreatureorgocount2, reqcreatureorgoid3, reqcreatureorgocount3, reqcreatureorgoid4, reqcreatureorgocount4, srcitemid, srcitemcount, reworreqmoney, RewMoneyMaxLevel, rewxp, rewrepfaction1, rewrepvalue1,  rewrepfaction2, rewrepvalue2, rewrepfaction3, rewrepvalue3, rewrepfaction4, rewrepvalue4, rewspell, rewspellcast, completeemote, rewitemid1, rewitemcount1, rewitemid2, rewitemcount2, rewitemid3, rewitemcount3, rewitemid4, rewitemcount4, rewchoiceitemid1, rewchoiceitemcount1, rewchoiceitemid2, rewchoiceitemcount2, rewchoiceitemid3, rewchoiceitemcount3, rewchoiceitemid4, rewchoiceitemcount4,requiredminrepfaction,requiredminrepvalue,objectivetext1) values (41188,41231,2,5225,1,1,0,0,'Feathered Letter','Are you seeking to become an esteemed and honorable ranger? Your bearing with the bow is remarkable, quite frankly almost rivaling the honor of becoming an acclaimed and renowned arcanist.$B$BIt is unfortunate that many of our rangers have perished alongside our homeland. Yet, similar to yourself, there exists another here who wants to emulate their footsteps. Take wisdom from her experience, and perhaps both you and her shall become the stepping stones for future generations.','Speak to Rubinah Longstrider in Brinthillien.','May your arrows fly swiftly.','The Farstrider legacy must live on.',41177,1,0,0,0,0,0,0, 0,0,0,0,0,0,0,0, 41177,1, 0,240,40, 0,0,0,0,0,0,0,0, 0,0,0, 0,0,0,0,0,0,0,0, 0,0,0,0,0,0,0,0, 0,0,'');

replace into creature_questrelation		(id, quest) values (61851, 41231);
replace into creature_involvedrelation  (id, quest) values (80219, 41231);

replace into item_template (entry, display_id, name, class, quality, flags, buy_count, allowable_class, allowable_race, item_level, stackable, spellcooldown_1, spellcategorycooldown_1, spellcooldown_2, spellcategorycooldown_2, bonding, description, page_text, material) values
(41177,32847,'Feathered Letter',12,1,2048,1,-1,-1,1,1,-1,-1,-1,-1,4,'50691',0,7);

replace INTO page_text (`entry`, `text`, `next_page`) VALUES
(50691, 'I greet you, fellow ranger-in-training. I appreciate the way you carry yourself and the determination you demonstrate in following the footsteps of our renowned brethren.$B$BBefore the fall of Quel\'Thalas, I was a freshly inducted member of the Farstriders, a contingent of skilled rangers who ventured beyond our borders to guard our lands and honor. The legacy of the Farstriders has been diminished during these trying times. However, I believe we can restore it, albeit gradually, together. Meet with me; I will be somewhere in the outskirts of Brinthilien.', 0);

-- To Find the Heart
delete from quest_template where entry = 41232;
replace into quest_template (prevquestid, entry, method, zoneorsort, questlevel, minlevel, questflags, specialflags, title, details, objectives, requestitemstext, offerrewardtext, reqitemid1, reqitemcount1, reqitemid2, reqitemcount2, reqitemid3, reqitemcount3, reqitemid4, reqitemcount4, reqcreatureorgoid1, reqcreatureorgocount1, reqcreatureorgoid2, reqcreatureorgocount2, reqcreatureorgoid3, reqcreatureorgocount3, reqcreatureorgoid4, reqcreatureorgocount4, srcitemid, srcitemcount, reworreqmoney, RewMoneyMaxLevel, rewxp, rewrepfaction1, rewrepvalue1,  rewrepfaction2, rewrepvalue2, rewrepfaction3, rewrepvalue3, rewrepfaction4, rewrepvalue4, rewspell, rewspellcast, completeemote, rewitemid1, rewitemcount1, rewitemid2, rewitemcount2, rewitemid3, rewitemcount3, rewitemid4, rewitemcount4, rewchoiceitemid1, rewchoiceitemcount1, rewchoiceitemid2, rewchoiceitemcount2, rewchoiceitemid3, rewchoiceitemcount3, rewchoiceitemid4, rewchoiceitemcount4,requiredminrepfaction,requiredminrepvalue,objectivetext1) values (0,41232,2,5225,7,5,0,0,'To Find the Heart','We have allowed this poor soul to rest at the roots of the Sleeping Tree. While it will not heal them, it will stop the effects of withering, at least for now. As guardians of these lands, all life here is valuable and must be nurtured by us.$B$BHowever, you were not sent here to learn of our values. I know what the Highborne wants, and while I am not sure it will work, my sisters and I will do our best to aid. Gather a few leaves from the bushes and the heart of a hawkstrider. It pains me to have you send and do this, but sometimes, to receive something, you must offer something in return.','Gather the necessary ingredients for Rine.','Have you gathered them all?','Allow us to briefly unite your hands with ours, so that we may perform this ritual.',41179,1,41180,5,0,0,0,0, 0,0,0,0,0,0,0,0, 0,0, 320,4380,730, 269,50,0,0,0,0,0,0, 0,0,0, 0,0,0,0,0,0,0,0, 0,0,0,0,0,0,0,0, 0,0,'');

replace into creature_questrelation		(id, quest) values (61845, 41232);
replace into creature_involvedrelation  (id, quest) values (61845, 41232);

replace into item_template (entry, display_id, name, class, quality, flags, buy_count, allowable_class, allowable_race, item_level, stackable, spellcooldown_1, spellcategorycooldown_1, spellcooldown_2, spellcategorycooldown_2, bonding, description, page_text, material) values
(41179,7269,'Hawkstrider Heart',12,1,2048,1,-1,-1,1,1,-1,-1,-1,-1,4,'0',0,3),
(41180,18169,'Autumnal Leaves',12,1,2048,1,-1,-1,1,5,-1,-1,-1,-1,4,'0',0,7);

replace into creature_loot_template values
(61716,41179,-90,0,1,1,0);

REPLACE INTO gameobject_template VALUES
(2020080, 3, 27136, 'Autumnal Bush', 0, 4, 1, 43, 2020080, 0, 1, 0, 0, 0, 0, 0, 0, 0, 0, 0, 0, 0, 0, 0, 0, 0, 0, 0, 0, 0, 0, 0, 0, 0, '');

replace into gameobject_loot_template values
(2020080,41180,-100,0,1,1,0);

update creature_template set script_name = 'npc_rine' where entry = 61845;

replace INTO `broadcast_text` (`entry`, `male_text`, `female_text`, `chat_type`, `sound_id`, `language_id`, `emote_id1`, `emote_id2`, `emote_id3`, `emote_delay1`, `emote_delay2`, `emote_delay3`) VALUES
(30153, 'Thilasa\'sh aralin.', NULL, 0, 0, 0, 0, 0, 0, 0, 0, 0),
(30154, 'Sherl\'ma na shar.', NULL, 0, 0, 0, 0, 0, 0, 0, 0, 0),
(30155, 'Ash\'drassil shalda ren.', NULL, 0, 0, 0, 0, 0, 0, 0, 0, 0);

-- Where Is Your Heart?
delete from quest_template where entry = 41233;
replace into quest_template (prevquestid, entry, method, zoneorsort, questlevel, minlevel, questflags, specialflags, title, details, objectives, requestitemstext, offerrewardtext, reqitemid1, reqitemcount1, reqitemid2, reqitemcount2, reqitemid3, reqitemcount3, reqitemid4, reqitemcount4, reqcreatureorgoid1, reqcreatureorgocount1, reqcreatureorgoid2, reqcreatureorgocount2, reqcreatureorgoid3, reqcreatureorgocount3, reqcreatureorgoid4, reqcreatureorgocount4, srcitemid, srcitemcount, reworreqmoney, RewMoneyMaxLevel, rewxp, rewrepfaction1, rewrepvalue1,  rewrepfaction2, rewrepvalue2, rewrepfaction3, rewrepvalue3, rewrepfaction4, rewrepvalue4, rewspell, rewspellcast, completeemote, rewitemid1, rewitemcount1, rewitemid2, rewitemcount2, rewitemid3, rewitemcount3, rewitemid4, rewitemcount4, rewchoiceitemid1, rewchoiceitemcount1, rewchoiceitemid2, rewchoiceitemcount2, rewchoiceitemid3, rewchoiceitemcount3, rewchoiceitemid4, rewchoiceitemcount4,requiredminrepfaction,requiredminrepvalue,objectivetext1) values (41232,41233,2,5225,9,5,0,0,'Where Is Your Heart?','You will find what you seek underwater, in the ruins not so far from here; it is there that the heart lays dormant. I hope you will find it, and I hope it will help you achieve your goal.$B$B<Rine pats your head and tilts hers.>$B$BLong have you struggled, I see it in your eyes. Remember also to find rest, child. If you seek a glimpse of comfort, return to us. You will find none better than at the roots of the Sleeping Tree.$B$BAfter your task is done, return to Viz\'neya; she will know what is to be done.','Retrieve the Mana Core.','Please, do tell.','You have returned with the core. We may now begin.',41181,1,0,0,0,0,0,0, 0,0,0,0,0,0,0,0, 0,0, 0,5520,920, 269,100,0,0,0,0,0,0, 0,0,0, 41189,1,0,0,0,0,0,0, 0,0,0,0,0,0,0,0, 0,0,'');

replace into creature_questrelation		(id, quest) values (61845, 41233);
replace into creature_involvedrelation  (id, quest) values (61798, 41233);

replace into item_template (entry, display_id, name, class, quality, flags, buy_count, allowable_class, allowable_race, item_level, stackable, spellcooldown_1, spellcategorycooldown_1, spellcooldown_2, spellcategorycooldown_2, bonding, description, page_text, material) values
(41181,26571,'Mana Core',12,1,2048,1,-1,-1,1,1,-1,-1,-1,-1,4,'0',0,4);

REPLACE INTO gameobject_template VALUES
(2020081, 3, 4891, 'Mana Core', 0, 4, 1, 43, 2020081, 0, 1, 0, 0, 0, 0, 0, 0, 0, 0, 0, 0, 0, 0, 0, 0, 0, 0, 0, 0, 0, 0, 0, 0, 0, '');

replace into gameobject_loot_template values
(2020081,41181,-100,0,1,1,0);

-- To Raise An Ancient
delete from quest_template where entry = 41234;
replace into quest_template (prevquestid, entry, method, zoneorsort, questlevel, minlevel, questflags, specialflags, title, details, objectives, requestitemstext, offerrewardtext, reqitemid1, reqitemcount1, reqitemid2, reqitemcount2, reqitemid3, reqitemcount3, reqitemid4, reqitemcount4, reqcreatureorgoid1, reqcreatureorgocount1, reqcreatureorgoid2, reqcreatureorgocount2, reqcreatureorgoid3, reqcreatureorgocount3, reqcreatureorgoid4, reqcreatureorgocount4, srcitemid, srcitemcount, reworreqmoney, RewMoneyMaxLevel, rewxp, rewrepfaction1, rewrepvalue1,  rewrepfaction2, rewrepvalue2, rewrepfaction3, rewrepvalue3, rewrepfaction4, rewrepvalue4, rewspell, rewspellcast, completeemote, rewitemid1, rewitemcount1, rewitemid2, rewitemcount2, rewitemid3, rewitemcount3, rewitemid4, rewitemcount4, rewchoiceitemid1, rewchoiceitemcount1, rewchoiceitemid2, rewchoiceitemcount2, rewchoiceitemid3, rewchoiceitemcount3, rewchoiceitemid4, rewchoiceitemcount4,requiredminrepfaction,requiredminrepvalue,objectivetext1) values (41233,41234,2,5225,9,5,0,0,'To Raise An Ancient','Now that you have the core all that you need to do is return to Ordenal and he will know exactly what needs to be done. This is the core of an Ancient, one that has not been seen in a long time. I bet even Ordenal will be awed as you give him the core.$B$BWith the Ancient being brought back to life and being around the city of Alah\'Thalas it will help the Quel\'dorei with their meditation. This is once again, not a permanent solution. Regardless, it is the best we have.','Awaken the Ancient of Arcane.','Go on, then.','An Ancient of Arcane, how could that possibly be?',0,0,0,0,0,0,0,0, 0,0,0,0,0,0,0,0, 0,0, 0,1860,310, 269,100,0,0,0,0,0,0, 0,0,0, 0,0,0,0,0,0,0,0, 0,0,0,0,0,0,0,0, 0,0,'');

replace into creature_questrelation		(id, quest) values (61798, 41234);
replace into creature_involvedrelation  (id, quest) values (61796, 41234);

update creature_template set phase_quest_id = 41234 where entry = 61843;

delete from creature where id = 61843;
INSERT INTO `creature` (`id`, `id2`, `id3`, `id4`, `map`, `position_x`, `position_y`, `position_z`, `orientation`, `spawntimesecsmin`, `spawntimesecsmax`, `wander_distance`, `health_percent`, `mana_percent`, `movement_type`, `spawn_flags`, `visibility_mod`) VALUES (61843, 0, 0, 0, 0, 4362, -3089, 14, 5, 120, 120, 0, 100, 100, 0, 0, 0);

-- To Staghelm
delete from quest_template where entry = 41235;
replace into quest_template (prevquestid, entry, method, zoneorsort, questlevel, minlevel, questflags, specialflags, title, details, objectives, requestitemstext, offerrewardtext, reqitemid1, reqitemcount1, reqitemid2, reqitemcount2, reqitemid3, reqitemcount3, reqitemid4, reqitemcount4, reqcreatureorgoid1, reqcreatureorgocount1, reqcreatureorgoid2, reqcreatureorgocount2, reqcreatureorgoid3, reqcreatureorgocount3, reqcreatureorgoid4, reqcreatureorgocount4, srcitemid, srcitemcount, reworreqmoney, RewMoneyMaxLevel, rewxp, rewrepfaction1, rewrepvalue1,  rewrepfaction2, rewrepvalue2, rewrepfaction3, rewrepvalue3, rewrepfaction4, rewrepvalue4, rewspell, rewspellcast, completeemote, rewitemid1, rewitemcount1, rewitemid2, rewitemcount2, rewitemid3, rewitemcount3, rewitemid4, rewitemcount4, rewchoiceitemid1, rewchoiceitemcount1, rewchoiceitemid2, rewchoiceitemcount2, rewchoiceitemid3, rewchoiceitemcount3, rewchoiceitemid4, rewchoiceitemcount4,requiredminrepfaction,requiredminrepvalue,objectivetext1) values (41234,41235,2,5225,10,5,0,0,'To Staghelm','This is truly marvelous, beyond any expectation. I had no idea what that Highborne had up her sleeve, but by Elune, to stand before an Ancient that hasn\'t been seen in millennia...$B$BWord of this must reach the Archdruid! Please, understand. The Ancients are highly revered in the Kaldorei culture, and this will certainly aid me in helping the Quel\'dorei. May you reach Darnassus well; I know the Archdruid will see fit to reward you.','Seek Fandral Staghelm in Darnassus.','What?','I never thought Ordenal to be such a fool, acting without a modicum of consideration—summoning an Ancient of Arcane, a blatant mockery of our culture and heritage.$B$BNevertheless, your information is valuable. What\'s done cannot be undone, and while I abhor the very notion of such an Ancient, I find myself contemplating potential uses for it.$B$BNow be gone.',0,0,0,0,0,0,0,0, 0,0,0,0,0,0,0,0, 0,0, 0,2100,350, 0,0,0,0,0,0,0,0, 0,0,0, 41195,1,0,0,0,0,0,0, 0,0,0,0,0,0,0,0, 0,0,'');

replace into creature_questrelation		(id, quest) values (61796, 41235);
replace into creature_involvedrelation  (id, quest) values (3516 , 41235);

-- The Silver Covenant
delete from quest_template where entry = 41236;
replace into quest_template (prevquestid, entry, method, zoneorsort, questlevel, minlevel, questflags, specialflags, title, details, objectives, requestitemstext, offerrewardtext, reqitemid1, reqitemcount1, reqitemid2, reqitemcount2, reqitemid3, reqitemcount3, reqitemid4, reqitemcount4, reqcreatureorgoid1, reqcreatureorgocount1, reqcreatureorgoid2, reqcreatureorgocount2, reqcreatureorgoid3, reqcreatureorgocount3, reqcreatureorgoid4, reqcreatureorgocount4, srcitemid, srcitemcount, reworreqmoney, RewMoneyMaxLevel, rewxp, rewrepfaction1, rewrepvalue1,  rewrepfaction2, rewrepvalue2, rewrepfaction3, rewrepvalue3, rewrepfaction4, rewrepvalue4, rewspell, rewspellcast, completeemote, rewitemid1, rewitemcount1, rewitemid2, rewitemcount2, rewitemid3, rewitemcount3, rewitemid4, rewitemcount4, rewchoiceitemid1, rewchoiceitemcount1, rewchoiceitemid2, rewchoiceitemcount2, rewchoiceitemid3, rewchoiceitemcount3, rewchoiceitemid4, rewchoiceitemcount4,requiredminrepfaction,requiredminrepvalue,objectivetext1) values (41195,41236,2,5225,5,3,0,0,'The Silver Covenant','I shall spare you the intricacies of Quel\'dorei politics. Nevertheless, it is imperative that you are informed. Our once-united nation has fractured into smaller factions, engaged in a regrettable bickering over influence and power. Witnessing this discord within our own ranks pains my heart, but it is a tempest we must weather.$B$B<She pauses, a sense of resignation in her eyes.>$B$BHowever, amidst this turmoil, there are those loyal to the broader vision. They have rallied beneath the banner of the Silver Covenant, their camp positioned beyond the city to the west. I implore you to venture there and seek out Commander Braedin, my esteemed right hand. He has been diligently investigating the matter, and your assistance will be met with gratitude.','Find Commander Braedin in the Silver Covenant Camp.','Lady Windrunner shall lead us to victory!','I see. I\'ve been investigating the Blood Elf presence in this area for a considerable amount of time, but this is indeed grave news. If they truly have agents infiltrating even the city, swift and decisive action is imperative.',0,0,0,0,0,0,0,0, 0,0,0,0,0,0,0,0, 0,0, 0,720,120, 269,150,0,0,0,0,0,0, 0,0,0, 0,0,0,0,0,0,0,0, 0,0,0,0,0,0,0,0, 0,0,'');

replace into creature_questrelation		(id, quest) values (80877, 41236);
replace into creature_involvedrelation  (id, quest) values (61849, 41236);

-- Felstrider Retreat
delete from quest_template where entry = 41237;
replace into quest_template (prevquestid, entry, method, zoneorsort, questlevel, minlevel, questflags, specialflags, title, details, objectives, requestitemstext, offerrewardtext, reqitemid1, reqitemcount1, reqitemid2, reqitemcount2, reqitemid3, reqitemcount3, reqitemid4, reqitemcount4, reqcreatureorgoid1, reqcreatureorgocount1, reqcreatureorgoid2, reqcreatureorgocount2, reqcreatureorgoid3, reqcreatureorgocount3, reqcreatureorgoid4, reqcreatureorgocount4, srcitemid, srcitemcount, reworreqmoney, RewMoneyMaxLevel, rewxp, rewrepfaction1, rewrepvalue1,  rewrepfaction2, rewrepvalue2, rewrepfaction3, rewrepvalue3, rewrepfaction4, rewrepvalue4, rewspell, rewspellcast, completeemote, rewitemid1, rewitemcount1, rewitemid2, rewitemcount2, rewitemid3, rewitemcount3, rewitemid4, rewitemcount4, rewchoiceitemid1, rewchoiceitemcount1, rewchoiceitemid2, rewchoiceitemcount2, rewchoiceitemid3, rewchoiceitemcount3, rewchoiceitemid4, rewchoiceitemcount4,requiredminrepfaction,requiredminrepvalue,objectivetext1) values (41236,41237,2,5225,9,5,0,0,'Felstrider Retreat','Our... former brethren have fortified themselves in the mountain fortress of Felstrider Retreat. They\'ve been here even before we arrived to settle these lands, and I suspect they may be remnants of Kael\'s forces that did not sail to Northrend. Up until now, they haven\'t caused much trouble, and quite embarrassingly, we\'ve been overlooking their presence. However, if what you say is true, they must be plotting something.$B$BI need you to find evidence of their plot. Perhaps one of their soldiers carries orders that could shed more light on the matter. May the Light guide you, friend.','Find proof of the Blood Elf plot in Felstrider Retreat.','Have you found anything?','Rommath?$B$B That rat, that vermin! He\'s the one who betrayed Vereesa, siding with Astalor, and now this? He will hang for his treachery.$B$BBut first, deliver this news to Lady Vereesa. I sense there\'s something more to it...',41196,1,0,0,0,0,0,0, 0,0,0,0,0,0,0,0, 0,0, 0,5100,850, 269,150,0,0,0,0,0,0, 0,0,0, 0,0,0,0,0,0,0,0, 0,0,0,0,0,0,0,0, 0,0,'');

replace into creature_questrelation		(id, quest) values (61849, 41237);
replace into creature_involvedrelation  (id, quest) values (61849, 41237);

replace into item_template (entry, display_id, name, class, quality, flags, buy_count, allowable_class, allowable_race, item_level, stackable, spellcooldown_1, spellcategorycooldown_1, spellcooldown_2, spellcategorycooldown_2, bonding, description, page_text, material) values
(41196,7601,'Rommath\'s Orders',12,1,2048,1,-1,-1,1,1,-1,-1,-1,-1,4,'50692',0,7);

replace INTO page_text (`entry`, `text`, `next_page`) VALUES
(50692, 'Destroy this letter once you have memorized its contents.$B$BAll preparations have been made. Send your delegation to Alah\'Thalas at once. Eldin is not an option; he will be recognized. Choose one of your most trusted men, and ensure they cover their eyes during the journey. $B$BI will await your arrival until tomorrow. Should you be delayed or unable to reach Alah\'Thalas in time, I will contact him independently. I trust in the best outcome.$B$BRommath', 0);

replace into creature_loot_template values
(61780,41196,-8,0,1,1,0),
(61781,41196,-8,0,1,1,0),
(61782,41196,-8,0,1,1,0);

-- Back to Lady Windrunner
delete from quest_template where entry = 41238;
replace into quest_template (prevquestid, entry, method, zoneorsort, questlevel, minlevel, questflags, specialflags, title, details, objectives, requestitemstext, offerrewardtext, reqitemid1, reqitemcount1, reqitemid2, reqitemcount2, reqitemid3, reqitemcount3, reqitemid4, reqitemcount4, reqcreatureorgoid1, reqcreatureorgocount1, reqcreatureorgoid2, reqcreatureorgocount2, reqcreatureorgoid3, reqcreatureorgocount3, reqcreatureorgoid4, reqcreatureorgocount4, srcitemid, srcitemcount, reworreqmoney, RewMoneyMaxLevel, rewxp, rewrepfaction1, rewrepvalue1,  rewrepfaction2, rewrepvalue2, rewrepfaction3, rewrepvalue3, rewrepfaction4, rewrepvalue4, rewspell, rewspellcast, completeemote, rewitemid1, rewitemcount1, rewitemid2, rewitemcount2, rewitemid3, rewitemcount3, rewitemid4, rewitemcount4, rewchoiceitemid1, rewchoiceitemcount1, rewchoiceitemid2, rewchoiceitemcount2, rewchoiceitemid3, rewchoiceitemcount3, rewchoiceitemid4, rewchoiceitemcount4,requiredminrepfaction,requiredminrepvalue,objectivetext1) values (41237,41238,2,5225,9,5,0,0,'Back to Lady Windrunner','Make haste, $c. You may still have time to stop Rommath\'s scheme. Go with the wind, and let no one know about this, but Lady Vereesa! Fate of our kin is in your hands.','Report your findings to Vereesa Windrunner.','How was your investigation?','<Vereesa\'s countenance pales as you explain the situation to her.>$B$BI... I didn\'t anticipate that it would be someone from the Regency Council, even in my darkest dreams. Who else is conspiring against us? Voren\'thal? Astalor? This is profoundly grave news, $n.',0,0,0,0,0,0,0,0, 0,0,0,0,0,0,0,0, 0,0, 0,2100,350, 269,150,0,0,0,0,0,0, 0,0,0, 0,0,0,0,0,0,0,0, 0,0,0,0,0,0,0,0, 0,0,'');

replace into creature_questrelation		(id, quest) values (61849, 41238);
replace into creature_involvedrelation  (id, quest) values (80877, 41238);

-- Rommath, the Traitor
delete from quest_template where entry = 41239;
replace into quest_template (prevquestid, entry, method, zoneorsort, questlevel, minlevel, questflags, specialflags, title, details, objectives, requestitemstext, offerrewardtext, reqitemid1, reqitemcount1, reqitemid2, reqitemcount2, reqitemid3, reqitemcount3, reqitemid4, reqitemcount4, reqcreatureorgoid1, reqcreatureorgocount1, reqcreatureorgoid2, reqcreatureorgocount2, reqcreatureorgoid3, reqcreatureorgocount3, reqcreatureorgoid4, reqcreatureorgocount4, srcitemid, srcitemcount, reworreqmoney, RewMoneyMaxLevel, rewxp, rewrepfaction1, rewrepvalue1,  rewrepfaction2, rewrepvalue2, rewrepfaction3, rewrepvalue3, rewrepfaction4, rewrepvalue4, rewspell, rewspellcast, completeemote, rewitemid1, rewitemcount1, rewitemid2, rewitemcount2, rewitemid3, rewitemcount3, rewitemid4, rewitemcount4, rewchoiceitemid1, rewchoiceitemcount1, rewchoiceitemid2, rewchoiceitemcount2, rewchoiceitemid3, rewchoiceitemcount3, rewchoiceitemid4, rewchoiceitemcount4,requiredminrepfaction,requiredminrepvalue,objectivetext1) values (41238,41239,2,5225,9,5,0,0,'Rommath, the Traitor','With the current situation in the Regency Council, my hands are bound. No one but Lor\'Themar would believe me, even with the letter in our possession. They would undoubtedly perceive my actions as an attempt to usurp the title.$B$BHowever, all is not lost. If you can convince Rommath that you are, indeed, a delegation from Felstrider Retreat, he may inadvertently reveal more about his plans. The letter is exceedingly vague, and this approach may unveil additional details. Go, but exercise caution to avoid exposing your true identity. Rommath is unpredictable, and he could dispose of you in the blink of an eye.$B$BHe is on the top of the tower.','Report to Grand Magister Rommath. He can be found on the top of the Regency Tower.','Who dares interrupt my meditation?','Ah, you are from Felstrider, correct? You are safe; no one can hear us.$B$B<Rommath scrutinizes you, studying your face for an extended moment.>$B$BVery well. I have made all the necessary preparations. If my calculations are correct—and they are—we should be able to establish contact with Prince Kael\'Thas.$B$BBy the way, is everything well with Eldin? That fool Astalor has been attempting to amass a force to attack Felstrider, but he has been unsuccessful, as usual.$B$BGood, good. Inform me when you are ready.',0,0,0,0,0,0,0,0, 0,0,0,0,0,0,0,0, 0,0, 0,540,90, 0,0,0,0,0,0,0,0, 0,0,0, 0,0,0,0,0,0,0,0, 0,0,0,0,0,0,0,0, 0,0,'');

replace into creature_questrelation		(id, quest) values (80877, 41239);
replace into creature_involvedrelation  (id, quest) values (61800, 41239);

-- An Audience With the Prince
delete from quest_template where entry = 41240;
replace into quest_template (prevquestid, entry, method, zoneorsort, questlevel, minlevel, questflags, specialflags, title, details, objectives, requestitemstext, offerrewardtext, reqitemid1, reqitemcount1, reqitemid2, reqitemcount2, reqitemid3, reqitemcount3, reqitemid4, reqitemcount4, reqcreatureorgoid1, reqcreatureorgocount1, reqcreatureorgoid2, reqcreatureorgocount2, reqcreatureorgoid3, reqcreatureorgocount3, reqcreatureorgoid4, reqcreatureorgocount4, srcitemid, srcitemcount, reworreqmoney, RewMoneyMaxLevel, rewxp, rewrepfaction1, rewrepvalue1,  rewrepfaction2, rewrepvalue2, rewrepfaction3, rewrepvalue3, rewrepfaction4, rewrepvalue4, rewspell, rewspellcast, completeemote, rewitemid1, rewitemcount1, rewitemid2, rewitemcount2, rewitemid3, rewitemcount3, rewitemid4, rewitemcount4, rewchoiceitemid1, rewchoiceitemcount1, rewchoiceitemid2, rewchoiceitemcount2, rewchoiceitemid3, rewchoiceitemcount3, rewchoiceitemid4, rewchoiceitemcount4,requiredminrepfaction,requiredminrepvalue,objectivetext1) values (41239,41240,2,5225,9,5,0,0,'An Audience With the Prince','I will now open a portal to Outland. Brace yourself. You might feel a slight pull, try not to fall down.','Listen to the conversation between Grand Magister Rommath and Kael\'Thas.','My Prince...','So you see now. Every day, I hear our people label him a traitor, a coward. Yet, I am bound to fulfill his wishes. I do not comprehend his intentions, but I hold steadfast in my belief in him. I only wish more of our people could perceive it in the same light.',0,0,0,0,0,0,0,0, 60053,1,0,0,0,0,0,0, 0,0, 0,540,90, 0,0,0,0,0,0,0,0, 0,0,0, 0,0,0,0,0,0,0,0, 0,0,0,0,0,0,0,0, 0,0,'');

replace into creature_questrelation		(id, quest) values (61800, 41240);
replace into creature_involvedrelation  (id, quest) values (61800, 41240);

replace INTO `creature_template` (`entry`, `display_id1`, `display_id2`, `display_id3`, `display_id4`, `mount_display_id`, `name`, `subname`, `gossip_menu_id`, `level_min`, `level_max`, `health_min`, `health_max`, `mana_min`, `mana_max`, `armor`, `faction`, `npc_flags`, `speed_walk`, `speed_run`, `scale`, `detection_range`, `call_for_help_range`, `leash_range`, `rank`, `xp_multiplier`, `dmg_min`, `dmg_max`, `dmg_school`, `attack_power`, `dmg_multiplier`, `base_attack_time`, `ranged_attack_time`, `unit_class`, `unit_flags`, `dynamic_flags`, `beast_family`, `trainer_type`, `trainer_spell`, `trainer_class`, `trainer_race`, `ranged_dmg_min`, `ranged_dmg_max`, `ranged_attack_power`, `type`, `type_flags`, `loot_id`, `pickpocket_loot_id`, `skinning_loot_id`, `holy_res`, `fire_res`, `nature_res`, `frost_res`, `shadow_res`, `arcane_res`, `spell_id1`, `spell_id2`, `spell_id3`, `spell_id4`, `spell_list_id`, `pet_spell_list_id`, `spawn_spell_id`, `auras`, `gold_min`, `gold_max`, `ai_name`, `movement_type`, `inhabit_type`, `civilian`, `racial_leader`, `regeneration`, `equipment_id`, `trainer_id`, `vendor_id`, `mechanic_immune_mask`, `school_immune_mask`, `immunity_flags`, `flags_extra`, `phase_quest_id`, `script_name`) VALUES
(60053, 328, 0, 0, 0, 0, 'quest_41240_dummy_triger', NULL, 0, 1, 1, 0, 0, 0, 0, 0, 35, 0, 1, 1.14286, 1, 20, 5, 0, 0, 1, 0, 0, 0, 0, 1, 0, 0, 0, 0, 0, 0, 0, 0, 0, 0, 0, 0, 0, 0, 0, 0, 0, 0, 0, 0, 0, 0, 0, 0, 0, 0, 0, 0, 0, 0, 0, NULL, 0, 0, '', 0, 3, 0, 0, 3, 0, 0, 0, 0, 0, 0, 0, 0, '');

update creature_template set script_name = 'npc_rommath' where entry = 61800;

replace INTO `broadcast_text` (`entry`, `male_text`, `female_text`, `chat_type`, `sound_id`, `language_id`, `emote_id1`, `emote_id2`, `emote_id3`, `emote_delay1`, `emote_delay2`, `emote_delay3`) VALUES
(30156, 'Aseph-ah-balla nah!', NULL, 0, 0, 0, 0, 0, 0, 0, 0, 0),
(30157, 'Rommath, my faithful servant. It has been too long since we last spoke.', NULL, 0, 0, 0, 0, 0, 0, 0, 0, 0),
(30158, 'My Prince. I am relieved to see you alive and well. I have much to report...', NULL, 0, 0, 0, 0, 0, 0, 0, 0, 0),
(30159, 'Yet, I have little time. Are my people well?', NULL, 0, 0, 0, 0, 0, 0, 0, 0, 0),
(30160, 'Yes, my Prince. Yet, many wither, as we are unable to sate our addiction. Also, the Regency Council is torn...', NULL, 0, 0, 0, 0, 0, 0, 0, 0, 0),
(30161, 'Do not bore me with politics, Rommath. I care little about it. Soon, our people will hunger no more. I will see to it.', NULL, 0, 0, 0, 0, 0, 0, 0, 0, 0),
(30162, 'When, my Prince? Many believe that you have forsaken us. They call you a traitor, I can no longer bear the insults...', NULL, 0, 0, 0, 0, 0, 0, 0, 0, 0),
(30163, 'Soon, Rommath. Maintain silence for now. Until my return, it is better  that they forget about me. They cannot afford to be dependent on a mere idea; they require tangible solutions. Do not sow false hope among our people. I will only return when I have discovered the path to our salvation.', NULL, 0, 0, 0, 0, 0, 0, 0, 0, 0),
(30164, 'I understand. We await your return.', NULL, 0, 0, 0, 0, 0, 0, 0, 0, 0),
(30165, 'And I cannot wait to be with my people once more. It won\'t be long, I promise.', NULL, 0, 0, 0, 0, 0, 0, 0, 0, 0),
(30166, 'May you always remember the Light of the Sunwell, my Prince.', NULL, 0, 0, 0, 0, 0, 0, 0, 0, 0);