-- Conditions.
-- 80702: Target Has Quest 80702 In Log
INSERT INTO `conditions` (`condition_entry`, `type`, `value1`, `value2`, `value3`, `value4`, `flags`) VALUES (80702, 9, 80702, 0, 0, 0, 0);
-- 80730: Target Has Quest 80730 In Log
INSERT INTO `conditions` (`condition_entry`, `type`, `value1`, `value2`, `value3`, `value4`, `flags`) VALUES (80730, 9, 80730, 0, 0, 0, 0);
-- 53002: Target Has 1 Stacks Of Item 53002 In Inventory
INSERT INTO `conditions` (`condition_entry`, `type`, `value1`, `value2`, `value3`, `value4`, `flags`) VALUES (53002, 2, 53002, 1, 0, 0, 0);

-- Gossip scripts.
DELETE FROM `gossip_scripts` WHERE `id`=41333;
INSERT INTO `gossip_scripts` (`id`, `delay`, `priority`, `command`, `datalong`, `datalong2`, `datalong3`, `datalong4`, `target_param1`, `target_param2`, `target_type`, `data_flags`, `dataint`, `dataint2`, `dataint3`, `dataint4`, `x`, `y`, `z`, `o`, `condition_id`, `comments`) VALUES
(41333, 0, 0, 8, 50665, 0, 0, 0, 0, 0, 0, 0, 0, 0, 0, 0, 0, 0, 0, 0, 0, 'Foreman Oslow - Kill Credit for quest Young and Foolish');
DELETE FROM `gossip_scripts` WHERE `id`=41335;
INSERT INTO `gossip_scripts` (`id`, `delay`, `priority`, `command`, `datalong`, `datalong2`, `datalong3`, `datalong4`, `target_param1`, `target_param2`, `target_type`, `data_flags`, `dataint`, `dataint2`, `dataint3`, `dataint4`, `x`, `y`, `z`, `o`, `condition_id`, `comments`) VALUES
(41335, 0, 0, 8, 50666, 0, 0, 0, 0, 0, 0, 0, 0, 0, 0, 0, 0, 0, 0, 0, 0, 'Dorin Songblade - Kill Credit for quest Young and Foolish');
DELETE FROM `gossip_scripts` WHERE `id`=41337;
INSERT INTO `gossip_scripts` (`id`, `delay`, `priority`, `command`, `datalong`, `datalong2`, `datalong3`, `datalong4`, `target_param1`, `target_param2`, `target_type`, `data_flags`, `dataint`, `dataint2`, `dataint3`, `dataint4`, `x`, `y`, `z`, `o`, `condition_id`, `comments`) VALUES
(41337, 0, 0, 8, 50667, 0, 0, 0, 0, 0, 0, 0, 0, 0, 0, 0, 0, 0, 0, 0, 0, 'Magistrate Solomon - Kill Credit for quest Young and Foolish');
DELETE FROM `gossip_scripts` WHERE `id`=41339;
INSERT INTO `gossip_scripts` (`id`, `delay`, `priority`, `command`, `datalong`, `datalong2`, `datalong3`, `datalong4`, `target_param1`, `target_param2`, `target_type`, `data_flags`, `dataint`, `dataint2`, `dataint3`, `dataint4`, `x`, `y`, `z`, `o`, `condition_id`, `comments`) VALUES
(41339, 0, 0, 8, 50684, 0, 0, 0, 0, 0, 0, 0, 0, 0, 0, 0, 0, 0, 0, 0, 0, 'Young and Foolish: Dwarf Mountaineer - Kill Credit for First Clue');
DELETE FROM `gossip_scripts` WHERE `id`=41341;
INSERT INTO `gossip_scripts` (`id`, `delay`, `priority`, `command`, `datalong`, `datalong2`, `datalong3`, `datalong4`, `target_param1`, `target_param2`, `target_type`, `data_flags`, `dataint`, `dataint2`, `dataint3`, `dataint4`, `x`, `y`, `z`, `o`, `condition_id`, `comments`) VALUES
(41341, 0, 0, 8, 50685, 0, 0, 0, 0, 0, 0, 0, 0, 0, 0, 0, 0, 0, 0, 0, 0, 'Caravan Meets Caravan: Oil Canister - Kill Credit for Second Clue');
DELETE FROM `gossip_scripts` WHERE `id`=41342;
INSERT INTO `gossip_scripts` (`id`, `delay`, `priority`, `command`, `datalong`, `datalong2`, `datalong3`, `datalong4`, `target_param1`, `target_param2`, `target_type`, `data_flags`, `dataint`, `dataint2`, `dataint3`, `dataint4`, `x`, `y`, `z`, `o`, `condition_id`, `comments`) VALUES
(41342, 0, 0, 8, 50686, 0, 0, 0, 0, 0, 0, 0, 0, 0, 0, 0, 0, 0, 0, 0, 0, 'Caravan Meets Caravan: Small Wooden Crate - Kill Credit for Third Clue'),
(41342, 0, 0, 17, 53002, 1, 0, 0, 0, 0, 0, 0, 0, 0, 0, 0, 0, 0, 0, 0, 0, 'Caravan Meets Caravan: Small Wooden Crate - Create Item Scarlet Recruit\'s Insignia Ring');
DELETE FROM `gossip_scripts` WHERE `id`=41345;
INSERT INTO `gossip_scripts` (`id`, `delay`, `priority`, `command`, `datalong`, `datalong2`, `datalong3`, `datalong4`, `target_param1`, `target_param2`, `target_type`, `data_flags`, `dataint`, `dataint2`, `dataint3`, `dataint4`, `x`, `y`, `z`, `o`, `condition_id`, `comments`) VALUES
(41345, 0, 0, 8, 50669, 0, 0, 0, 0, 0, 0, 0, 0, 0, 0, 0, 0, 0, 0, 0, 0, 'Caravan Meets Caravan: Kixxle - Kill Credit for Talk to Kixxle');

-- Gossip menus.
INSERT INTO `gossip_menu` (`entry`, `text_id`, `condition_id`) VALUES (41333, 41333, 0);
INSERT INTO `gossip_menu` (`entry`, `text_id`, `condition_id`) VALUES (41334, 41334, 0);
INSERT INTO `gossip_menu` (`entry`, `text_id`, `condition_id`) VALUES (41335, 41335, 0);
INSERT INTO `gossip_menu` (`entry`, `text_id`, `condition_id`) VALUES (41336, 41336, 0);
INSERT INTO `gossip_menu` (`entry`, `text_id`, `condition_id`) VALUES (41337, 41337, 0);
INSERT INTO `gossip_menu` (`entry`, `text_id`, `condition_id`) VALUES (41338, 41338, 0);
INSERT INTO `gossip_menu` (`entry`, `text_id`, `condition_id`) VALUES (41339, 41339, 0);
INSERT INTO `gossip_menu` (`entry`, `text_id`, `condition_id`) VALUES (41340, 51680, 0);
INSERT INTO `gossip_menu` (`entry`, `text_id`, `condition_id`) VALUES (41341, 51681, 0);
INSERT INTO `gossip_menu` (`entry`, `text_id`, `condition_id`) VALUES (41342, 51682, 0);
INSERT INTO `gossip_menu` (`entry`, `text_id`, `condition_id`) VALUES (41343, 41343, 0);
INSERT INTO `gossip_menu` (`entry`, `text_id`, `condition_id`) VALUES (41344, 41344, 0);
INSERT INTO `gossip_menu` (`entry`, `text_id`, `condition_id`) VALUES (41345, 41345, 0);
INSERT INTO `gossip_menu` (`entry`, `text_id`, `condition_id`) VALUES (41346, 41346, 0);
INSERT INTO `gossip_menu_option` (`menu_id`, `id`, `option_icon`, `option_text`, `OptionBroadcastTextID`, `option_id`, `npc_option_npcflag`, `action_menu_id`, `action_poi_id`, `action_script_id`, `box_coded`, `box_money`, `box_text`, `BoxBroadcastTextID`, `condition_id`) VALUES (41333, 0, 0, 'Anything strange happen recently?', 0, 1, 1, 41334, 0, 41333, 0, 0, NULL, 0, 80702);
INSERT INTO `gossip_menu_option` (`menu_id`, `id`, `option_icon`, `option_text`, `OptionBroadcastTextID`, `option_id`, `npc_option_npcflag`, `action_menu_id`, `action_poi_id`, `action_script_id`, `box_coded`, `box_money`, `box_text`, `BoxBroadcastTextID`, `condition_id`) VALUES (41335, 0, 1, 'I want to browse your goods.', 3370, 3, 4, 0, 0, 0, 0, 0, '', 0, 0);
INSERT INTO `gossip_menu_option` (`menu_id`, `id`, `option_icon`, `option_text`, `OptionBroadcastTextID`, `option_id`, `npc_option_npcflag`, `action_menu_id`, `action_poi_id`, `action_script_id`, `box_coded`, `box_money`, `box_text`, `BoxBroadcastTextID`, `condition_id`) VALUES (41335, 1, 0, 'Anything strange happen recently?', 0, 1, 1, 41336, 0, 41335, 0, 0, NULL, 0, 80702);
INSERT INTO `gossip_menu_option` (`menu_id`, `id`, `option_icon`, `option_text`, `OptionBroadcastTextID`, `option_id`, `npc_option_npcflag`, `action_menu_id`, `action_poi_id`, `action_script_id`, `box_coded`, `box_money`, `box_text`, `BoxBroadcastTextID`, `condition_id`) VALUES (41337, 0, 0, 'Anything strange happen recently?', 0, 1, 1, 41338, 0, 41337, 0, 0, NULL, 0, 80702);
INSERT INTO `gossip_menu_option` (`menu_id`, `id`, `option_icon`, `option_text`, `OptionBroadcastTextID`, `option_id`, `npc_option_npcflag`, `action_menu_id`, `action_poi_id`, `action_script_id`, `box_coded`, `box_money`, `box_text`, `BoxBroadcastTextID`, `condition_id`) VALUES (41339, 0, 0, 'Examine the body.', 0, 1, 1, 41340, 0, 41339, 0, 0, NULL, 0, 80730);
INSERT INTO `gossip_menu_option` (`menu_id`, `id`, `option_icon`, `option_text`, `OptionBroadcastTextID`, `option_id`, `npc_option_npcflag`, `action_menu_id`, `action_poi_id`, `action_script_id`, `box_coded`, `box_money`, `box_text`, `BoxBroadcastTextID`, `condition_id`) VALUES (41341, 0, 0, 'Examine the canister.', 0, 1, 1, -1, 0, 41341, 0, 0, NULL, 0, 80730);
INSERT INTO `gossip_menu_option` (`menu_id`, `id`, `option_icon`, `option_text`, `OptionBroadcastTextID`, `option_id`, `npc_option_npcflag`, `action_menu_id`, `action_poi_id`, `action_script_id`, `box_coded`, `box_money`, `box_text`, `BoxBroadcastTextID`, `condition_id`) VALUES (41342, 0, 0, 'Take Scarlet Recruit\'s Insignia Ring.', 0, 1, 1, -1, 0, 41342, 0, 0, NULL, 0, 80730);
INSERT INTO `gossip_menu_option` (`menu_id`, `id`, `option_icon`, `option_text`, `OptionBroadcastTextID`, `option_id`, `npc_option_npcflag`, `action_menu_id`, `action_poi_id`, `action_script_id`, `box_coded`, `box_money`, `box_text`, `BoxBroadcastTextID`, `condition_id`) VALUES (41343, 0, 1, 'I want to browse your goods.', 3370, 3, 4, 0, 0, 0, 0, 0, NULL, 0, 0);
INSERT INTO `gossip_menu_option` (`menu_id`, `id`, `option_icon`, `option_text`, `OptionBroadcastTextID`, `option_id`, `npc_option_npcflag`, `action_menu_id`, `action_poi_id`, `action_script_id`, `box_coded`, `box_money`, `box_text`, `BoxBroadcastTextID`, `condition_id`) VALUES (41343, 1, 0, 'Were you the one to sell an oil canister to to a group of men dressed in scarlet?', 0, 1, 1, 41344, 0, 0, 0, 0, NULL, 0, 53002);
INSERT INTO `gossip_menu_option` (`menu_id`, `id`, `option_icon`, `option_text`, `OptionBroadcastTextID`, `option_id`, `npc_option_npcflag`, `action_menu_id`, `action_poi_id`, `action_script_id`, `box_coded`, `box_money`, `box_text`, `BoxBroadcastTextID`, `condition_id`) VALUES (41344, 0, 0, 'Where did they go?', 0, 1, 1, 41345, 0, 0, 0, 0, NULL, 0, 0);
INSERT INTO `gossip_menu_option` (`menu_id`, `id`, `option_icon`, `option_text`, `OptionBroadcastTextID`, `option_id`, `npc_option_npcflag`, `action_menu_id`, `action_poi_id`, `action_script_id`, `box_coded`, `box_money`, `box_text`, `BoxBroadcastTextID`, `condition_id`) VALUES (41345, 0, 0, 'Why didn\'t you stop them?', 0, 1, 1, 41346, 0, 41345, 0, 0, NULL, 0, 0);

-- Broadcast texts.
INSERT INTO `broadcast_text` (`entry`, `male_text`, `female_text`, `chat_type`, `sound_id`, `language_id`, `emote_id1`, `emote_id2`, `emote_id3`, `emote_delay1`, `emote_delay2`, `emote_delay3`) VALUES (41333, 'I don\'t have much time for idle talk, $N.  I\'ve got to get this bridge rebuilt before the rains come.  I\'ve finished every project on-time and under budget and I\'m not about to start slipping now.', NULL, 0, 0, 0, 0, 0, 0, 0, 0, 0);
INSERT INTO `broadcast_text` (`entry`, `male_text`, `female_text`, `chat_type`, `sound_id`, `language_id`, `emote_id1`, `emote_id2`, `emote_id3`, `emote_delay1`, `emote_delay2`, `emote_delay3`) VALUES (41334, 'Yes. A caravan with men and women dressed in scarlet passed through here. Many of our young ones followed them.', NULL, 0, 0, 0, 25, 0, 0, 0, 0, 0);
INSERT INTO `broadcast_text` (`entry`, `male_text`, `female_text`, `chat_type`, `sound_id`, `language_id`, `emote_id1`, `emote_id2`, `emote_id3`, `emote_delay1`, `emote_delay2`, `emote_delay3`) VALUES (41335, 'I am really busy crafting this armor, so make it quick!', NULL, 0, 0, 0, 0, 0, 0, 0, 0, 0);
INSERT INTO `broadcast_text` (`entry`, `male_text`, `female_text`, `chat_type`, `sound_id`, `language_id`, `emote_id1`, `emote_id2`, `emote_id3`, `emote_delay1`, `emote_delay2`, `emote_delay3`) VALUES (41336, 'Aye, our young ones left with them. Can you blame them? Look at this place.', NULL, 0, 0, 0, 0, 0, 0, 0, 0, 0);
INSERT INTO `broadcast_text` (`entry`, `male_text`, `female_text`, `chat_type`, `sound_id`, `language_id`, `emote_id1`, `emote_id2`, `emote_id3`, `emote_delay1`, `emote_delay2`, `emote_delay3`) VALUES (41337, 'Who is this $c who goes before the Court of Lakshire in the Kingdom of Stormwind?  State your business within this township, $R.  The orc threat to the Kingdom is far too great to squander time in idle conversation.', NULL, 0, 0, 0, 5, 0, 0, 0, 0, 0);
INSERT INTO `broadcast_text` (`entry`, `male_text`, `female_text`, `chat_type`, `sound_id`, `language_id`, `emote_id1`, `emote_id2`, `emote_id3`, `emote_delay1`, `emote_delay2`, `emote_delay3`) VALUES (41338, 'It\'s regrettable that our children left with those foolish zealots of the crusade in the middle of the night! Please, don\'t harm them. Send them back home to us.', NULL, 0, 0, 0, 0, 0, 0, 0, 0, 0);
INSERT INTO `broadcast_text` (`entry`, `male_text`, `female_text`, `chat_type`, `sound_id`, `language_id`, `emote_id1`, `emote_id2`, `emote_id3`, `emote_delay1`, `emote_delay2`, `emote_delay3`) VALUES (41339, 'Before you lies the dead body of a Dwarf Mountaineer.', NULL, 0, 0, 0, 0, 0, 0, 0, 0, 0);
INSERT INTO `broadcast_text` (`entry`, `male_text`, `female_text`, `chat_type`, `sound_id`, `language_id`, `emote_id1`, `emote_id2`, `emote_id3`, `emote_delay1`, `emote_delay2`, `emote_delay3`) VALUES (41343, 'Greetings, potential customer! I\'ve got many rare herbs for sale. Take a look.', NULL, 0, 0, 0, 0, 0, 0, 0, 0, 0);
INSERT INTO `broadcast_text` (`entry`, `male_text`, `female_text`, `chat_type`, `sound_id`, `language_id`, `emote_id1`, `emote_id2`, `emote_id3`, `emote_delay1`, `emote_delay2`, `emote_delay3`) VALUES (41344, 'Yea boss, I sure did. I\'m a merchant, you know. If I got it, I sell it.', NULL, 0, 0, 0, 0, 0, 0, 0, 0, 0);
INSERT INTO `broadcast_text` (`entry`, `male_text`, `female_text`, `chat_type`, `sound_id`, `language_id`, `emote_id1`, `emote_id2`, `emote_id3`, `emote_delay1`, `emote_delay2`, `emote_delay3`) VALUES (41345, 'They went North I guess, following in the footsteps of that dwarven caravan. One of them said they\'d wait by the bridge for an ambush or something. He didn\'t look like the sharpest tool in the shed, you get me?', NULL, 0, 0, 0, 0, 0, 0, 0, 0, 0);
INSERT INTO `broadcast_text` (`entry`, `male_text`, `female_text`, `chat_type`, `sound_id`, `language_id`, `emote_id1`, `emote_id2`, `emote_id3`, `emote_delay1`, `emote_delay2`, `emote_delay3`) VALUES (41346, 'You\'re joking, right? There were like at least five of them!', NULL, 0, 0, 0, 274, 0, 0, 0, 0, 0);

-- Npc texts.
INSERT INTO `npc_text` (`ID`, `BroadcastTextID0`, `Probability0`, `BroadcastTextID1`, `Probability1`, `BroadcastTextID2`, `Probability2`, `BroadcastTextID3`, `Probability3`, `BroadcastTextID4`, `Probability4`, `BroadcastTextID5`, `Probability5`, `BroadcastTextID6`, `Probability6`, `BroadcastTextID7`, `Probability7`) VALUES (41333, 41333, 1, 0, 0, 0, 0, 0, 0, 0, 0, 0, 0, 0, 0, 0, 0);
INSERT INTO `npc_text` (`ID`, `BroadcastTextID0`, `Probability0`, `BroadcastTextID1`, `Probability1`, `BroadcastTextID2`, `Probability2`, `BroadcastTextID3`, `Probability3`, `BroadcastTextID4`, `Probability4`, `BroadcastTextID5`, `Probability5`, `BroadcastTextID6`, `Probability6`, `BroadcastTextID7`, `Probability7`) VALUES (41334, 41334, 1, 0, 0, 0, 0, 0, 0, 0, 0, 0, 0, 0, 0, 0, 0);
INSERT INTO `npc_text` (`ID`, `BroadcastTextID0`, `Probability0`, `BroadcastTextID1`, `Probability1`, `BroadcastTextID2`, `Probability2`, `BroadcastTextID3`, `Probability3`, `BroadcastTextID4`, `Probability4`, `BroadcastTextID5`, `Probability5`, `BroadcastTextID6`, `Probability6`, `BroadcastTextID7`, `Probability7`) VALUES (41335, 41335, 1, 0, 0, 0, 0, 0, 0, 0, 0, 0, 0, 0, 0, 0, 0);
INSERT INTO `npc_text` (`ID`, `BroadcastTextID0`, `Probability0`, `BroadcastTextID1`, `Probability1`, `BroadcastTextID2`, `Probability2`, `BroadcastTextID3`, `Probability3`, `BroadcastTextID4`, `Probability4`, `BroadcastTextID5`, `Probability5`, `BroadcastTextID6`, `Probability6`, `BroadcastTextID7`, `Probability7`) VALUES (41336, 41336, 1, 0, 0, 0, 0, 0, 0, 0, 0, 0, 0, 0, 0, 0, 0);
INSERT INTO `npc_text` (`ID`, `BroadcastTextID0`, `Probability0`, `BroadcastTextID1`, `Probability1`, `BroadcastTextID2`, `Probability2`, `BroadcastTextID3`, `Probability3`, `BroadcastTextID4`, `Probability4`, `BroadcastTextID5`, `Probability5`, `BroadcastTextID6`, `Probability6`, `BroadcastTextID7`, `Probability7`) VALUES (41337, 41337, 1, 0, 0, 0, 0, 0, 0, 0, 0, 0, 0, 0, 0, 0, 0);
INSERT INTO `npc_text` (`ID`, `BroadcastTextID0`, `Probability0`, `BroadcastTextID1`, `Probability1`, `BroadcastTextID2`, `Probability2`, `BroadcastTextID3`, `Probability3`, `BroadcastTextID4`, `Probability4`, `BroadcastTextID5`, `Probability5`, `BroadcastTextID6`, `Probability6`, `BroadcastTextID7`, `Probability7`) VALUES (41338, 41338, 1, 0, 0, 0, 0, 0, 0, 0, 0, 0, 0, 0, 0, 0, 0);
INSERT INTO `npc_text` (`ID`, `BroadcastTextID0`, `Probability0`, `BroadcastTextID1`, `Probability1`, `BroadcastTextID2`, `Probability2`, `BroadcastTextID3`, `Probability3`, `BroadcastTextID4`, `Probability4`, `BroadcastTextID5`, `Probability5`, `BroadcastTextID6`, `Probability6`, `BroadcastTextID7`, `Probability7`) VALUES (41339, 41339, 1, 0, 0, 0, 0, 0, 0, 0, 0, 0, 0, 0, 0, 0, 0);
INSERT INTO `npc_text` (`ID`, `BroadcastTextID0`, `Probability0`, `BroadcastTextID1`, `Probability1`, `BroadcastTextID2`, `Probability2`, `BroadcastTextID3`, `Probability3`, `BroadcastTextID4`, `Probability4`, `BroadcastTextID5`, `Probability5`, `BroadcastTextID6`, `Probability6`, `BroadcastTextID7`, `Probability7`) VALUES (41343, 41343, 1, 0, 0, 0, 0, 0, 0, 0, 0, 0, 0, 0, 0, 0, 0);
INSERT INTO `npc_text` (`ID`, `BroadcastTextID0`, `Probability0`, `BroadcastTextID1`, `Probability1`, `BroadcastTextID2`, `Probability2`, `BroadcastTextID3`, `Probability3`, `BroadcastTextID4`, `Probability4`, `BroadcastTextID5`, `Probability5`, `BroadcastTextID6`, `Probability6`, `BroadcastTextID7`, `Probability7`) VALUES (41344, 41344, 1, 0, 0, 0, 0, 0, 0, 0, 0, 0, 0, 0, 0, 0, 0);
INSERT INTO `npc_text` (`ID`, `BroadcastTextID0`, `Probability0`, `BroadcastTextID1`, `Probability1`, `BroadcastTextID2`, `Probability2`, `BroadcastTextID3`, `Probability3`, `BroadcastTextID4`, `Probability4`, `BroadcastTextID5`, `Probability5`, `BroadcastTextID6`, `Probability6`, `BroadcastTextID7`, `Probability7`) VALUES (41345, 41345, 1, 0, 0, 0, 0, 0, 0, 0, 0, 0, 0, 0, 0, 0, 0);
INSERT INTO `npc_text` (`ID`, `BroadcastTextID0`, `Probability0`, `BroadcastTextID1`, `Probability1`, `BroadcastTextID2`, `Probability2`, `BroadcastTextID3`, `Probability3`, `BroadcastTextID4`, `Probability4`, `BroadcastTextID5`, `Probability5`, `BroadcastTextID6`, `Probability6`, `BroadcastTextID7`, `Probability7`) VALUES (41346, 41346, 1, 0, 0, 0, 0, 0, 0, 0, 0, 0, 0, 0, 0, 0, 0);

-- Assign gossip menus.
UPDATE `creature_template` SET `gossip_menu_id`=41333, `script_name`='', `npc_flags` = (`npc_flags` | 1) WHERE `entry`=341;
UPDATE `creature_template` SET `gossip_menu_id`=41335, `script_name`='', `npc_flags` = (`npc_flags` | 1) WHERE `entry`=956;
UPDATE `creature_template` SET `gossip_menu_id`=41337, `script_name`='', `npc_flags` = (`npc_flags` | 1) WHERE `entry`=344;
UPDATE `creature_template` SET `gossip_menu_id`=41339, `script_name`='', `npc_flags` = (`npc_flags` | 1) WHERE `entry`=50672;
UPDATE `gameobject_template` SET `data3`=41341, `script_name`='' WHERE `entry`=1000167;
UPDATE `gameobject_template` SET `data3`=41342, `script_name`='' WHERE `entry`=1000168;
UPDATE `creature_template` SET `gossip_menu_id`=41343, `script_name`='' WHERE `entry`=8305;

-- New creatures for quest credit.
INSERT INTO `creature_template` (`entry`, `display_id1`, `display_id2`, `display_id3`, `display_id4`, `mount_display_id`, `name`, `subname`, `gossip_menu_id`, `level_min`, `level_max`, `health_min`, `health_max`, `mana_min`, `mana_max`, `armor`, `faction`, `npc_flags`, `speed_walk`, `speed_run`, `scale`, `detection_range`, `call_for_help_range`, `leash_range`, `rank`, `xp_multiplier`, `dmg_min`, `dmg_max`, `dmg_school`, `attack_power`, `dmg_multiplier`, `base_attack_time`, `ranged_attack_time`, `unit_class`, `unit_flags`, `dynamic_flags`, `beast_family`, `trainer_type`, `trainer_spell`, `trainer_class`, `trainer_race`, `ranged_dmg_min`, `ranged_dmg_max`, `ranged_attack_power`, `type`, `type_flags`, `loot_id`, `pickpocket_loot_id`, `skinning_loot_id`, `holy_res`, `fire_res`, `nature_res`, `frost_res`, `shadow_res`, `arcane_res`, `spell_id1`, `spell_id2`, `spell_id3`, `spell_id4`, `spell_list_id`, `pet_spell_list_id`, `spawn_spell_id`, `auras`, `gold_min`, `gold_max`, `ai_name`, `movement_type`, `inhabit_type`, `civilian`, `racial_leader`, `regeneration`, `equipment_id`, `trainer_id`, `vendor_id`, `mechanic_immune_mask`, `school_immune_mask`, `flags_extra`, `phase_quest_id`, `script_name`) VALUES (50684, 328, 0, 0, 0, 0, 'Find the first clue', NULL, 0, 1, 1, 0, 0, 0, 0, 0, 35, 0, 1, 1.14286, 1, 20, 5, 0, 0, 1, 0, 0, 0, 0, 1, 0, 0, 0, 0, 0, 0, 0, 0, 0, 0, 0, 0, 0, 0, 0, 0, 0, 0, 0, 0, 0, 0, 0, 0, 0, 0, 0, 0, 0, 0, 0, NULL, 0, 0, '', 0, 3, 0, 0, 3, 0, 0, 0, 0, 0, 0, 0, '');
INSERT INTO `creature_template` (`entry`, `display_id1`, `display_id2`, `display_id3`, `display_id4`, `mount_display_id`, `name`, `subname`, `gossip_menu_id`, `level_min`, `level_max`, `health_min`, `health_max`, `mana_min`, `mana_max`, `armor`, `faction`, `npc_flags`, `speed_walk`, `speed_run`, `scale`, `detection_range`, `call_for_help_range`, `leash_range`, `rank`, `xp_multiplier`, `dmg_min`, `dmg_max`, `dmg_school`, `attack_power`, `dmg_multiplier`, `base_attack_time`, `ranged_attack_time`, `unit_class`, `unit_flags`, `dynamic_flags`, `beast_family`, `trainer_type`, `trainer_spell`, `trainer_class`, `trainer_race`, `ranged_dmg_min`, `ranged_dmg_max`, `ranged_attack_power`, `type`, `type_flags`, `loot_id`, `pickpocket_loot_id`, `skinning_loot_id`, `holy_res`, `fire_res`, `nature_res`, `frost_res`, `shadow_res`, `arcane_res`, `spell_id1`, `spell_id2`, `spell_id3`, `spell_id4`, `spell_list_id`, `pet_spell_list_id`, `spawn_spell_id`, `auras`, `gold_min`, `gold_max`, `ai_name`, `movement_type`, `inhabit_type`, `civilian`, `racial_leader`, `regeneration`, `equipment_id`, `trainer_id`, `vendor_id`, `mechanic_immune_mask`, `school_immune_mask`, `flags_extra`, `phase_quest_id`, `script_name`) VALUES (50685, 328, 0, 0, 0, 0, 'Find the second clue', NULL, 0, 1, 1, 0, 0, 0, 0, 0, 35, 0, 1, 1.14286, 1, 20, 5, 0, 0, 1, 0, 0, 0, 0, 1, 0, 0, 0, 0, 0, 0, 0, 0, 0, 0, 0, 0, 0, 0, 0, 0, 0, 0, 0, 0, 0, 0, 0, 0, 0, 0, 0, 0, 0, 0, 0, NULL, 0, 0, '', 0, 3, 0, 0, 3, 0, 0, 0, 0, 0, 0, 0, '');
INSERT INTO `creature_template` (`entry`, `display_id1`, `display_id2`, `display_id3`, `display_id4`, `mount_display_id`, `name`, `subname`, `gossip_menu_id`, `level_min`, `level_max`, `health_min`, `health_max`, `mana_min`, `mana_max`, `armor`, `faction`, `npc_flags`, `speed_walk`, `speed_run`, `scale`, `detection_range`, `call_for_help_range`, `leash_range`, `rank`, `xp_multiplier`, `dmg_min`, `dmg_max`, `dmg_school`, `attack_power`, `dmg_multiplier`, `base_attack_time`, `ranged_attack_time`, `unit_class`, `unit_flags`, `dynamic_flags`, `beast_family`, `trainer_type`, `trainer_spell`, `trainer_class`, `trainer_race`, `ranged_dmg_min`, `ranged_dmg_max`, `ranged_attack_power`, `type`, `type_flags`, `loot_id`, `pickpocket_loot_id`, `skinning_loot_id`, `holy_res`, `fire_res`, `nature_res`, `frost_res`, `shadow_res`, `arcane_res`, `spell_id1`, `spell_id2`, `spell_id3`, `spell_id4`, `spell_list_id`, `pet_spell_list_id`, `spawn_spell_id`, `auras`, `gold_min`, `gold_max`, `ai_name`, `movement_type`, `inhabit_type`, `civilian`, `racial_leader`, `regeneration`, `equipment_id`, `trainer_id`, `vendor_id`, `mechanic_immune_mask`, `school_immune_mask`, `flags_extra`, `phase_quest_id`, `script_name`) VALUES (50686, 328, 0, 0, 0, 0, 'Find the third clue', NULL, 0, 1, 1, 0, 0, 0, 0, 0, 35, 0, 1, 1.14286, 1, 20, 5, 0, 0, 1, 0, 0, 0, 0, 1, 0, 0, 0, 0, 0, 0, 0, 0, 0, 0, 0, 0, 0, 0, 0, 0, 0, 0, 0, 0, 0, 0, 0, 0, 0, 0, 0, 0, 0, 0, 0, NULL, 0, 0, '', 0, 3, 0, 0, 3, 0, 0, 0, 0, 0, 0, 0, '');

-- Quest updates.
UPDATE `quest_template` SET `ObjectiveText1`='Find the first clue', `ObjectiveText2`='Find the second clue', `ObjectiveText3`='Find the third clue', `ObjectiveText4`='Ask Kixxle if he saw anything', `ReqCreatureOrGOId1`=50684, `ReqCreatureOrGOId2`=50685, `ReqCreatureOrGOId3`=50686, `ReqCreatureOrGOId4`=50669, `ReqCreatureOrGOCount1`=1, `ReqCreatureOrGOCount3`=1, `ReqCreatureOrGOCount4`=1 WHERE  `entry`=80730;

-- Thandol Span
DELETE FROM `generic_scripts` WHERE `id` IN (9097403, 9097402);
DELETE FROM `generic_scripts` WHERE `id`=9097401;
INSERT INTO `generic_scripts` (`id`, `delay`, `priority`, `command`, `datalong`, `datalong2`, `datalong3`, `datalong4`, `target_param1`, `target_param2`, `target_type`, `data_flags`, `dataint`, `dataint2`, `dataint3`, `dataint4`, `x`, `y`, `z`, `o`, `condition_id`, `comments`) VALUES
(9097401, 0, 1, 10, 50673, 60000, 5, 30, 0, 0, 0, 0, 8, 0, 0, 1, -2456.98, -2512.89, 78.508, 2.13, 0, 'Thandol Span Attack Trigger - Summon Creature Scarlet Recruit 1'),
(9097401, 0, 2, 10, 50673, 60000, 5, 30, 0, 0, 0, 0, 8, 0, 0, 1, -2457.73, -2493.79, 78.508, 4.19, 0, 'Thandol Span Attack Trigger - Summon Creature Scarlet Recruit 2'),
(9097401, 10, 0, 10, 50673, 60000, 5, 30, 0, 0, 0, 0, 8, 0, 0, 1, -2456.98, -2512.89, 78.508, 2.13, 0, 'Thandol Span Attack Trigger - Summon Creature Scarlet Recruit 3'),
(9097401, 10, 1, 10, 50673, 60000, 5, 30, 0, 0, 0, 0, 8, 0, 0, 1, -2457.73, -2493.79, 78.508, 4.19, 0, 'Thandol Span Attack Trigger - Summon Creature Scarlet Recruit 4'),
(9097401, 25, 0, 10, 50674, 3600000, 1, 10, 0, 0, 0, 0, 8, 0, -1, 1, -2457.73, -2493.79, 78.508, 4.19, 116, 'Thandol Span Attack Trigger - Summon Creature Vladeus Springriver');
DELETE FROM `creature_ai_scripts` WHERE `id` IN (9097402, 9097403);
DELETE FROM `creature_ai_events` WHERE `creature_id`=90974;
INSERT INTO `creature_ai_events` (`id`, `creature_id`, `condition_id`, `event_type`, `event_inverse_phase_mask`, `event_chance`, `event_flags`, `event_param1`, `event_param2`, `event_param3`, `event_param4`, `action1_script`, `action2_script`, `action3_script`, `comment`) VALUES (9097401, 90974, 57012, 10, 0, 100, 1, 1, 15, 60000, 60000, 9097401, 0, 0, 'Thandol Span Attack Trigger - Start Script on Player in LoS');
UPDATE `creature_template` SET `faction`=89 WHERE `entry`=50674;

-- Re-enable quests.
UPDATE `quest_template` SET `Method`=2 WHERE `entry` IN (80700, 80701, 80702, 80730, 80703, 80704, 80705, 80706, 80707, 80708, 80709, 80710, 80711);
