
-- Changes by SHANG
REPLACE INTO `creature` VALUES (2572960,61072,0,0,0,1,-8899.37,-6452.95,7.80766,1.5562,120,120,5,100,100,1,0,0);
REPLACE INTO `creature` VALUES (2572961,61073,0,0,0,1,-8897.18,-6453.14,7.80766,1.5994,120,120,0,100,100,0,0,0);
REPLACE INTO `creature` VALUES (2572962,61074,0,0,0,1,-8893.11,-6453.8,7.80766,1.59985,120,120,0,100,100,0,0,0);
REPLACE INTO `creature` VALUES (2572963,61075,0,0,0,1,-8890.29,-6453.78,7.80766,1.59985,120,120,0,100,100,0,0,0);
REPLACE INTO `creature` VALUES (2572964,61076,0,0,0,1,-8887.67,-6453.65,7.80766,1.60292,120,120,0,100,100,0,0,0);
REPLACE INTO `creature` VALUES (2572965,61077,0,0,0,1,-8884.5,-6453.46,7.80766,1.60292,120,120,0,100,100,0,0,0);
REPLACE INTO `creature` VALUES (2572966,61078,0,0,0,1,-8884.41,-6456.37,7.80766,1.60292,120,120,0,100,100,0,0,0);
REPLACE INTO `creature` VALUES (2572967,61079,0,0,0,1,-8887.57,-6456.69,7.80766,1.54794,120,120,0,100,100,0,0,0);
REPLACE INTO `creature` VALUES (2572968,61080,0,0,0,1,-8890.62,-6457.36,7.80766,1.57543,120,120,0,100,100,0,0,0);
REPLACE INTO `creature` VALUES (2572969,61081,0,0,0,1,-8894.55,-6458.33,7.80766,1.52045,120,120,0,100,100,0,0,0);
REPLACE INTO `creature` VALUES (2572970,61082,0,0,0,1,-8899.79,-6458.62,7.80766,1.59899,120,120,0,100,100,0,0,0);
REPLACE INTO `creature` VALUES (2572971,61083,0,0,0,1,-8899.93,-6464.35,7.80766,1.59507,120,120,0,100,100,0,0,0);
REPLACE INTO `creature` VALUES (2572972,61082,0,0,0,1,-8897.61,-6465.09,7.80766,1.55894,120,120,0,100,100,0,0,0);
DELETE FROM creature WHERE guid=2572972;
DELETE FROM creature_addon WHERE guid=2572972;
DELETE FROM creature_movement WHERE id=2572972;
DELETE FROM game_event_creature WHERE guid=2572972;
DELETE FROM game_event_creature_data WHERE guid=2572972;
DELETE FROM creature_battleground WHERE guid=2572972;
REPLACE INTO `creature` VALUES (2572973,61084,0,0,0,1,-8897.6,-6464.46,7.80766,1.55894,120,120,0,100,100,0,0,0);
REPLACE INTO `creature` VALUES (2572974,61085,0,0,0,1,-8895.65,-6464.79,7.80766,1.55068,120,120,0,100,100,0,0,0);
REPLACE INTO `creature` VALUES (2572975,61086,0,0,0,1,-8893.46,-6464.97,7.80766,1.55666,120,120,0,100,100,0,0,0);
REPLACE INTO `creature` VALUES (2572976,61087,0,0,0,1,-8891.21,-6464.98,7.80766,1.51347,120,120,0,100,100,0,0,0);
REPLACE INTO `creature` VALUES (2572977,61088,0,0,0,1,-8888.57,-6464.86,7.80766,1.61949,120,120,0,100,100,0,0,0);
REPLACE INTO `creature` VALUES (2572978,61089,0,0,0,1,-8886.19,-6464.67,7.80766,1.55666,120,120,0,100,100,0,0,0);
REPLACE INTO `creature` VALUES (2572979,61090,0,0,0,1,-8883.11,-6465.14,7.80766,1.60771,120,120,0,100,100,0,0,0);
REPLACE INTO `creature` VALUES (2572980,61091,0,0,0,1,-8885.32,-6467.76,7.80766,1.61164,120,120,0,100,100,0,0,0);
REPLACE INTO `creature` VALUES (2572981,61092,0,0,0,1,-8888.11,-6467.99,7.80766,1.53703,120,120,0,100,100,0,0,0);
REPLACE INTO `creature` VALUES (2572982,61093,0,0,0,1,-8891.47,-6468.14,7.80766,1.60708,120,120,0,100,100,0,0,0);
REPLACE INTO `creature` VALUES (2572983,61094,0,0,0,1,-8895.95,-6468.1,7.80766,1.59837,120,120,0,100,100,0,0,0);
REPLACE INTO `creature` VALUES (2572984,61095,0,0,0,1,-8898.33,-6468.2,7.80766,1.60365,120,120,0,100,100,0,0,0);
REPLACE INTO `creature` VALUES (2572985,61095,0,0,0,1,-8900.76,-6467.28,7.80766,1.57223,120,120,0,100,100,0,0,0);
DELETE FROM creature WHERE guid=2572985;
DELETE FROM creature_addon WHERE guid=2572985;
DELETE FROM creature_movement WHERE id=2572985;
DELETE FROM game_event_creature WHERE guid=2572985;
DELETE FROM game_event_creature_data WHERE guid=2572985;
DELETE FROM creature_battleground WHERE guid=2572985;
REPLACE INTO `creature` VALUES (2572986,61096,0,0,0,1,-8900.76,-6467.28,7.80766,1.57223,120,120,0,100,100,0,0,0);
REPLACE INTO `creature` VALUES (2572987,61097,0,0,0,1,-8899.76,-6473.51,8.17966,1.54867,120,120,0,100,100,0,0,0);
REPLACE INTO `creature` VALUES (2572988,61098,0,0,0,1,-8895.48,-6473.14,8.22368,1.5456,120,120,0,100,100,0,0,0);
REPLACE INTO `creature` VALUES (2572989,61099,0,0,0,1,-8889.43,-6473.34,8.23155,1.60058,120,120,0,100,100,0,0,0);
DELETE FROM creature WHERE guid=2572989;
DELETE FROM creature_addon WHERE guid=2572989;
DELETE FROM creature_movement WHERE id=2572989;
DELETE FROM game_event_creature WHERE guid=2572989;
DELETE FROM game_event_creature_data WHERE guid=2572989;
DELETE FROM creature_battleground WHERE guid=2572989;
REPLACE INTO `creature` VALUES (2572990,61071,0,0,0,1,-8887.02,-6474.28,8.35585,1.55895,120,120,0,100,100,0,0,0);
DELETE FROM creature WHERE guid=2572990;
DELETE FROM creature_addon WHERE guid=2572990;
DELETE FROM creature_movement WHERE id=2572990;
DELETE FROM game_event_creature WHERE guid=2572990;
DELETE FROM game_event_creature_data WHERE guid=2572990;
DELETE FROM creature_battleground WHERE guid=2572990;
REPLACE INTO `creature` VALUES (2572991,61090,0,0,0,1,-8895.41,-6501.15,10.3307,1.56523,120,120,0,100,100,0,0,0);
DELETE FROM creature WHERE guid=2572991;
DELETE FROM creature_addon WHERE guid=2572991;
DELETE FROM creature_movement WHERE id=2572991;
DELETE FROM game_event_creature WHERE guid=2572991;
DELETE FROM game_event_creature_data WHERE guid=2572991;
DELETE FROM creature_battleground WHERE guid=2572991;
REPLACE INTO `creature` VALUES (2572992,61098,0,0,0,1,-8895.41,-6501.15,10.3307,1.56523,120,120,0,100,100,0,0,0);
DELETE FROM creature WHERE guid=2572992;
DELETE FROM creature_addon WHERE guid=2572992;
DELETE FROM creature_movement WHERE id=2572992;
DELETE FROM game_event_creature WHERE guid=2572992;
DELETE FROM game_event_creature_data WHERE guid=2572992;
DELETE FROM creature_battleground WHERE guid=2572992;
REPLACE INTO `creature` VALUES (2572993,61099,0,0,0,1,-8895.41,-6501.15,10.3307,1.56523,120,120,0,100,100,0,0,0);
REPLACE INTO `creature` VALUES (2572994,61100,0,0,0,1,-8893.59,-6501.12,9.98966,1.67212,120,120,0,100,100,0,0,0);
REPLACE INTO `creature` VALUES (2572995,61101,0,0,0,1,-8891.62,-6501.19,9.75887,1.6407,120,120,0,100,100,0,0,0);
REPLACE INTO `creature` VALUES (2572996,61102,0,0,0,1,-8889.86,-6501.33,9.83863,1.62107,120,120,0,100,100,0,0,0);
REPLACE INTO `creature` VALUES (2572997,61103,0,0,0,1,-8888.09,-6501.72,10.081,1.62892,120,120,0,100,100,0,0,0);
REPLACE INTO `creature` VALUES (2572998,61104,0,0,0,1,-8886.18,-6501.81,10.4149,1.51504,120,120,0,100,100,0,0,0);
REPLACE INTO `creature` VALUES (2572999,61104,0,0,0,1,-8885.96,-6500.08,10.5757,1.4797,120,120,0,100,100,0,0,0);
REPLACE INTO `creature` VALUES (2573000,61104,0,0,0,1,-8885.83,-6498.56,10.7159,1.4797,120,120,0,100,100,0,0,0);
DELETE FROM creature WHERE guid=2572999;
DELETE FROM creature_addon WHERE guid=2572999;
DELETE FROM creature_movement WHERE id=2572999;
DELETE FROM game_event_creature WHERE guid=2572999;
DELETE FROM game_event_creature_data WHERE guid=2572999;
DELETE FROM creature_battleground WHERE guid=2572999;
REPLACE INTO `creature` VALUES (2573001,61004,0,0,0,1,-8885.99,-6500.39,10.5473,1.4797,120,120,0,100,100,0,0,0);
DELETE FROM creature WHERE guid=2573001;
DELETE FROM creature_addon WHERE guid=2573001;
DELETE FROM creature_movement WHERE id=2573001;
DELETE FROM game_event_creature WHERE guid=2573001;
DELETE FROM game_event_creature_data WHERE guid=2573001;
DELETE FROM creature_battleground WHERE guid=2573001;
REPLACE INTO `creature` VALUES (2573002,61104,0,0,0,1,-8885.99,-6500.39,10.5473,1.4797,120,120,0,100,100,0,0,0);
DELETE FROM creature WHERE guid=2573002;
DELETE FROM creature_addon WHERE guid=2573002;
DELETE FROM creature_movement WHERE id=2573002;
DELETE FROM game_event_creature WHERE guid=2573002;
DELETE FROM game_event_creature_data WHERE guid=2573002;
DELETE FROM creature_battleground WHERE guid=2573002;
REPLACE INTO `creature` VALUES (2573003,61104,0,0,0,1,-8885.99,-6500.39,10.5475,1.4797,120,120,0,100,100,0,0,0);
DELETE FROM creature WHERE guid=2573003;
DELETE FROM creature_addon WHERE guid=2573003;
DELETE FROM creature_movement WHERE id=2573003;
DELETE FROM game_event_creature WHERE guid=2573003;
DELETE FROM game_event_creature_data WHERE guid=2573003;
DELETE FROM creature_battleground WHERE guid=2573003;
REPLACE INTO `creature` VALUES (2573004,61104,0,0,0,1,-8885.99,-6500.39,10.5475,1.4797,120,120,0,100,100,0,0,0);
DELETE FROM creature WHERE guid=2573004;
DELETE FROM creature_addon WHERE guid=2573004;
DELETE FROM creature_movement WHERE id=2573004;
DELETE FROM game_event_creature WHERE guid=2573004;
DELETE FROM game_event_creature_data WHERE guid=2573004;
DELETE FROM creature_battleground WHERE guid=2573004;
REPLACE INTO `creature` VALUES (2573005,61104,0,0,0,1,-8885.99,-6500.39,10.5474,1.4797,120,120,0,100,100,0,0,0);
DELETE FROM creature WHERE guid=2573005;
DELETE FROM creature_addon WHERE guid=2573005;
DELETE FROM creature_movement WHERE id=2573005;
DELETE FROM game_event_creature WHERE guid=2573005;
DELETE FROM game_event_creature_data WHERE guid=2573005;
DELETE FROM creature_battleground WHERE guid=2573005;
REPLACE INTO `creature` VALUES (2573006,61104,0,0,0,1,-8885.99,-6500.37,10.5496,1.4797,120,120,0,100,100,0,0,0);
DELETE FROM creature WHERE guid=2573006;
DELETE FROM creature_addon WHERE guid=2573006;
DELETE FROM creature_movement WHERE id=2573006;
DELETE FROM game_event_creature WHERE guid=2573006;
DELETE FROM game_event_creature_data WHERE guid=2573006;
DELETE FROM creature_battleground WHERE guid=2573006;
REPLACE INTO `creature` VALUES (2573007,61104,0,0,0,1,-8886,-6500.5,10.5371,1.4797,120,120,0,100,100,0,0,0);
REPLACE INTO `creature` VALUES (2573008,61103,0,0,0,1,-8887.78,-6500.04,10.2525,1.42563,120,120,0,100,100,0,0,0);
REPLACE INTO `creature` VALUES (2573009,61103,0,0,0,1,-8887.59,-6498.74,10.283,1.42563,120,120,0,100,100,0,0,0);
DELETE FROM creature WHERE guid=2573009;
DELETE FROM creature_addon WHERE guid=2573009;
DELETE FROM creature_movement WHERE id=2573009;
DELETE FROM game_event_creature WHERE guid=2573009;
DELETE FROM game_event_creature_data WHERE guid=2573009;
DELETE FROM creature_battleground WHERE guid=2573009;
REPLACE INTO `creature` VALUES (2573010,61103,0,0,0,1,-8887.59,-6498.74,10.283,1.42563,120,120,0,100,100,0,0,0);
DELETE FROM creature WHERE guid=2573010;
DELETE FROM creature_addon WHERE guid=2573010;
DELETE FROM creature_movement WHERE id=2573010;
DELETE FROM game_event_creature WHERE guid=2573010;
DELETE FROM game_event_creature_data WHERE guid=2573010;
DELETE FROM creature_battleground WHERE guid=2573010;
REPLACE INTO `creature` VALUES (2573011,61103,0,0,0,1,-8887.52,-6498.26,10.2955,1.42563,120,120,0,100,100,0,0,0);
DELETE FROM creature WHERE guid=2573011;
DELETE FROM creature_addon WHERE guid=2573011;
DELETE FROM creature_movement WHERE id=2573011;
DELETE FROM game_event_creature WHERE guid=2573011;
DELETE FROM game_event_creature_data WHERE guid=2573011;
DELETE FROM creature_battleground WHERE guid=2573011;
REPLACE INTO `creature` VALUES (2573012,61103,0,0,0,1,-8887.52,-6498.26,10.2955,1.42563,120,120,0,100,100,0,0,0);
REPLACE INTO `creature` VALUES (2573013,61105,0,0,0,1,-8884.26,-6502.11,10.6158,1.46067,120,120,0,100,100,0,0,0);
REPLACE INTO `creature` VALUES (2573014,61106,0,0,0,1,-8882.2,-6502.11,10.6933,1.51172,120,120,0,100,100,0,0,0);
REPLACE INTO `creature` VALUES (2573015,61107,0,0,0,1,-8882.33,-6504.28,10.4766,1.51172,120,120,0,100,100,0,0,0);
REPLACE INTO `creature` VALUES (2573016,61108,0,0,0,1,-8884.5,-6504.27,10.225,1.41355,120,120,0,100,100,0,0,0);
REPLACE INTO `creature` VALUES (2573017,61109,0,0,0,1,-8886.48,-6504.39,10.0987,1.49209,120,120,0,100,100,0,0,0);
REPLACE INTO `creature` VALUES (2573018,61109,0,0,0,1,-8888.39,-6504.37,9.94832,1.50387,120,120,0,100,100,0,0,0);
DELETE FROM creature WHERE guid=2573018;
DELETE FROM creature_addon WHERE guid=2573018;
DELETE FROM creature_movement WHERE id=2573018;
DELETE FROM game_event_creature WHERE guid=2573018;
DELETE FROM game_event_creature_data WHERE guid=2573018;
DELETE FROM creature_battleground WHERE guid=2573018;
REPLACE INTO `creature` VALUES (2573019,61110,0,0,0,1,-8888.39,-6504.37,9.94832,1.50387,120,120,0,100,100,0,0,0);
REPLACE INTO `creature` VALUES (2573020,61111,0,0,0,1,-8890.24,-6504.21,9.79986,1.40962,120,120,0,100,100,0,0,0);
REPLACE INTO `creature` VALUES (2573021,61112,0,0,0,1,-8891.9,-6503.82,9.71014,1.48031,120,120,0,100,100,0,0,0);
REPLACE INTO `creature` VALUES (2573022,61113,0,0,0,1,-8893.97,-6503.76,10.1364,1.48031,120,120,0,100,100,0,0,0);
REPLACE INTO `creature` VALUES (2573023,61114,0,0,0,1,-8894.16,-6505.86,10.1042,1.48031,120,120,0,100,100,0,0,0);
REPLACE INTO `creature` VALUES (2573024,61115,0,0,0,1,-8891.32,-6505.96,9.61848,1.60597,120,120,0,100,100,0,0,0);
REPLACE INTO `creature` VALUES (2573025,61115,0,0,0,1,-8889.53,-6506.1,9.66137,1.55099,120,120,0,100,100,0,0,0);
DELETE FROM creature WHERE guid=2573025;
DELETE FROM creature_addon WHERE guid=2573025;
DELETE FROM creature_movement WHERE id=2573025;
DELETE FROM game_event_creature WHERE guid=2573025;
DELETE FROM game_event_creature_data WHERE guid=2573025;
DELETE FROM creature_battleground WHERE guid=2573025;
REPLACE INTO `creature` VALUES (2573026,61116,0,0,0,1,-8889.53,-6506.1,9.66137,1.55099,120,120,0,100,100,0,0,0);
DELETE FROM creature WHERE guid=2573007;
DELETE FROM creature_addon WHERE guid=2573007;
DELETE FROM creature_movement WHERE id=2573007;
DELETE FROM game_event_creature WHERE guid=2573007;
DELETE FROM game_event_creature_data WHERE guid=2573007;
DELETE FROM creature_battleground WHERE guid=2573007;
DELETE FROM creature WHERE guid=2573008;
DELETE FROM creature_addon WHERE guid=2573008;
DELETE FROM creature_movement WHERE id=2573008;
DELETE FROM game_event_creature WHERE guid=2573008;
DELETE FROM game_event_creature_data WHERE guid=2573008;
DELETE FROM creature_battleground WHERE guid=2573008;
DELETE FROM creature WHERE guid=2573012;
DELETE FROM creature_addon WHERE guid=2573012;
DELETE FROM creature_movement WHERE id=2573012;
DELETE FROM game_event_creature WHERE guid=2573012;
DELETE FROM game_event_creature_data WHERE guid=2573012;
DELETE FROM creature_battleground WHERE guid=2573012;
DELETE FROM creature WHERE guid=2573000;
DELETE FROM creature_addon WHERE guid=2573000;
DELETE FROM creature_movement WHERE id=2573000;
DELETE FROM game_event_creature WHERE guid=2573000;
DELETE FROM game_event_creature_data WHERE guid=2573000;
DELETE FROM creature_battleground WHERE guid=2573000;
REPLACE INTO `gameobject` VALUES ( 5011430, 22887, 1, -8942.53, -6878.56, 21.2894, 3.17657, 0, 0, 0.999847, -0.01749, 300, 300, 100, 1, 0, 0);
REPLACE INTO `gameobject` VALUES ( 5011430, 22887, 1, -8942.53, -6878.56, 21.2894, 3.17657, 0, 0, 0.999847, -0.01749, 300, 300, 100, 1, 0, 0);
REPLACE INTO `gameobject` VALUES ( 5011430, 22887, 1, -8942.33, -6878.56, 21.2894, 3.17657, 0, 0, 0.999847, -0.01749, 300, 300, 100, 1, 0, 0);
REPLACE INTO `gameobject` VALUES ( 5011430, 22887, 1, -8942.53, -6878.56, 21.2894, 3.17657, 0, 0, 0.999847, -0.01749, 300, 300, 100, 1, 0, 0);
REPLACE INTO `gameobject` VALUES ( 5011430, 22887, 1, -8942.53, -6878.36, 21.2894, 3.17657, 0, 0, 0.999847, -0.01749, 300, 300, 100, 1, 0, 0);
REPLACE INTO `gameobject` VALUES ( 5011430, 22887, 1, -8942.53, -6878.56, 21.2894, 3.17657, 0, 0, 0.999847, -0.01749, 300, 300, 100, 1, 0, 0);
REPLACE INTO `gameobject` VALUES ( 5011430, 22887, 1, -8942.53, -6878.76, 21.2894, 3.17657, 0, 0, 0.999847, -0.01749, 300, 300, 100, 1, 0, 0);
REPLACE INTO `gameobject` VALUES ( 5011430, 22887, 1, -8942.33, -6878.76, 21.2894, 3.17657, 0, 0, 0.999847, -0.01749, 300, 300, 100, 1, 0, 0);
REPLACE INTO `gameobject` VALUES ( 5011430, 22887, 1, -8942.53, -6878.76, 21.2894, 3.17657, 0, 0, 0.999847, -0.01749, 300, 300, 100, 1, 0, 0);
REPLACE INTO `gameobject` VALUES ( 5011430, 22887, 1, -8942.73, -6878.76, 21.2894, 3.17657, 0, 0, 0.999847, -0.01749, 300, 300, 100, 1, 0, 0);
REPLACE INTO `gameobject` VALUES ( 5011430, 22887, 1, -8942.93, -6878.76, 21.2894, 3.17657, 0, 0, 0.999847, -0.01749, 300, 300, 100, 1, 0, 0);
REPLACE INTO `gameobject` VALUES ( 5011430, 22887, 1, -8942.93, -6878.96, 21.2894, 3.17657, 0, 0, 0.999847, -0.01749, 300, 300, 100, 1, 0, 0);
REPLACE INTO `gameobject` VALUES ( 5011430, 22887, 1, -8942.93, -6878.76, 21.2894, 3.17657, 0, 0, 0.999847, -0.01749, 300, 300, 100, 1, 0, 0);
REPLACE INTO `gameobject` VALUES ( 5011430, 22887, 1, -8942.93, -6878.56, 21.2894, 3.17657, 0, 0, 0.999847, -0.01749, 300, 300, 100, 1, 0, 0);
REPLACE INTO `creature` VALUES (2573027,6110,0,0,0,1,-8949.78,-6879.32,21.2954,2.30786,120,120,0,100,100,0,0,0);
DELETE FROM creature WHERE guid=2573027;
DELETE FROM creature_addon WHERE guid=2573027;
DELETE FROM creature_movement WHERE id=2573027;
DELETE FROM game_event_creature WHERE guid=2573027;
DELETE FROM game_event_creature_data WHERE guid=2573027;
DELETE FROM creature_battleground WHERE guid=2573027;
REPLACE INTO `creature` VALUES (2573028,61110,0,0,0,1,-8949.78,-6879.32,21.2954,2.30786,120,120,0,100,100,0,0,0);
DELETE FROM creature WHERE guid=2573028;
DELETE FROM creature_addon WHERE guid=2573028;
DELETE FROM creature_movement WHERE id=2573028;
DELETE FROM game_event_creature WHERE guid=2573028;
DELETE FROM game_event_creature_data WHERE guid=2573028;
DELETE FROM creature_battleground WHERE guid=2573028;
REPLACE INTO `creature` VALUES (2573029,61100,0,0,0,1,-8949.83,-6879.24,21.2954,2.322,120,120,0,100,100,0,0,0);
REPLACE INTO `creature` VALUES (2573030,61099,0,0,0,1,-8949.85,-6874.78,21.2954,3.94407,120,120,0,100,100,0,0,0);
REPLACE INTO `creature` VALUES (2573030,61099,0,0,0,1,-8949.85,-6874.78,21.2954,3.94407,300,300,10,100,100,1,0,0);
REPLACE INTO `gameobject` VALUES ( 5011431, 178685, 1, -7931.8, -6842.21, 8.7135, 2.39616, 0, 0, 0.931341, 0.364147, 300, 300, 100, 1, 0, 0);
REPLACE INTO `gameobject` VALUES ( 5011431, 178685, 1, -7931.8, -6842.21, 8.7135, 0.786092, 0, 0, 0.383004, 0.923747, 300, 300, 100, 1, 0, 0);
REPLACE INTO `gameobject` VALUES ( 5011431, 178685, 1, -7931.8, -6842.21, 8.5135, 0.786092, 0, 0, 0.383004, 0.923747, 300, 300, 100, 1, 0, 0);
REPLACE INTO `gameobject` VALUES ( 5011431, 178685, 1, -7931.8, -6842.21, 8.5135, 0.786092, 0, 0, 0.383004, 0.923747, 300, 300, 100, 1, 0, 0);
REPLACE INTO `creature` VALUES (2573031,61102,0,0,0,1,-7931.07,-6843.78,8.70814,1.96419,120,120,0,100,100,0,0,0);
DELETE FROM creature WHERE guid=2573031;
DELETE FROM creature_addon WHERE guid=2573031;
DELETE FROM creature_movement WHERE id=2573031;
DELETE FROM game_event_creature WHERE guid=2573031;
DELETE FROM game_event_creature_data WHERE guid=2573031;
DELETE FROM creature_battleground WHERE guid=2573031;
REPLACE INTO `creature` VALUES (2573032,61106,0,0,0,1,-7931.07,-6843.78,8.70814,1.96419,120,120,0,100,100,0,0,0);
REPLACE INTO `creature` VALUES (2573033,61106,0,0,0,1,-7933.14,-6843.16,8.7482,0.741324,120,120,0,100,100,0,0,0);
DELETE FROM creature WHERE guid=2573032;
DELETE FROM creature_addon WHERE guid=2573032;
DELETE FROM creature_movement WHERE id=2573032;
DELETE FROM game_event_creature WHERE guid=2573032;
DELETE FROM game_event_creature_data WHERE guid=2573032;
DELETE FROM creature_battleground WHERE guid=2573032;
REPLACE INTO `creature` VALUES (2573034,61106,0,0,0,1,-7931.11,-6843.04,8.70538,2.33469,120,120,0,100,100,0,0,0);
DELETE FROM creature WHERE guid=2573033;
DELETE FROM creature_addon WHERE guid=2573033;
DELETE FROM creature_movement WHERE id=2573033;
DELETE FROM game_event_creature WHERE guid=2573033;
DELETE FROM game_event_creature_data WHERE guid=2573033;
DELETE FROM creature_battleground WHERE guid=2573033;
REPLACE INTO `creature` VALUES (2573035,61108,0,0,0,1,-7936.69,-6841.87,8.78319,4.35473,120,120,0,100,100,0,0,0);
DELETE FROM creature WHERE guid=2573035;
DELETE FROM creature_addon WHERE guid=2573035;
DELETE FROM creature_movement WHERE id=2573035;
DELETE FROM game_event_creature WHERE guid=2573035;
DELETE FROM game_event_creature_data WHERE guid=2573035;
DELETE FROM creature_battleground WHERE guid=2573035;
REPLACE INTO `creature` VALUES (2573036,61105,0,0,0,1,-7936.71,-6841.95,8.78567,4.35473,120,120,0,100,100,0,0,0);
DELETE FROM creature WHERE guid=2573036;
DELETE FROM creature_addon WHERE guid=2573036;
DELETE FROM creature_movement WHERE id=2573036;
DELETE FROM game_event_creature WHERE guid=2573036;
DELETE FROM game_event_creature_data WHERE guid=2573036;
DELETE FROM creature_battleground WHERE guid=2573036;
REPLACE INTO `creature` VALUES (2573037,61105,0,0,0,1,-7935.12,-6821.61,8.81497,1.43517,120,120,0,100,100,0,0,0);
REPLACE INTO `creature` VALUES (2573038,61101,0,0,0,1,-7939.55,-6833.79,9.12337,0.587724,120,120,0,100,100,0,0,0);
REPLACE INTO `creature` VALUES (2573039,61109,0,0,0,1,-8870.08,-6553.04,15.289,0.169185,120,120,0,100,100,0,0,0);
REPLACE INTO `creature` VALUES (2573040,61111,0,0,0,1,-8856.23,-6565.54,16.6718,3.8205,120,120,0,100,100,0,0,0);
REPLACE INTO `creature` VALUES (2573041,61116,0,0,0,1,-8846.68,-6544.87,16.0891,2.57564,120,120,0,100,100,0,0,0);
DELETE FROM creature WHERE guid=2573041;
DELETE FROM creature_addon WHERE guid=2573041;
DELETE FROM creature_movement WHERE id=2573041;
DELETE FROM game_event_creature WHERE guid=2573041;
DELETE FROM game_event_creature_data WHERE guid=2573041;
DELETE FROM creature_battleground WHERE guid=2573041;
REPLACE INTO `creature` VALUES (2573042,61110,0,0,0,1,-8849.14,-6506.44,12.8071,2.59428,120,120,0,100,100,0,0,0);
DELETE FROM creature WHERE guid=2573013;
DELETE FROM creature_addon WHERE guid=2573013;
DELETE FROM creature_movement WHERE id=2573013;
DELETE FROM game_event_creature WHERE guid=2573013;
DELETE FROM game_event_creature_data WHERE guid=2573013;
DELETE FROM creature_battleground WHERE guid=2573013;
DELETE FROM creature WHERE guid=2573014;
DELETE FROM creature_addon WHERE guid=2573014;
DELETE FROM creature_movement WHERE id=2573014;
DELETE FROM game_event_creature WHERE guid=2573014;
DELETE FROM game_event_creature_data WHERE guid=2573014;
DELETE FROM creature_battleground WHERE guid=2573014;
DELETE FROM creature WHERE guid=2572994;
DELETE FROM creature_addon WHERE guid=2572994;
DELETE FROM creature_movement WHERE id=2572994;
DELETE FROM game_event_creature WHERE guid=2572994;
DELETE FROM game_event_creature_data WHERE guid=2572994;
DELETE FROM creature_battleground WHERE guid=2572994;
DELETE FROM creature WHERE guid=2572995;
DELETE FROM creature_addon WHERE guid=2572995;
DELETE FROM creature_movement WHERE id=2572995;
DELETE FROM game_event_creature WHERE guid=2572995;
DELETE FROM game_event_creature_data WHERE guid=2572995;
DELETE FROM creature_battleground WHERE guid=2572995;
DELETE FROM creature WHERE guid=2572993;
DELETE FROM creature_addon WHERE guid=2572993;
DELETE FROM creature_movement WHERE id=2572993;
DELETE FROM game_event_creature WHERE guid=2572993;
DELETE FROM game_event_creature_data WHERE guid=2572993;
DELETE FROM creature_battleground WHERE guid=2572993;
DELETE FROM creature WHERE guid=2573017;
DELETE FROM creature_addon WHERE guid=2573017;
DELETE FROM creature_movement WHERE id=2573017;
DELETE FROM game_event_creature WHERE guid=2573017;
DELETE FROM game_event_creature_data WHERE guid=2573017;
DELETE FROM creature_battleground WHERE guid=2573017;
DELETE FROM creature WHERE guid=2573019;
DELETE FROM creature_addon WHERE guid=2573019;
DELETE FROM creature_movement WHERE id=2573019;
DELETE FROM game_event_creature WHERE guid=2573019;
DELETE FROM game_event_creature_data WHERE guid=2573019;
DELETE FROM creature_battleground WHERE guid=2573019;
DELETE FROM creature WHERE guid=2573020;
DELETE FROM creature_addon WHERE guid=2573020;
DELETE FROM creature_movement WHERE id=2573020;
DELETE FROM game_event_creature WHERE guid=2573020;
DELETE FROM game_event_creature_data WHERE guid=2573020;
DELETE FROM creature_battleground WHERE guid=2573020;
REPLACE INTO `creature` VALUES (2573043,61108,0,0,0,1,-8922.79,-6563.94,14.6384,0.309563,120,120,0,100,100,0,0,0);
REPLACE INTO `creature` VALUES (2573044,61115,0,0,0,1,-8918.51,-6564.99,14.6341,1.73113,120,120,0,100,100,0,0,0);
REPLACE INTO `creature` VALUES (2573045,61107,0,0,0,1,-8909.8,-6577.11,14.6,0.912701,120,120,0,100,100,0,0,0);
REPLACE INTO `creature` VALUES (2573046,61104,0,0,0,1,-8908.16,-6537.73,12.3381,3.49824,120,120,0,100,100,0,0,0);
REPLACE INTO `creature` VALUES (2573047,61104,0,0,0,1,-8910.79,-6535.75,13.2274,3.93021,120,120,0,100,100,0,0,0);
REPLACE INTO `creature` VALUES (2573048,61104,0,0,0,1,-8906.73,-6525.86,11.58,0.128876,120,120,0,100,100,0,0,0);
REPLACE INTO `creature` VALUES (2573049,61104,0,0,0,1,-8913.68,-6542.26,12.5365,5.39104,120,120,0,100,100,0,0,0);
REPLACE INTO `creature` VALUES (2573050,61104,0,0,0,1,-8902.21,-6502.06,11.0504,2.48899,120,120,0,100,100,0,0,0);
REPLACE INTO `creature` VALUES (2573051,61104,0,0,0,1,-8847.67,-6552.58,16.2073,5.04861,120,120,0,100,100,0,0,0);
REPLACE INTO `creature` VALUES (2573052,61104,0,0,0,1,-8843.69,-6543.29,16.0802,4.26743,120,120,0,100,100,0,0,0);
REPLACE INTO `creature` VALUES (2573053,61104,0,0,0,1,-8874.52,-6591.24,18.6231,1.72195,120,120,0,100,100,0,0,0);
REPLACE INTO `creature` VALUES (2573054,61104,0,0,0,1,-8925.28,-6573.28,15.3251,3.0964,120,120,0,100,100,0,0,0);
REPLACE INTO `creature` VALUES (2573055,61104,0,0,0,1,-8873.57,-6488.2,11.7045,1.05101,120,120,0,100,100,0,0,0);
REPLACE INTO `creature` VALUES (2573056,61104,0,0,0,1,-8934.09,-6504.95,8.46826,4.70547,120,120,0,100,100,0,0,0);
REPLACE INTO `creature` VALUES (2573057,61103,0,0,0,1,-8906.54,-6585.06,15.3713,4.75494,120,120,0,100,100,0,0,0);
REPLACE INTO `creature` VALUES (2573058,61103,0,0,0,1,-8896.01,-6588.44,16.7555,4.12269,120,120,0,100,100,0,0,0);
REPLACE INTO `creature` VALUES (2573059,61103,0,0,0,1,-8903.23,-6597.53,16.7768,4.49183,120,120,0,100,100,0,0,0);
REPLACE INTO `creature` VALUES (2573059,61103,0,0,0,1,-8903.23,-6597.53,16.7768,4.49183,300,300,0,100,100,0,0,0);
DELETE FROM creature_movement WHERE id=2573059;
INSERT INTO creature_movement (id,point,position_x,position_y,position_z,orientation) VALUES (2573059,1, -8903.234375,-6597.528320,16.776785, 100);
INSERT INTO creature_movement (id,point,position_x,position_y,position_z,orientation) VALUES (2573059,2, -8902.555664,-6593.422852,16.509083, 100);
INSERT INTO creature_movement (id,point,position_x,position_y,position_z,orientation) VALUES (2573059,3, -8901.318359,-6583.024414,15.093918, 100);
INSERT INTO creature_movement (id,point,position_x,position_y,position_z,orientation) VALUES (2573059,4, -8899.543945,-6571.343262,14.590608, 100);
INSERT INTO creature_movement (id,point,position_x,position_y,position_z,orientation) VALUES (2573059,5, -8899.380859,-6549.897461,12.398351, 100);
INSERT INTO creature_movement (id,point,position_x,position_y,position_z,orientation) VALUES (2573059,6, -8899.189453,-6565.617188,14.795876, 100);
INSERT INTO creature_movement (id,point,position_x,position_y,position_z,orientation) VALUES (2573059,7, -8901.011719,-6577.273926,14.832823, 100);
INSERT INTO creature_movement (id,point,position_x,position_y,position_z,orientation) VALUES (2573059,8, -8902.159180,-6591.222656,16.130072, 100);
REPLACE INTO `creature` VALUES (2573059,61103,0,0,0,1,-8903.23,-6597.53,16.7768,4.49183,300,300,0,100,100,2,0,0);
REPLACE INTO `creature` VALUES (2573060,61103,0,0,0,1,-8837.13,-6538.36,15.298,6.27861,120,120,0,100,100,0,0,0);
REPLACE INTO `creature` VALUES (2573061,61103,0,0,0,1,-8835.08,-6531.61,15.3223,5.86628,120,120,0,100,100,0,0,0);
REPLACE INTO `creature` VALUES (2573062,61103,0,0,0,1,-8875.51,-6537.32,13.513,1.4979,120,120,0,100,100,0,0,0);
REPLACE INTO `creature` VALUES (2573063,61103,0,0,0,1,-8882.05,-6537.65,13.4471,1.47827,120,120,0,100,100,0,0,0);
REPLACE INTO `creature` VALUES (2573064,61103,0,0,0,1,-8898.91,-6489.9,10.1718,5.06754,120,120,0,100,100,0,0,0);
REPLACE INTO `creature` VALUES (2573065,61103,0,0,0,1,-8883.58,-6488.64,10.7456,4.63158,120,120,0,100,100,0,0,0);
REPLACE INTO `creature` VALUES (2573066,61114,0,0,0,1,-8881.73,-6574.48,16.8371,1.1424,120,120,0,100,100,0,0,0);
REPLACE INTO `creature` VALUES (2573067,61102,0,0,0,1,-8880.81,-6575.37,23.3365,0.0721059,120,120,0,100,100,0,0,0);
REPLACE INTO `creature` VALUES (2573068,61113,0,0,0,1,-8875.81,-6577.85,23.4808,1.55169,120,120,0,100,100,0,0,0);
DELETE FROM creature WHERE guid=2573023;
DELETE FROM creature_addon WHERE guid=2573023;
DELETE FROM creature_movement WHERE id=2573023;
DELETE FROM game_event_creature WHERE guid=2573023;
DELETE FROM game_event_creature_data WHERE guid=2573023;
DELETE FROM creature_battleground WHERE guid=2573023;
DELETE FROM creature WHERE guid=2573022;
DELETE FROM creature_addon WHERE guid=2573022;
DELETE FROM creature_movement WHERE id=2573022;
DELETE FROM game_event_creature WHERE guid=2573022;
DELETE FROM game_event_creature_data WHERE guid=2573022;
DELETE FROM creature_battleground WHERE guid=2573022;
DELETE FROM creature WHERE guid=2573024;
DELETE FROM creature_addon WHERE guid=2573024;
DELETE FROM creature_movement WHERE id=2573024;
DELETE FROM game_event_creature WHERE guid=2573024;
DELETE FROM game_event_creature_data WHERE guid=2573024;
DELETE FROM creature_battleground WHERE guid=2573024;
REPLACE INTO `creature` VALUES (2573069,61116,0,0,0,1,-8881.29,-6555.1,15.0195,2.44786,120,120,0,100,100,0,0,0);
DELETE FROM creature WHERE guid=2573026;
DELETE FROM creature_addon WHERE guid=2573026;
DELETE FROM creature_movement WHERE id=2573026;
DELETE FROM game_event_creature WHERE guid=2573026;
DELETE FROM game_event_creature_data WHERE guid=2573026;
DELETE FROM creature_battleground WHERE guid=2573026;
DELETE FROM creature WHERE guid=2572996;
DELETE FROM creature_addon WHERE guid=2572996;
DELETE FROM creature_movement WHERE id=2572996;
DELETE FROM game_event_creature WHERE guid=2572996;
DELETE FROM game_event_creature_data WHERE guid=2572996;
DELETE FROM creature_battleground WHERE guid=2572996;
DELETE FROM creature WHERE guid=2572997;
DELETE FROM creature_addon WHERE guid=2572997;
DELETE FROM creature_movement WHERE id=2572997;
DELETE FROM game_event_creature WHERE guid=2572997;
DELETE FROM game_event_creature_data WHERE guid=2572997;
DELETE FROM creature_battleground WHERE guid=2572997;
DELETE FROM creature WHERE guid=2572998;
DELETE FROM creature_addon WHERE guid=2572998;
DELETE FROM creature_movement WHERE id=2572998;
DELETE FROM game_event_creature WHERE guid=2572998;
DELETE FROM game_event_creature_data WHERE guid=2572998;
DELETE FROM creature_battleground WHERE guid=2572998;
DELETE FROM creature WHERE guid=2573015;
DELETE FROM creature_addon WHERE guid=2573015;
DELETE FROM creature_movement WHERE id=2573015;
DELETE FROM game_event_creature WHERE guid=2573015;
DELETE FROM game_event_creature_data WHERE guid=2573015;
DELETE FROM creature_battleground WHERE guid=2573015;
DELETE FROM creature WHERE guid=2573016;
DELETE FROM creature_addon WHERE guid=2573016;
DELETE FROM creature_movement WHERE id=2573016;
DELETE FROM game_event_creature WHERE guid=2573016;
DELETE FROM game_event_creature_data WHERE guid=2573016;
DELETE FROM creature_battleground WHERE guid=2573016;
REPLACE INTO `creature` VALUES (2573070,61112,0,0,0,1,-8917.65,-6504.84,9.80284,3.15708,120,120,0,100,100,0,0,0);
DELETE FROM creature WHERE guid=2573070;
DELETE FROM creature_addon WHERE guid=2573070;
DELETE FROM creature_movement WHERE id=2573070;
DELETE FROM game_event_creature WHERE guid=2573070;
DELETE FROM game_event_creature_data WHERE guid=2573070;
DELETE FROM creature_battleground WHERE guid=2573070;
REPLACE INTO `creature` VALUES (2573071,61112,0,0,0,1,-8917,-6504.71,9.8246,6.20678,120,120,0,100,100,0,0,0);
DELETE FROM creature WHERE guid=2573071;
DELETE FROM creature_addon WHERE guid=2573071;
DELETE FROM creature_movement WHERE id=2573071;
DELETE FROM game_event_creature WHERE guid=2573071;
DELETE FROM game_event_creature_data WHERE guid=2573071;
DELETE FROM creature_battleground WHERE guid=2573071;
REPLACE INTO `creature` VALUES (2573072,61112,0,0,0,1,-8916.68,-6503.96,9.79586,5.46851,120,120,0,100,100,0,0,0);
DELETE FROM creature WHERE guid=2573021;
DELETE FROM creature_addon WHERE guid=2573021;
DELETE FROM creature_movement WHERE id=2573021;
DELETE FROM game_event_creature WHERE guid=2573021;
DELETE FROM game_event_creature_data WHERE guid=2573021;
DELETE FROM creature_battleground WHERE guid=2573021;
REPLACE INTO `creature` VALUES (2573073,61103,0,0,0,1,-8840.64,-6534.22,14.2933,2.97004,120,120,0,100,100,0,0,0);
REPLACE INTO `creature` VALUES (2573073,61103,0,0,0,1,-8840.64,-6534.22,14.2933,2.97004,300,300,0,100,100,0,0,0);
DELETE FROM creature_movement WHERE id=2573073;
INSERT INTO creature_movement (id,point,position_x,position_y,position_z,orientation) VALUES (2573073,1, -8840.637695,-6534.215332,14.293338, 100);
REPLACE INTO `creature` VALUES (2573073,61103,0,0,0,1,-8840.64,-6534.22,14.2933,2.97004,300,300,0,100,100,2,0,0);
DELETE FROM creature WHERE guid=2573073;
DELETE FROM creature_addon WHERE guid=2573073;
DELETE FROM creature_movement WHERE id=2573073;
DELETE FROM game_event_creature WHERE guid=2573073;
DELETE FROM game_event_creature_data WHERE guid=2573073;
DELETE FROM creature_battleground WHERE guid=2573073;
REPLACE INTO `creature` VALUES (2573074,61103,0,0,0,1,-8841.29,-6534.1,14.2766,2.97004,120,120,0,100,100,0,0,0);
REPLACE INTO `creature` VALUES (2573074,61103,0,0,0,1,-8841.29,-6534.1,14.2766,2.97004,300,300,0,100,100,0,0,0);
DELETE FROM creature_movement WHERE id=2573074;
INSERT INTO creature_movement (id,point,position_x,position_y,position_z,orientation) VALUES (2573074,1, -8841.291016,-6534.102051,14.276554, 100);
INSERT INTO creature_movement (id,point,position_x,position_y,position_z,orientation) VALUES (2573074,2, -8849.479492,-6532.828613,13.973913, 100);
INSERT INTO creature_movement (id,point,position_x,position_y,position_z,orientation) VALUES (2573074,3, -8865.766602,-6531.428223,13.064133, 100);
INSERT INTO creature_movement (id,point,position_x,position_y,position_z,orientation) VALUES (2573074,4, -8879.707031,-6526.637695,10.787066, 100);
INSERT INTO creature_movement (id,point,position_x,position_y,position_z,orientation) VALUES (2573074,5, -8890.128906,-6526.015625,10.094711, 100);
INSERT INTO creature_movement (id,point,position_x,position_y,position_z,orientation) VALUES (2573074,6, -8899.741211,-6539.613770,11.322783, 100);
INSERT INTO creature_movement (id,point,position_x,position_y,position_z,orientation) VALUES (2573074,7, -8906.740234,-6545.543457,11.852614, 100);
INSERT INTO creature_movement (id,point,position_x,position_y,position_z,orientation) VALUES (2573074,8, -8911.034180,-6551.225586,13.651049, 100);
INSERT INTO creature_movement (id,point,position_x,position_y,position_z,orientation) VALUES (2573074,9, -8903.996094,-6543.437988,11.882297, 100);
INSERT INTO creature_movement (id,point,position_x,position_y,position_z,orientation) VALUES (2573074,10, -8896.125977,-6535.829102,11.134925, 100);
INSERT INTO creature_movement (id,point,position_x,position_y,position_z,orientation) VALUES (2573074,11, -8896.102539,-6526.238770,10.635283, 100);
INSERT INTO creature_movement (id,point,position_x,position_y,position_z,orientation) VALUES (2573074,12, -8905.026367,-6517.226074,10.656809, 100);
INSERT INTO creature_movement (id,point,position_x,position_y,position_z,orientation) VALUES (2573074,13, -8895.827148,-6525.314941,10.588741, 100);
INSERT INTO creature_movement (id,point,position_x,position_y,position_z,orientation) VALUES (2573074,14, -8889.919922,-6518.292480,9.811990, 100);
INSERT INTO creature_movement (id,point,position_x,position_y,position_z,orientation) VALUES (2573074,15, -8889.010742,-6505.677734,9.751648, 100);
INSERT INTO creature_movement (id,point,position_x,position_y,position_z,orientation) VALUES (2573074,16, -8891.526367,-6489.404785,9.749034, 100);
INSERT INTO creature_movement (id,point,position_x,position_y,position_z,orientation) VALUES (2573074,17, -8891.179688,-6470.591797,7.861895, 100);
INSERT INTO creature_movement (id,point,position_x,position_y,position_z,orientation) VALUES (2573074,18, -8890.476562,-6491.554199,9.925752, 100);
INSERT INTO creature_movement (id,point,position_x,position_y,position_z,orientation) VALUES (2573074,19, -8889.976562,-6499.854980,9.990675, 100);
INSERT INTO creature_movement (id,point,position_x,position_y,position_z,orientation) VALUES (2573074,20, -8883.710938,-6504.055664,10.298149, 100);
INSERT INTO creature_movement (id,point,position_x,position_y,position_z,orientation) VALUES (2573074,21, -8868.701172,-6498.013672,12.042331, 100);
INSERT INTO creature_movement (id,point,position_x,position_y,position_z,orientation) VALUES (2573074,22, -8865.642578,-6497.647949,12.771748, 100);
INSERT INTO creature_movement (id,point,position_x,position_y,position_z,orientation) VALUES (2573074,23, -8862.584961,-6499.292969,13.508862, 100);
INSERT INTO creature_movement (id,point,position_x,position_y,position_z,orientation) VALUES (2573074,24, -8868.044922,-6497.713867,12.213153, 100);
INSERT INTO creature_movement (id,point,position_x,position_y,position_z,orientation) VALUES (2573074,25, -8879.001953,-6502.154785,11.077970, 100);
INSERT INTO creature_movement (id,point,position_x,position_y,position_z,orientation) VALUES (2573074,26, -8886.582031,-6506.441895,9.980349, 100);
INSERT INTO creature_movement (id,point,position_x,position_y,position_z,orientation) VALUES (2573074,27, -8885.061523,-6521.232422,10.016788, 100);
INSERT INTO creature_movement (id,point,position_x,position_y,position_z,orientation) VALUES (2573074,28, -8874.958008,-6527.297363,11.650264, 100);
INSERT INTO creature_movement (id,point,position_x,position_y,position_z,orientation) VALUES (2573074,29, -8867.083984,-6529.878418,12.957220, 100);
INSERT INTO creature_movement (id,point,position_x,position_y,position_z,orientation) VALUES (2573074,30, -8844.540039,-6533.417969,14.207938, 100);
INSERT INTO creature_movement (id,point,position_x,position_y,position_z,orientation) VALUES (2573074,31, -8828.640625,-6536.436523,14.956736, 100);
INSERT INTO creature_movement (id,point,position_x,position_y,position_z,orientation) VALUES (2573074,32, -8836.390625,-6535.078125,14.835832, 100);
REPLACE INTO `creature` VALUES (2573074,61103,0,0,0,1,-8841.29,-6534.1,14.2766,2.97004,300,300,0,100,100,2,0,0);
UPDATE creature SET position_x = '-8847.755859', position_y = '-6552.512695', position_z = '16.204262', orientation = '2.376184' WHERE guid = '2573051';
REPLACE INTO `creature` VALUES (2573075,61104,0,0,0,1,-8850.09,-6557.63,16.3272,4.69468,120,120,0,100,100,0,0,0);
REPLACE INTO `gameobject` VALUES ( 5011432, 2010948, 1, -9030.76, -6871.44, 17.4126, 1.69651, 0, 0, 0.750127, 0.661294, 300, 300, 100, 1, 0, 0);
REPLACE INTO `gameobject` VALUES ( 5011433, 2010949, 1, -9026.74, -6871.23, 17.8307, 0.431231, 0, 0, 0.213949, 0.976845, 300, 300, 100, 1, 0, 0);
DELETE FROM gameobject WHERE guid = '5011433';
DELETE FROM game_event_gameobject WHERE guid = '5011433';
DELETE FROM gameobject_battleground WHERE guid = '5011433';
DELETE FROM gameobject WHERE guid = '5011432';
DELETE FROM game_event_gameobject WHERE guid = '5011432';
DELETE FROM gameobject_battleground WHERE guid = '5011432';
REPLACE INTO `creature` VALUES (2573076,61092,0,0,0,1,-8709.74,-6515.24,6.6853,6.09965,120,120,0,100,100,0,0,0);
REPLACE INTO `creature` VALUES (2573077,61092,0,0,0,1,-8744.43,-6600.45,30.2234,0.578296,120,120,0,100,100,0,0,0);
REPLACE INTO `creature` VALUES (2573078,61092,0,0,0,1,-8606.52,-6711.63,48.932,0.279055,120,120,0,100,100,0,0,0);
REPLACE INTO `creature` VALUES (2573079,61092,0,0,0,1,-8693.17,-6780.65,36.9679,3.27692,120,120,0,100,100,0,0,0);
REPLACE INTO `creature` VALUES (2573080,61093,0,0,0,1,-8743.78,-6808.25,30.9955,4.48722,120,120,0,100,100,0,0,0);
REPLACE INTO `creature` VALUES (2573081,61092,0,0,0,1,-8779.99,-6832.03,13.1503,2.76327,120,120,0,100,100,0,0,0);
REPLACE INTO `creature` VALUES (2573082,61093,0,0,0,1,-8693.41,-6828.98,34.6635,1.659,120,120,0,100,100,0,0,0);
REPLACE INTO `creature` VALUES (2573083,61092,0,0,0,1,-8619.63,-6814.24,45.5883,4.86342,120,120,0,100,100,0,0,0);
REPLACE INTO `creature` VALUES (2573084,61093,0,0,0,1,-8648.88,-6879.1,42.636,4.50607,120,120,0,100,100,0,0,0);
REPLACE INTO `creature` VALUES (2573085,61092,0,0,0,1,-8798.28,-7011.33,5.79932,3.85261,120,120,0,100,100,0,0,0);
REPLACE INTO `creature` VALUES (2573086,61092,0,0,0,1,-8844.96,-6907.79,11.8118,1.04717,120,120,0,100,100,0,0,0);
REPLACE INTO `creature` VALUES (2573087,61092,0,0,0,1,-8898.67,-6958.4,7.80902,4.05132,120,120,0,100,100,0,0,0);
REPLACE INTO `creature` VALUES (2573088,61093,0,0,0,1,-8812.93,-7071.35,3.81833,4.88305,120,120,0,100,100,0,0,0);
REPLACE INTO `creature` VALUES (2573089,61093,0,0,0,1,-8747.07,-7053.7,26.7352,0.950562,120,120,0,100,100,0,0,0);
REPLACE INTO `creature` VALUES (2573090,61093,0,0,0,1,-8697.38,-7139.42,29.5366,4.23667,120,120,0,100,100,0,0,0);
REPLACE INTO `creature` VALUES (2573091,61093,0,0,0,1,-8645.17,-7115.74,28.2049,0.566501,120,120,0,100,100,0,0,0);
REPLACE INTO `creature` VALUES (2573092,61093,0,0,0,1,-8644.64,-7175.83,17.1585,4.67807,120,120,0,100,100,0,0,0);
REPLACE INTO `creature` VALUES (2573093,61092,0,0,0,1,-8731.34,-7200.42,2.56042,3.39158,120,120,0,100,100,0,0,0);
REPLACE INTO `creature` VALUES (2573094,61092,0,0,0,1,-8795.84,-7193.07,0.535831,1.53411,120,120,0,100,100,0,0,0);
REPLACE INTO `creature` VALUES (2573095,61092,0,0,0,1,-8833.51,-7121.97,2.13156,2.3957,120,120,0,100,100,0,0,0);
REPLACE INTO `creature` VALUES (2573096,61092,0,0,0,1,-8722.07,-6987.13,19.8818,0.429055,120,120,0,100,100,0,0,0);
REPLACE INTO `creature` VALUES (2573097,61093,0,0,0,1,-8657.56,-7071.28,52.5221,0.268049,120,120,0,100,100,0,0,0);
REPLACE INTO `creature` VALUES (2573098,61093,0,0,0,1,-8690.88,-7040.63,44.9746,3.30396,120,120,0,100,100,0,0,0);
REPLACE INTO `creature` VALUES (2573099,61092,0,0,0,1,-8619.26,-6857.09,35.9559,0.0767488,120,120,0,100,100,0,0,0);
DELETE FROM creature WHERE guid=2573099;
DELETE FROM creature_addon WHERE guid=2573099;
DELETE FROM creature_movement WHERE id=2573099;
DELETE FROM game_event_creature WHERE guid=2573099;
DELETE FROM game_event_creature_data WHERE guid=2573099;
DELETE FROM creature_battleground WHERE guid=2573099;
REPLACE INTO `creature` VALUES (2573100,61093,0,0,0,1,-8619.81,-6858.11,35.7849,4.15061,120,120,0,100,100,0,0,0);
REPLACE INTO `creature` VALUES (2573101,61092,0,0,0,1,-8744.01,-6927.7,28.2319,3.97782,120,120,0,100,100,0,0,0);
REPLACE INTO `creature` VALUES (2573102,61083,0,0,0,1,-8962.85,-6965.62,2.15169,3.66759,120,120,0,100,100,0,0,0);
REPLACE INTO `creature` VALUES (2573103,61083,0,0,0,1,-8959.53,-6949.96,5.78696,2.16041,120,120,0,100,100,0,0,0);
REPLACE INTO `creature` VALUES (2573104,61084,0,0,0,1,-8931.31,-6973.04,2.69846,5.64365,120,120,0,100,100,0,0,0);
REPLACE INTO `creature` VALUES (2573105,61084,0,0,0,1,-8993.63,-6951.73,3.17736,3.1343,120,120,0,100,100,0,0,0);
DELETE FROM creature WHERE guid=2573105;
DELETE FROM creature_addon WHERE guid=2573105;
DELETE FROM creature_movement WHERE id=2573105;
DELETE FROM game_event_creature WHERE guid=2573105;
DELETE FROM game_event_creature_data WHERE guid=2573105;
DELETE FROM creature_battleground WHERE guid=2573105;
REPLACE INTO `creature` VALUES (2573106,61083,0,0,0,1,-8993.63,-6951.73,3.17736,3.1343,120,120,0,100,100,0,0,0);
REPLACE INTO `creature` VALUES (2573107,61092,0,0,0,1,-8536.67,-6670.39,45.7819,1.96871,120,120,0,100,100,0,0,0);
REPLACE INTO `creature` VALUES (2573108,61093,0,0,0,1,-8772.73,-6723.87,25.3552,3.79712,120,120,0,100,100,0,0,0);
REPLACE INTO `creature` VALUES (2573109,61091,0,0,0,1,-8972.58,-6524.23,8.24078,5.29245,120,120,0,100,100,0,0,0);
REPLACE INTO `creature` VALUES (2573110,61095,0,0,0,1,-8985.67,-6614.73,15.381,4.02404,120,120,0,100,100,0,0,0);
REPLACE INTO `creature` VALUES (2573111,61091,0,0,0,1,-9041.97,-6601.7,7.99974,1.05131,120,120,0,100,100,0,0,0);
REPLACE INTO `creature` VALUES (2573112,61091,0,0,0,1,-9049.21,-6671.98,15.6073,5.60269,120,120,0,100,100,0,0,0);
REPLACE INTO `creature` VALUES (2573113,61091,0,0,0,1,-8997.28,-6677.24,21.2933,0.448122,120,120,0,100,100,0,0,0);
REPLACE INTO `creature` VALUES (2573114,61091,0,0,0,1,-9055.28,-6714.84,17.8132,3.73109,120,120,0,100,100,0,0,0);
REPLACE INTO `creature` VALUES (2573115,61091,0,0,0,1,-9074.3,-6774.54,18.0206,2.03619,120,120,0,100,100,0,0,0);
REPLACE INTO `creature` VALUES (2573116,61095,0,0,0,1,-9092.84,-6704.77,14.2859,1.93331,120,120,0,100,100,0,0,0);
REPLACE INTO `creature` VALUES (2573117,61074,0,0,0,1,-9024.42,-6804.92,25.8532,3.70132,120,120,0,100,100,0,0,0);
DELETE FROM creature WHERE guid=2573117;
DELETE FROM creature_addon WHERE guid=2573117;
DELETE FROM creature_movement WHERE id=2573117;
DELETE FROM game_event_creature WHERE guid=2573117;
DELETE FROM game_event_creature_data WHERE guid=2573117;
DELETE FROM creature_battleground WHERE guid=2573117;
REPLACE INTO `creature` VALUES (2573118,61078,0,0,0,1,-9035.95,-6811.24,23.6074,3.89924,120,120,0,100,100,0,0,0);
REPLACE INTO `creature` VALUES (2573119,61078,0,0,0,1,-9061.27,-6833.82,16.5287,2.81932,120,120,0,100,100,0,0,0);
REPLACE INTO `creature` VALUES (2573120,61091,0,0,0,1,-9028.75,-6883.98,15.2456,4.97524,120,120,0,100,100,0,0,0);
REPLACE INTO `creature` VALUES (2573121,61095,0,0,0,1,-8947.54,-6823.6,26.7799,5.16217,120,120,0,100,100,0,0,0);
REPLACE INTO `creature` VALUES (2573122,61091,0,0,0,1,-8903.34,-6818.39,22.1948,1.79123,120,120,0,100,100,0,0,0);
REPLACE INTO `creature` VALUES (2573123,61078,0,0,0,1,-8895.67,-6765.33,27.3474,1.98366,120,120,0,100,100,0,0,0);
REPLACE INTO `creature` VALUES (2573124,61078,0,0,0,1,-8902.75,-6749.21,27.7466,4.0414,120,120,0,100,100,0,0,0);
REPLACE INTO `creature` VALUES (2573125,61095,0,0,0,1,-8937.62,-6764.6,28.7766,3.90396,120,120,0,100,100,0,0,0);
REPLACE INTO `creature` VALUES (2573126,61078,0,0,0,1,-8991.14,-6563.83,22.1019,2.73756,120,120,0,100,100,0,0,0);
REPLACE INTO `creature` VALUES (2573127,61091,0,0,0,1,-8898.9,-6706.73,19.5805,5.03486,120,120,0,100,100,0,0,0);
REPLACE INTO `creature` VALUES (2573128,61091,0,0,0,1,-8813.4,-6777.71,17.9529,5.02329,120,120,0,100,100,0,0,0);
REPLACE INTO `creature` VALUES (2573129,61091,0,0,0,1,-8830.96,-6844.14,12.2179,5.76942,120,120,0,100,100,0,0,0);
REPLACE INTO `creature` VALUES (2573130,61091,0,0,0,1,-8891.13,-6876.54,15.1168,3.05586,120,120,0,100,100,0,0,0);
REPLACE INTO `creature` VALUES (2573131,61091,0,0,0,1,-8822.03,-6681.93,20.1623,3.01765,120,120,0,100,100,0,0,0);
REPLACE INTO `creature` VALUES (2573132,61095,0,0,0,1,-8865.81,-6711.02,33.2732,4.13291,120,120,0,100,100,0,0,0);
REPLACE INTO `creature` VALUES (2573133,61095,0,0,0,1,-8857.63,-6661.25,21.2064,1.79635,120,120,0,100,100,0,0,0);
REPLACE INTO `creature` VALUES (2573134,61095,0,0,0,1,-8819.96,-6627.62,23.3978,6.02965,120,120,0,100,100,0,0,0);
REPLACE INTO `creature` VALUES (2573135,61091,0,0,0,1,-8772.38,-6547.85,13.6075,1.5191,120,120,0,100,100,0,0,0);
REPLACE INTO `creature` VALUES (2573136,61078,0,0,0,1,-9029.88,-6832.34,29.1941,5.57179,120,120,0,100,100,0,0,0);
REPLACE INTO `creature` VALUES (2573137,61083,0,0,0,1,-8704.15,-6454.2,0.88069,0.841344,120,120,0,100,100,0,0,0);
REPLACE INTO `creature` VALUES (2573138,61083,0,0,0,1,-8675.45,-6455.88,2.22748,5.58986,120,120,0,100,100,0,0,0);
REPLACE INTO `creature` VALUES (2573139,61084,0,0,0,1,-8698.82,-6465.43,3.073,5.66447,120,120,0,100,100,0,0,0);
REPLACE INTO `creature` VALUES (2573140,61085,0,0,0,1,-8693.75,-6457.67,2.09957,2.12861,120,120,0,100,100,0,0,0);
REPLACE INTO `creature` VALUES (2573141,61083,0,0,0,1,-8733.09,-6469.89,0.980371,2.89008,120,120,0,100,100,0,0,0);
REPLACE INTO `creature` VALUES (2573142,61083,0,0,0,1,-8600.36,-6479.9,2.69602,0.618848,120,120,0,100,100,0,0,0);
REPLACE INTO `creature` VALUES (2573143,61083,0,0,0,1,-8633.37,-6463.98,3.13137,2.1276,120,120,0,100,100,0,0,0);
REPLACE INTO `creature` VALUES (2573144,61084,0,0,0,1,-8629.77,-6520.88,12.8641,2.00271,120,120,0,100,100,0,0,0);
REPLACE INTO `creature` VALUES (2573145,61085,0,0,0,1,-8630.74,-6498.12,5.28944,1.84171,120,120,0,100,100,0,0,0);
REPLACE INTO `creature` VALUES (2573146,61085,0,0,0,1,-8638.22,-6496.51,5.45237,0.734292,120,120,0,100,100,0,0,0);
REPLACE INTO `creature` VALUES (2573147,61083,0,0,0,1,-8554.51,-6496.82,1.21883,1.56361,120,120,0,100,100,0,0,0);
REPLACE INTO `creature` VALUES (2573148,61083,0,0,0,1,-8534.45,-6504.99,0.410432,0.0635015,120,120,0,100,100,0,0,0);
REPLACE INTO `creature` VALUES (2573149,61084,0,0,0,1,-8461.59,-6473.77,1.85267,0.0964884,120,120,0,100,100,0,0,0);
REPLACE INTO `creature` VALUES (2573150,61084,0,0,0,1,-8491.12,-6490.6,0.389236,4.29994,120,120,0,100,100,0,0,0);
REPLACE INTO `creature` VALUES (2573151,61085,0,0,0,1,-8464.56,-6486.88,2.54407,1.66492,120,120,0,100,100,0,0,0);
REPLACE INTO `creature` VALUES (2573152,61083,0,0,0,1,-8589.54,-6535.75,7.06625,0.183656,120,120,0,100,100,0,0,0);
REPLACE INTO `creature` VALUES (2573153,61085,0,0,0,1,-8611.9,-6563.6,8.07166,3.36026,120,120,0,100,100,0,0,0);
REPLACE INTO `creature` VALUES (2573154,61085,0,0,0,1,-8624.75,-6566.47,9.80966,0.289537,120,120,0,100,100,0,0,0);
REPLACE INTO `creature` VALUES (2573155,61083,0,0,0,1,-8590.92,-6507.08,3.56284,5.68392,120,120,0,100,100,0,0,0);
REPLACE INTO `creature` VALUES (2573156,61084,0,0,0,1,-8554.7,-6507.99,1.55064,2.45436,120,120,0,100,100,0,0,0);
REPLACE INTO `creature` VALUES (2573157,61083,0,0,0,1,-8763.48,-6490.28,0.961077,2.79365,120,120,0,100,100,0,0,0);
REPLACE INTO `creature` VALUES (2573158,61083,0,0,0,1,-8762.56,-6437.79,-2.28617,0.944039,120,120,0,100,100,0,0,0);
REPLACE INTO `creature` VALUES (2573159,61083,0,0,0,1,-8713.78,-6402.59,-4.68216,5.56611,120,120,0,100,100,0,0,0);
REPLACE INTO `creature` VALUES (2573160,61083,0,0,0,1,-8655.51,-6410.36,-6.61029,0.700568,120,120,0,100,100,0,0,0);
REPLACE INTO `creature` VALUES (2573161,61083,0,0,0,1,-8584.74,-6439.23,-4.6673,5.30615,120,120,0,100,100,0,0,0);
REPLACE INTO `creature` VALUES (2573162,61083,0,0,0,1,-8524.84,-6454.87,-5.45953,1.13097,120,120,0,100,100,0,0,0);
REPLACE INTO `creature` VALUES (2573163,61083,0,0,0,1,-8549.3,-6384.67,-10.8989,0.440605,120,120,0,100,100,0,0,0);
REPLACE INTO `creature` VALUES (2573164,61093,0,0,0,1,-8706.47,-6909.32,52.3128,4.29307,120,120,0,100,100,0,0,0);
DELETE FROM creature WHERE guid=2573106;
DELETE FROM creature_addon WHERE guid=2573106;
DELETE FROM creature_movement WHERE id=2573106;
DELETE FROM game_event_creature WHERE guid=2573106;
DELETE FROM game_event_creature_data WHERE guid=2573106;
DELETE FROM creature_battleground WHERE guid=2573106;
DELETE FROM creature WHERE guid=2573103;
DELETE FROM creature_addon WHERE guid=2573103;
DELETE FROM creature_movement WHERE id=2573103;
DELETE FROM game_event_creature WHERE guid=2573103;
DELETE FROM game_event_creature_data WHERE guid=2573103;
DELETE FROM creature_battleground WHERE guid=2573103;
DELETE FROM creature WHERE guid=2573102;
DELETE FROM creature_addon WHERE guid=2573102;
DELETE FROM creature_movement WHERE id=2573102;
DELETE FROM game_event_creature WHERE guid=2573102;
DELETE FROM game_event_creature_data WHERE guid=2573102;
DELETE FROM creature_battleground WHERE guid=2573102;
DELETE FROM creature WHERE guid=2573104;
DELETE FROM creature_addon WHERE guid=2573104;
DELETE FROM creature_movement WHERE id=2573104;
DELETE FROM game_event_creature WHERE guid=2573104;
DELETE FROM game_event_creature_data WHERE guid=2573104;
DELETE FROM creature_battleground WHERE guid=2573104;
REPLACE INTO `creature` VALUES (2573165,61085,0,0,0,1,-8943.95,-6972.38,1.82753,4.57657,120,120,0,100,100,0,0,0);
REPLACE INTO `creature` VALUES (2573166,61083,0,0,0,1,-8954.79,-6975.67,0.593835,5.71069,120,120,0,100,100,0,0,0);
REPLACE INTO `creature` VALUES (2573167,61085,0,0,0,1,-8945.98,-6963.6,3.46959,3.08445,120,120,0,100,100,0,0,0);
REPLACE INTO `creature` VALUES (2573168,61084,0,0,0,1,-8989.29,-6960.15,1.33134,3.45202,120,120,0,100,100,0,0,0);
REPLACE INTO `creature` VALUES (2573169,61083,0,0,0,1,-8925.1,-6935.13,8.28551,2.35279,120,120,0,100,100,0,0,0);
REPLACE INTO `creature` VALUES (2573170,61084,0,0,0,1,-8908.35,-6943.91,8.36761,5.92635,120,120,0,100,100,0,0,0);
UPDATE creature SET position_x = '-8873.093750', position_y = '-7036.871094', position_z = '0.703817', orientation = '4.243241' WHERE guid = '2573087';
REPLACE INTO `creature` VALUES (2573171,61083,0,0,0,1,-8919.09,-6963.74,6.59599,1.63101,120,120,0,100,100,0,0,0);
REPLACE INTO `creature` VALUES (2573172,61083,0,0,0,1,-8949.85,-7010.85,-6.5157,2.98739,120,120,0,100,100,0,0,0);
REPLACE INTO `creature` VALUES (2573173,61083,0,0,0,1,-8991.04,-6989.51,-5.22173,1.71263,120,120,0,100,100,0,0,0);
REPLACE INTO `creature` VALUES (2573174,61083,0,0,0,1,-9003.37,-6968.82,-2.42185,0.436963,120,120,0,100,100,0,0,0);
REPLACE INTO `creature` VALUES (2573175,61084,0,0,0,1,-9010.26,-6941.52,2.97498,2.36033,120,120,0,100,100,0,0,0);
REPLACE INTO `creature` VALUES (2573176,61085,0,0,0,1,-8992.86,-6932.12,7.73486,0.391628,120,120,0,100,100,0,0,0);
REPLACE INTO `creature` VALUES (2573177,61083,0,0,0,1,-8958.63,-6943.84,6.97941,0.583265,120,120,0,100,100,0,0,0);
REPLACE INTO `creature` VALUES (2573178,61079,0,0,0,1,-9102.6,-6869.4,0.145876,1.90113,120,120,0,100,100,0,0,0);
REPLACE INTO `creature` VALUES (2573179,61079,0,0,0,1,-9070.77,-6916.73,3.13016,0.163407,120,120,0,100,100,0,0,0);
REPLACE INTO `creature` VALUES (2573180,61079,0,0,0,1,-9130.6,-6908.24,-6.43026,2.73087,120,120,0,100,100,0,0,0);
REPLACE INTO `creature` VALUES (2573181,61079,0,0,0,1,-9120.55,-6951.27,-9.57853,5.8057,120,120,0,100,100,0,0,0);
REPLACE INTO `creature` VALUES (2573182,61079,0,0,0,1,-9183.94,-6926.07,-6.20065,2.82118,120,120,0,100,100,0,0,0);
REPLACE INTO `creature` VALUES (2573183,61083,0,0,0,1,-9122.62,-6832.61,0.426338,6.0421,120,120,0,100,100,0,0,0);
REPLACE INTO `creature` VALUES (2573184,61083,0,0,0,1,-9112.57,-6791.97,6.17373,1.36506,120,120,0,100,100,0,0,0);
REPLACE INTO `creature` VALUES (2573185,61084,0,0,0,1,-9131.96,-6778.75,2.13696,4.37392,120,120,0,100,100,0,0,0);
REPLACE INTO `creature` VALUES (2573186,61084,0,0,0,1,-9154.31,-6755.22,0.284436,2.68924,120,120,0,100,100,0,0,0);
REPLACE INTO `creature` VALUES (2573187,61083,0,0,0,1,-9185.29,-6763.31,-4.65472,4.82552,120,120,0,100,100,0,0,0);
REPLACE INTO `creature` VALUES (2573188,61083,0,0,0,1,-9182.08,-6807.46,-9.41031,2.04521,120,120,0,100,100,0,0,0);
REPLACE INTO `creature` VALUES (2573189,61083,0,0,0,1,-9147.24,-6792.19,-0.776611,5.69541,120,120,0,100,100,0,0,0);
DELETE FROM creature WHERE guid=2573178;
DELETE FROM creature_addon WHERE guid=2573178;
DELETE FROM creature_movement WHERE id=2573178;
DELETE FROM game_event_creature WHERE guid=2573178;
DELETE FROM game_event_creature_data WHERE guid=2573178;
DELETE FROM creature_battleground WHERE guid=2573178;
REPLACE INTO `creature` VALUES (2573190,61085,0,0,0,1,-9141.98,-6726.87,2.42143,3.75465,120,120,0,100,100,0,0,0);
REPLACE INTO `creature` VALUES (2573191,61084,0,0,0,1,-9141.36,-6753.97,1.77191,4.16419,120,120,0,100,100,0,0,0);
REPLACE INTO `creature` VALUES (2573192,61083,0,0,0,1,-9141.86,-6759.29,1.60039,2.05147,120,120,0,100,100,0,0,0);
REPLACE INTO `creature` VALUES (2573193,61083,0,0,0,1,-9118.78,-6595.33,0.917944,1.46164,120,120,0,100,100,0,0,0);
REPLACE INTO `creature` VALUES (2573194,61083,0,0,0,1,-9085.18,-6565.26,3.6479,0.561571,120,120,0,100,100,0,0,0);
REPLACE INTO `creature` VALUES (2573195,61084,0,0,0,1,-9071.04,-6585.13,4.7291,4.43673,120,120,0,100,100,0,0,0);
REPLACE INTO `creature` VALUES (2573196,61083,0,0,0,1,-9057.15,-6549.17,3.8839,1.67213,120,120,0,100,100,0,0,0);
REPLACE INTO `creature` VALUES (2573197,61085,0,0,0,1,-9074.28,-6553.07,4.62215,1.22131,120,120,0,100,100,0,0,0);
REPLACE INTO `creature` VALUES (2573198,61083,0,0,0,1,-9092.38,-6535.43,0.258264,3.19266,120,120,0,100,100,0,0,0);
REPLACE INTO `creature` VALUES (2573199,61084,0,0,0,1,-9094.16,-6570.91,2.61005,5.18913,120,120,0,100,100,0,0,0);
REPLACE INTO `creature` VALUES (2573200,61083,0,0,0,1,-9143.41,-6561.95,-3.90997,4.21288,120,120,0,100,100,0,0,0);
REPLACE INTO `creature` VALUES (2573201,61083,0,0,0,1,-9176.32,-6535.89,-8.28786,1.70589,120,120,0,100,100,0,0,0);
REPLACE INTO `creature` VALUES (2573202,61083,0,0,0,1,-9172.63,-6500.48,-8.56501,0.197926,120,120,0,100,100,0,0,0);
REPLACE INTO `creature` VALUES (2573203,61083,0,0,0,1,-9135.02,-6503.42,-5.54128,4.54649,120,120,0,100,100,0,0,0);
REPLACE INTO `creature` VALUES (2573204,61083,0,0,0,1,-9043.31,-6527.32,3.24983,0.206374,120,120,0,100,100,0,0,0);
REPLACE INTO `creature` VALUES (2573205,61084,0,0,0,1,-8595.64,-6469.56,0.973143,3.44995,120,120,0,100,100,0,0,0);
REPLACE INTO `creature` VALUES (2573206,61085,0,0,0,1,-8579.98,-6508.48,3.03974,4.7223,120,120,0,100,100,0,0,0);
REPLACE INTO `creature` VALUES (2573207,61084,0,0,0,1,-8662.51,-6481.59,7.378,3.16751,120,120,0,100,100,0,0,0);
REPLACE INTO `creature` VALUES (2573208,61094,0,0,0,1,-8010.43,-7131.35,4.8854,1.76644,120,120,0,100,100,0,0,0);
REPLACE INTO `creature` VALUES (2573209,61094,0,0,0,1,-8002.92,-7096.36,5.86781,0.140669,120,120,0,100,100,0,0,0);
REPLACE INTO `creature` VALUES (2573210,61094,0,0,0,1,-7960.23,-7109.44,3.47796,0.0150034,120,120,0,100,100,0,0,0);
REPLACE INTO `creature` VALUES (2573211,61094,0,0,0,1,-7989.13,-7145.25,0.907991,4.81221,120,120,0,100,100,0,0,0);
REPLACE INTO `creature` VALUES (2573212,61094,0,0,0,1,-8013.89,-7159.4,2.35082,2.94925,120,120,0,100,100,0,0,0);
REPLACE INTO `creature` VALUES (2573213,61094,0,0,0,1,-8047.6,-7127.3,5.79684,2.86286,120,120,0,100,100,0,0,0);
REPLACE INTO `creature` VALUES (2573214,61086,0,0,0,1,-8027.15,-6477.93,2.3588,4.51376,120,120,0,100,100,0,0,0);
REPLACE INTO `creature` VALUES (2573215,61087,0,0,0,1,-8017.82,-6454.19,0.456502,1.3486,120,120,0,100,100,0,0,0);
REPLACE INTO `creature` VALUES (2573216,61087,0,0,0,1,-7964.57,-6448.58,3.27307,5.77507,120,120,0,100,100,0,0,0);
REPLACE INTO `creature` VALUES (2573217,61086,0,0,0,1,-7980.49,-6449.82,2.80713,2.69631,120,120,0,100,100,0,0,0);
REPLACE INTO `creature` VALUES (2573218,61086,0,0,0,1,-7948.33,-6429.43,0.487827,0.202667,120,120,0,100,100,0,0,0);
REPLACE INTO `creature` VALUES (2573219,61088,0,0,0,1,-7926.68,-6448.62,3.57229,0.603994,120,120,0,100,100,0,0,0);
REPLACE INTO `creature` VALUES (2573220,61087,0,0,0,1,-7902.19,-6437.44,2.38359,2.7874,120,120,0,100,100,0,0,0);
REPLACE INTO `creature` VALUES (2573221,61086,0,0,0,1,-7915.46,-6417.97,-1.46891,2.57927,120,120,0,100,100,0,0,0);
REPLACE INTO `creature` VALUES (2573222,61086,0,0,0,1,-7975.49,-6379.76,-6.8557,2.7175,120,120,0,100,100,0,0,0);
REPLACE INTO `creature` VALUES (2573223,61086,0,0,0,1,-8051,-6375.09,-12.0501,3.5029,120,120,0,100,100,0,0,0);
REPLACE INTO `creature` VALUES (2573224,61086,0,0,0,1,-8137.5,-6430.9,-3.05137,6.04129,120,120,0,100,100,0,0,0);
REPLACE INTO `creature` VALUES (2573225,61086,0,0,0,1,-7875.42,-6384.03,-2.59453,5.77108,120,120,0,100,100,0,0,0);
REPLACE INTO `creature` VALUES (2573226,61087,0,0,0,1,-7809,-6444.39,0.0075088,5.5708,120,120,0,100,100,0,0,0);
REPLACE INTO `creature` VALUES (2573227,61088,0,0,0,1,-7854.19,-6438.63,1.40969,3.59788,120,120,0,100,100,0,0,0);
REPLACE INTO `creature` VALUES (2573228,61086,0,0,0,1,-7854.11,-6424.03,0.163957,1.83859,120,120,0,100,100,0,0,0);
REPLACE INTO `creature` VALUES (2573229,61087,0,0,0,1,-7874.38,-6445.69,2.62746,1.97604,120,120,0,100,100,0,0,0);
REPLACE INTO `creature` VALUES (2573230,61086,0,0,0,1,-7808.64,-6492.13,0.47447,4.98333,120,120,0,100,100,0,0,0);
REPLACE INTO `creature` VALUES (2573231,61086,0,0,0,1,-7826.69,-6499.92,3.54892,3.58532,120,120,0,100,100,0,0,0);
REPLACE INTO `creature` VALUES (2573232,61086,0,0,0,1,-7842.06,-6536.32,2.61526,4.87337,120,120,0,100,100,0,0,0);
REPLACE INTO `creature` VALUES (2573233,61087,0,0,0,1,-7853.62,-6484.82,6.06121,2.03416,120,120,0,100,100,0,0,0);
REPLACE INTO `creature` VALUES (2573234,61087,0,0,0,1,-7914.1,-6473.39,7.49554,4.16007,120,120,0,100,100,0,0,0);
REPLACE INTO `creature` VALUES (2573235,61088,0,0,0,1,-7993.04,-6483.48,10.6747,2.53665,120,120,0,100,100,0,0,0);
REPLACE INTO `creature` VALUES (2573236,61088,0,0,0,1,-7822.61,-6431.7,0.0642965,1.00512,120,120,0,100,100,0,0,0);
REPLACE INTO `creature` VALUES (2573237,61086,0,0,0,1,-7833.37,-6470.57,2.80693,4.4216,120,120,0,100,100,0,0,0);
REPLACE INTO `creature` VALUES (2573238,61086,0,0,0,1,-7812.71,-6474.25,0.772669,4.12708,120,120,0,100,100,0,0,0);
REPLACE INTO `creature` VALUES (2573239,61086,0,0,0,1,-7813.9,-6472.42,0.900582,3.0825,120,120,0,100,100,0,0,0);
REPLACE INTO `creature` VALUES (2573240,61086,0,0,0,1,-7962.09,-6492.69,15.538,3.99603,120,120,0,100,100,0,0,0);
REPLACE INTO `creature` VALUES (2573241,61073,0,0,0,1,-7842.98,-6816.09,1.35059,4.02394,120,120,0,100,100,0,0,0);
REPLACE INTO `creature` VALUES (2573242,61079,0,0,0,1,-7844.77,-6822.41,2.18936,1.92065,120,120,0,100,100,0,0,0);
DELETE FROM creature WHERE guid=2573242;
DELETE FROM creature_addon WHERE guid=2573242;
DELETE FROM creature_movement WHERE id=2573242;
DELETE FROM game_event_creature WHERE guid=2573242;
DELETE FROM game_event_creature_data WHERE guid=2573242;
DELETE FROM creature_battleground WHERE guid=2573242;
REPLACE INTO `creature` VALUES (2573243,61073,0,0,0,1,-7829.22,-6740,-7.72095,0.846186,120,120,0,100,100,0,0,0);
REPLACE INTO `creature` VALUES (2573244,61073,0,0,0,1,-7877.88,-6610.58,6.62715,1.96145,120,120,0,100,100,0,0,0);
REPLACE INTO `creature` VALUES (2573245,61075,0,0,0,1,-7866.01,-6718.78,2.463,4.16999,120,120,0,100,100,0,0,0);
REPLACE INTO `creature` VALUES (2573246,61075,0,0,0,1,-7854.04,-6888.42,3.19608,5.07477,120,120,0,100,100,0,0,0);
REPLACE INTO `creature` VALUES (2573247,61075,0,0,0,1,-7874.19,-6561.16,7.24671,1.89076,120,120,0,100,100,0,0,0);
REPLACE INTO `creature` VALUES (2573248,61075,0,0,0,1,-7931.81,-6439.74,2.68248,0.95221,120,120,0,100,100,0,0,0);
REPLACE INTO `creature` VALUES (2573249,61075,0,0,0,1,-8055.99,-6446.14,-3.74734,4.137,120,120,0,100,100,0,0,0);
REPLACE INTO `creature` VALUES (2573250,61073,0,0,0,1,-8098.96,-6509.85,2.68099,2.87958,120,120,0,100,100,0,0,0);
REPLACE INTO `creature` VALUES (2573251,61073,0,0,0,1,-8141.29,-6491.29,2.69095,1.69363,120,120,0,100,100,0,0,0);
REPLACE INTO `creature` VALUES (2573252,61075,0,0,0,1,-8118.76,-6510.72,-1.25609,5.43605,120,120,0,100,100,0,0,0);
REPLACE INTO `creature` VALUES (2573253,61075,0,0,0,1,-8159.01,-6496.81,-5.69576,3.48905,120,120,0,100,100,0,0,0);
REPLACE INTO `creature` VALUES (2573254,61075,0,0,0,1,-8146.34,-6458.24,-5.25707,0.79994,120,120,0,100,100,0,0,0);
REPLACE INTO `creature` VALUES (2573255,61075,0,0,0,1,-8211.84,-6441.28,2.11394,5.21388,120,120,0,100,100,0,0,0);
REPLACE INTO `creature` VALUES (2573256,61073,0,0,0,1,-8196.73,-6495.59,6.99665,5.34262,120,120,0,100,100,0,0,0);
REPLACE INTO `creature` VALUES (2573257,61073,0,0,0,1,-8277.56,-6452.9,3.85258,3.03511,120,120,0,100,100,0,0,0);
REPLACE INTO `creature` VALUES (2573258,61075,0,0,0,1,-8306.82,-6422.31,0.546755,3.36891,120,120,0,100,100,0,0,0);
REPLACE INTO `creature` VALUES (2573259,61075,0,0,0,1,-8355.07,-6371.25,-14.4694,0.596452,120,120,0,100,100,0,0,0);
REPLACE INTO `creature` VALUES (2573260,61075,0,0,0,1,-8173.63,-6411.95,-8.50702,6.28274,120,120,0,100,100,0,0,0);
REPLACE INTO `creature` VALUES (2573261,61075,0,0,0,1,-8060.27,-6412.58,-3.83198,0.144854,120,120,0,100,100,0,0,0);
REPLACE INTO `creature` VALUES (2573262,61075,0,0,0,1,-7768.69,-6538.54,-5.56231,5.06615,120,120,0,100,100,0,0,0);
REPLACE INTO `creature` VALUES (2573263,61075,0,0,0,1,-7894.94,-6654.68,11.3413,0.86034,120,120,0,100,100,0,0,0);
REPLACE INTO `creature` VALUES (2573264,61075,0,0,0,1,-7902.49,-6916.85,5.75284,3.99251,120,120,0,100,100,0,0,0);
REPLACE INTO `creature` VALUES (2573265,61075,0,0,0,1,-7894.68,-7013.6,0.905169,4.69544,120,120,0,100,100,0,0,0);
REPLACE INTO `creature` VALUES (2573266,61073,0,0,0,1,-7866.06,-7099.84,1.87972,4.97818,120,120,0,100,100,0,0,0);
REPLACE INTO `creature` VALUES (2573267,61075,0,0,0,1,-7751.43,-6838.95,3.76789,5.76457,120,120,0,100,100,0,0,0);
REPLACE INTO `creature` VALUES (2573268,61075,0,0,0,1,-7979.17,-7080.67,7.82548,3.61787,120,120,0,100,100,0,0,0);
REPLACE INTO `creature` VALUES (2573269,61086,0,0,0,1,-7615.83,-6971.98,5.17535,4.76531,120,120,0,100,100,0,0,0);
REPLACE INTO `creature` VALUES (2573270,61086,0,0,0,1,-7623.48,-7044.39,1.25146,3.90531,120,120,0,100,100,0,0,0);
REPLACE INTO `creature` VALUES (2573271,61086,0,0,0,1,-7563.24,-7077.57,-1.11515,6.17093,120,120,0,100,100,0,0,0);
REPLACE INTO `creature` VALUES (2573272,61087,0,0,0,1,-7559.63,-7056.17,0.146005,1.46247,120,120,0,100,100,0,0,0);
REPLACE INTO `creature` VALUES (2573273,61087,0,0,0,1,-7562.6,-7016.47,0.81523,0.22683,120,120,0,100,100,0,0,0);
REPLACE INTO `creature` VALUES (2573274,61086,0,0,0,1,-7574.6,-6976.64,-3.39856,1.79135,120,120,0,100,100,0,0,0);
REPLACE INTO `creature` VALUES (2573275,61087,0,0,0,1,-7615.77,-6930.42,-0.11849,1.82532,120,120,0,100,100,0,0,0);
REPLACE INTO `creature` VALUES (2573276,61086,0,0,0,1,-7549.07,-6996.77,1.63639,4.81847,120,120,0,100,100,0,0,0);
REPLACE INTO `creature` VALUES (2573277,61086,0,0,0,1,-7558.07,-6987.19,-0.124296,3.0513,120,120,0,100,100,0,0,0);
REPLACE INTO `creature` VALUES (2573278,61088,0,0,0,1,-7537.48,-7023.46,4.39498,4.99673,120,120,0,100,100,0,0,0);
REPLACE INTO `creature` VALUES (2573279,61086,0,0,0,1,-7541.56,-7028.34,4.36,5.43652,120,120,0,100,100,0,0,0);
REPLACE INTO `creature` VALUES (2573280,61087,0,0,0,1,-7536.01,-7048.01,5.65295,1.41528,120,120,0,100,100,0,0,0);
REPLACE INTO `creature` VALUES (2573281,61087,0,0,0,1,-7527.89,-7050.35,5.96672,1.58807,120,120,0,100,100,0,0,0);
REPLACE INTO `creature` VALUES (2573282,61086,0,0,0,1,-7519.01,-7032.87,5.22983,3.26097,120,120,0,100,100,0,0,0);
REPLACE INTO `creature` VALUES (2573283,61088,0,0,0,1,-7515.81,-7037.37,5.44297,3.916,120,120,0,100,100,0,0,0);
REPLACE INTO `creature` VALUES (2573284,61089,0,0,0,1,-7487.75,-6998.44,3.47187,3.53354,120,120,0,100,100,0,0,0);
REPLACE INTO `creature` VALUES (2573285,61086,0,0,0,1,-7511.49,-7055.05,6.98849,5.17179,120,120,0,100,100,0,0,0);
REPLACE INTO `creature` VALUES (2573286,61086,0,0,0,1,-7497.49,-7132.28,0.15957,4.96208,120,120,0,100,100,0,0,0);
REPLACE INTO `creature` VALUES (2573287,61086,0,0,0,1,-7474.91,-7130.42,2.53016,0.457822,120,120,0,100,100,0,0,0);
REPLACE INTO `creature` VALUES (2573288,61086,0,0,0,1,-7510.39,-7113.2,1.11627,1.94615,120,120,0,100,100,0,0,0);
REPLACE INTO `creature` VALUES (2573289,61088,0,0,0,1,-7527.41,-7101.57,0.986298,2.28309,120,120,0,100,100,0,0,0);
REPLACE INTO `creature` VALUES (2573290,61086,0,0,0,1,-7532.94,-7100.17,0.700393,6.19436,120,120,0,100,100,0,0,0);
REPLACE INTO `creature` VALUES (2573291,61086,0,0,0,1,-7505.91,-7083.36,6.90724,4.92612,120,120,0,100,100,0,0,0);
REPLACE INTO `creature` VALUES (2573292,61073,0,0,0,1,-7802.71,-6959.88,-16.4017,0.783686,120,120,0,100,100,0,0,0);
REPLACE INTO `creature` VALUES (2573293,61073,0,0,0,1,-7795.04,-6900.2,-12.0314,0.901085,120,120,0,100,100,0,0,0);
REPLACE INTO `creature` VALUES (2573294,61073,0,0,0,1,-7722.59,-6909.55,2.07872,4.44249,120,120,0,100,100,0,0,0);
REPLACE INTO `creature` VALUES (2573295,61076,0,0,0,1,-8843.62,-6476.26,7.85445,5.85428,120,120,0,100,100,0,0,0);
REPLACE INTO `creature` VALUES (2573296,61076,0,0,0,1,-8738.13,-6487.22,3.18734,0.365131,120,120,0,100,100,0,0,0);
REPLACE INTO `creature` VALUES (2573297,61076,0,0,0,1,-8651.05,-6489.17,5.24323,0.471159,120,120,0,100,100,0,0,0);
REPLACE INTO `creature` VALUES (2573298,61076,0,0,0,1,-8551.24,-6544.99,9.99176,5.65479,120,120,0,100,100,0,0,0);
REPLACE INTO `creature` VALUES (2573299,61076,0,0,0,1,-8551.46,-6452.92,-4.904,2.50927,120,120,0,100,100,0,0,0);
REPLACE INTO `creature` VALUES (2573300,61076,0,0,0,1,-8968.58,-6457.71,3.40776,3.04798,120,120,0,100,100,0,0,0);
REPLACE INTO `creature` VALUES (2573301,61076,0,0,0,1,-9057.15,-6459.58,-8.21214,3.70772,120,120,0,100,100,0,0,0);
REPLACE INTO `creature` VALUES (2573302,61076,0,0,0,1,-9117.5,-6634.46,3.18774,4.80806,120,120,0,100,100,0,0,0);
REPLACE INTO `creature` VALUES (2573303,61076,0,0,0,1,-9122.86,-6695.09,8.00536,3.97711,120,120,0,100,100,0,0,0);
REPLACE INTO `creature` VALUES (2573304,61076,0,0,0,1,-9149.03,-6692.58,2.84967,2.58696,120,120,0,100,100,0,0,0);
REPLACE INTO `creature` VALUES (2573305,61076,0,0,0,1,-9091.47,-6890.9,0.739349,4.60779,120,120,0,100,100,0,0,0);
REPLACE INTO `creature` VALUES (2573306,61076,0,0,0,1,-9043.83,-6914.03,4.06805,5.86442,120,120,0,100,100,0,0,0);
REPLACE INTO `creature` VALUES (2573307,61076,0,0,0,1,-8862.07,-6901,10.7511,0.547426,120,120,0,100,100,0,0,0);
REPLACE INTO `creature` VALUES (2573308,61076,0,0,0,1,-8777.3,-6962.22,10.6014,5.57005,120,120,0,100,100,0,0,0);
REPLACE INTO `creature` VALUES (2573309,61076,0,0,0,1,-8928.56,-7031.74,-9.56353,3.31439,120,120,0,100,100,0,0,0);
REPLACE INTO `creature` VALUES (2573310,61076,0,0,0,1,-8901.83,-7132.74,-10.0954,4.87732,120,120,0,100,100,0,0,0);
REPLACE INTO `creature` VALUES (2573311,61076,0,0,0,1,-8818.54,-7143.12,1.75938,5.83001,120,120,0,100,100,0,0,0);
REPLACE INTO `creature` VALUES (2573312,61076,0,0,0,1,-8641.89,-7238.69,1.74023,5.45938,120,120,0,100,100,0,0,0);
REPLACE INTO `creature` VALUES (2573313,61076,0,0,0,1,-8496.85,-7252.2,1.26973,0.320516,120,120,0,100,100,0,0,0);
REPLACE INTO `creature` VALUES (2573314,61076,0,0,0,1,-8453.53,-7292.46,-8.45182,5.4688,120,120,0,100,100,0,0,0);
REPLACE INTO `creature` VALUES (2573315,61076,0,0,0,1,-8319.57,-7223.52,1.44701,0.540427,120,120,0,100,100,0,0,0);
REPLACE INTO `creature` VALUES (2573316,61079,0,0,0,1,-8589.3,-7249.38,0.872364,2.5157,120,120,0,100,100,0,0,0);
REPLACE INTO `creature` VALUES (2573317,61079,0,0,0,1,-9110.17,-6995.9,-28.78,4.53025,120,120,0,100,100,0,0,0);
REPLACE INTO `creature` VALUES (2573318,61079,0,0,0,1,-9059.72,-7026.71,-39.9016,0.773684,120,120,0,100,100,0,0,0);
REPLACE INTO `creature` VALUES (2573319,61079,0,0,0,1,-9017.04,-7040.6,-12.203,4.92844,120,120,0,100,100,0,0,0);
REPLACE INTO `creature` VALUES (2573320,61079,0,0,0,1,-8910.37,-7078.72,-10.75,0.251388,120,120,0,100,100,0,0,0);
REPLACE INTO `creature` VALUES (2573321,61079,0,0,0,1,-8859.63,-7170.82,-8.12259,4.67789,120,120,0,100,100,0,0,0);
REPLACE INTO `creature` VALUES (2573322,61079,0,0,0,1,-8877.88,-7233.32,-22.2988,5.75388,120,120,0,100,100,0,0,0);
REPLACE INTO `creature` VALUES (2573323,61079,0,0,0,1,-8859.6,-7248.23,-42.8166,4.74857,120,120,0,100,100,0,0,0);
REPLACE INTO `creature` VALUES (2573324,61079,0,0,0,1,-8899.29,-7297.34,-5.77191,3.672,120,120,0,100,100,0,0,0);
REPLACE INTO `creature` VALUES (2573325,61079,0,0,0,1,-8932.16,-7249.82,-9.71551,2.39966,120,120,0,100,100,0,0,0);
REPLACE INTO `creature` VALUES (2573326,61079,0,0,0,1,-8906.84,-7152,-6.41727,2.63829,120,120,0,100,100,0,0,0);
REPLACE INTO `creature` VALUES (2573327,61079,0,0,0,1,-9098.76,-7038.57,-10.363,3.4716,120,120,0,100,100,0,0,0);
REPLACE INTO `creature` VALUES (2573328,61079,0,0,0,1,-9057.22,-6964.27,-5.14297,2.28643,120,120,0,100,100,0,0,0);
REPLACE INTO `creature` VALUES (2573329,61079,0,0,0,1,-9171.21,-7007.32,-6.14429,4.43921,120,120,0,100,100,0,0,0);
REPLACE INTO `creature` VALUES (2573330,61079,0,0,0,1,-9163.81,-7053.2,-7.28532,0.90884,120,120,0,100,100,0,0,0);
REPLACE INTO `creature` VALUES (2573331,61079,0,0,0,1,-9065.65,-6996.44,-30.8297,0.119514,120,120,0,100,100,0,0,0);
REPLACE INTO `creature` VALUES (2573332,61079,0,0,0,1,-9001.29,-6462.77,0.430845,2.73725,120,120,0,100,100,0,0,0);
REPLACE INTO `creature` VALUES (2573333,61092,0,0,0,1,-8703.07,-6721.56,30.0216,6.20789,120,120,0,100,100,0,0,0);
REPLACE INTO `creature` VALUES (2573334,61090,0,0,0,1,-8548.85,-6826.42,58.9311,3.57053,120,120,0,100,100,0,0,0);
REPLACE INTO `creature` VALUES (2573335,61090,0,0,0,1,-8560.19,-6870.32,59.4466,2.56522,120,120,0,100,100,0,0,0);
REPLACE INTO `creature` VALUES (2573336,61091,0,0,0,1,-8562,-6839.82,57.5195,1.40675,120,120,0,100,100,0,0,0);
DELETE FROM creature WHERE guid=2573336;
DELETE FROM creature_addon WHERE guid=2573336;
DELETE FROM creature_movement WHERE id=2573336;
DELETE FROM game_event_creature WHERE guid=2573336;
DELETE FROM game_event_creature_data WHERE guid=2573336;
DELETE FROM creature_battleground WHERE guid=2573336;
REPLACE INTO `creature` VALUES (2573337,61090,0,0,0,1,-8517.57,-6761.55,56.1632,1.39497,120,120,0,100,100,0,0,0);
REPLACE INTO `creature` VALUES (2573338,61074,0,0,0,1,-8376.81,-6675.57,57.8512,5.46559,120,120,0,100,100,0,0,0);
REPLACE INTO `creature` VALUES (2573339,61074,0,0,0,1,-8378.28,-6634.54,56.2569,1.29749,120,120,0,100,100,0,0,0);
REPLACE INTO `creature` VALUES (2573340,61074,0,0,0,1,-8430.06,-6666.95,61.9085,3.86966,120,120,0,100,100,0,0,0);
REPLACE INTO `creature` VALUES (2573341,61074,0,0,0,1,-8413.22,-6729.93,59.2577,5.14987,120,120,0,100,100,0,0,0);
REPLACE INTO `creature` VALUES (2573342,61074,0,0,0,1,-8452.31,-6717.12,63.0222,3.02144,120,120,0,100,100,0,0,0);
REPLACE INTO `creature` VALUES (2573343,61090,0,0,0,1,-8467.82,-6583.86,53.4286,1.65798,120,120,0,100,100,0,0,0);
REPLACE INTO `creature` VALUES (2573344,61090,0,0,0,1,-8434.87,-6587.07,53.5555,0.0794467,120,120,0,100,100,0,0,0);
REPLACE INTO `creature` VALUES (2573345,61090,0,0,0,1,-8500.54,-6638.88,52.3399,3.90434,120,120,0,100,100,0,0,0);
REPLACE INTO `creature` VALUES (2573346,61090,0,0,0,1,-8535.14,-6620.77,54.2614,2.23144,120,120,0,100,100,0,0,0);
REPLACE INTO `creature` VALUES (2573347,61090,0,0,0,1,-8445.37,-6549.79,52.2036,0.461452,120,120,0,100,100,0,0,0);
REPLACE INTO `creature` VALUES (2573348,61074,0,0,0,1,-8374.32,-6503.15,43.9463,0.748908,120,120,0,100,100,0,0,0);
REPLACE INTO `creature` VALUES (2573349,61077,0,0,0,1,-8345.99,-6493.54,44.3708,4.46787,120,120,0,100,100,0,0,0);
REPLACE INTO `creature` VALUES (2573350,61078,0,0,0,1,-8357.66,-6499.65,43.6914,3.79243,120,120,0,100,100,0,0,0);
REPLACE INTO `creature` VALUES (2573351,61077,0,0,0,1,-8361.94,-6522.92,44.5899,5.50459,120,120,0,100,100,0,0,0);
REPLACE INTO `creature` VALUES (2573352,61074,0,0,0,1,-8323.81,-6522.61,45.4049,0.192157,120,120,0,100,100,0,0,0);
REPLACE INTO `creature` VALUES (2573353,61078,0,0,0,1,-8321.64,-6511.34,45.4052,4.99094,120,120,0,100,100,0,0,0);
REPLACE INTO `creature` VALUES (2573354,61077,0,0,0,1,-8352.33,-6514.43,44.0962,3.29448,120,120,0,100,100,0,0,0);
DELETE FROM creature WHERE guid=2573354;
DELETE FROM creature_addon WHERE guid=2573354;
DELETE FROM creature_movement WHERE id=2573354;
DELETE FROM game_event_creature WHERE guid=2573354;
DELETE FROM game_event_creature_data WHERE guid=2573354;
DELETE FROM creature_battleground WHERE guid=2573354;
REPLACE INTO `creature` VALUES (2573355,61078,0,0,0,1,-8347.54,-6513.69,44.8478,3.44213,120,120,0,100,100,0,0,0);
REPLACE INTO `creature` VALUES (2573356,61074,0,0,0,1,-8392.72,-6552.16,47.0188,3.28898,120,120,0,100,100,0,0,0);
REPLACE INTO `creature` VALUES (2573357,61074,0,0,0,1,-8362.03,-6467.69,43.9972,0.848333,120,120,0,100,100,0,0,0);
REPLACE INTO `creature` VALUES (2573358,61074,0,0,0,1,-8289.42,-6500.79,45.3006,6.11049,120,120,0,100,100,0,0,0);
REPLACE INTO `creature` VALUES (2573359,61078,0,0,0,1,-8345.79,-6531.46,44.9014,1.82301,120,120,0,100,100,0,0,0);
REPLACE INTO `creature` VALUES (2573360,61077,0,0,0,1,-8351.79,-6486.37,44.6532,6.04845,120,120,0,100,100,0,0,0);
REPLACE INTO `creature` VALUES (2573361,61078,0,0,0,1,-8339.07,-6486.81,44.7832,1.75232,120,120,0,100,100,0,0,0);
REPLACE INTO `creature` VALUES (2573362,61077,0,0,0,1,-8335.01,-6505.2,46.8327,6.06571,120,120,0,100,100,0,0,0);
REPLACE INTO `creature` VALUES (2573363,61074,0,0,0,1,-8335.51,-6660.13,50.2683,5.38634,120,120,0,100,100,0,0,0);
REPLACE INTO `creature` VALUES (2573364,61074,0,0,0,1,-8314.36,-6697.54,46.1243,2.8927,120,120,0,100,100,0,0,0);
REPLACE INTO `creature` VALUES (2573365,61074,0,0,0,1,-8345.78,-6749.16,77.8315,6.13246,120,120,0,100,100,0,0,0);
REPLACE INTO `creature` VALUES (2573366,61074,0,0,0,1,-8452.69,-6781.97,86.5329,2.24473,120,120,0,100,100,0,0,0);
REPLACE INTO `creature` VALUES (2573367,61074,0,0,0,1,-8333.55,-6587.09,44.6502,2.29892,120,120,0,100,100,0,0,0);
REPLACE INTO `creature` VALUES (2573368,61074,0,0,0,1,-8294.78,-6648.2,26.2317,6.13951,120,120,0,100,100,0,0,0);
REPLACE INTO `creature` VALUES (2573369,61074,0,0,0,1,-8240.75,-6680.08,45.7404,4.64726,120,120,0,100,100,0,0,0);
REPLACE INTO `creature` VALUES (2573370,61074,0,0,0,1,-8216.68,-6650.09,46.3691,1.07369,120,120,0,100,100,0,0,0);
REPLACE INTO `creature` VALUES (2573371,61074,0,0,0,1,-8226.59,-6597.63,45.6318,5.49941,120,120,0,100,100,0,0,0);
REPLACE INTO `creature` VALUES (2573372,61074,0,0,0,1,-8150.96,-6712.13,44.893,5.49549,120,120,0,100,100,0,0,0);
REPLACE INTO `creature` VALUES (2573373,61074,0,0,0,1,-8184.02,-6753.03,51.4054,0.761893,120,120,0,100,100,0,0,0);
REPLACE INTO `creature` VALUES (2573374,61074,0,0,0,1,-8278.21,-6753.25,64.4827,0.867791,120,120,0,100,100,0,0,0);
REPLACE INTO `creature` VALUES (2573375,61088,0,0,0,1,-8300.42,-6597.7,39.0571,3.33787,120,120,0,100,100,0,0,0);
DELETE FROM creature WHERE guid=2573375;
DELETE FROM creature_addon WHERE guid=2573375;
DELETE FROM creature_movement WHERE id=2573375;
DELETE FROM game_event_creature WHERE guid=2573375;
DELETE FROM game_event_creature_data WHERE guid=2573375;
DELETE FROM creature_battleground WHERE guid=2573375;
REPLACE INTO `creature` VALUES (2573376,61078,0,0,0,1,-8300.42,-6597.7,39.0571,3.33787,120,120,0,100,100,0,0,0);
REPLACE INTO `creature` VALUES (2573367,61074,0,0,0,1,-8333.55,-6587.09,44.6502,2.29892,300,300,0,100,100,0,0,0);
DELETE FROM creature_movement WHERE id=2573367;
INSERT INTO creature_movement (id,point,position_x,position_y,position_z,orientation) VALUES (2573367,1, -8333.547852,-6587.088379,44.650185, 100);
INSERT INTO creature_movement (id,point,position_x,position_y,position_z,orientation) VALUES (2573367,2, -8326.218750,-6594.698730,42.098167, 100);
INSERT INTO creature_movement (id,point,position_x,position_y,position_z,orientation) VALUES (2573367,3, -8307.305664,-6615.996582,29.556541, 100);
INSERT INTO creature_movement (id,point,position_x,position_y,position_z,orientation) VALUES (2573367,4, -8295.029297,-6629.895508,27.601377, 100);
INSERT INTO creature_movement (id,point,position_x,position_y,position_z,orientation) VALUES (2573367,5, -8282.768555,-6653.105957,31.029341, 100);
INSERT INTO creature_movement (id,point,position_x,position_y,position_z,orientation) VALUES (2573367,6, -8267.298828,-6675.768066,34.527111, 100);
INSERT INTO creature_movement (id,point,position_x,position_y,position_z,orientation) VALUES (2573367,7, -8251.920898,-6695.125000,44.131260, 100);
INSERT INTO creature_movement (id,point,position_x,position_y,position_z,orientation) VALUES (2573367,8, -8242.367188,-6715.916016,45.997894, 100);
INSERT INTO creature_movement (id,point,position_x,position_y,position_z,orientation) VALUES (2573367,9, -8244.692383,-6750.343750,55.157192, 100);
INSERT INTO creature_movement (id,point,position_x,position_y,position_z,orientation) VALUES (2573367,10, -8245.094727,-6760.641602,59.298767, 100);
INSERT INTO creature_movement (id,point,position_x,position_y,position_z,orientation) VALUES (2573367,11, -8240.646484,-6777.708008,67.520844, 100);
INSERT INTO creature_movement (id,point,position_x,position_y,position_z,orientation) VALUES (2573367,12, -8245.009766,-6750.407715,55.192421, 100);
INSERT INTO creature_movement (id,point,position_x,position_y,position_z,orientation) VALUES (2573367,13, -8240.998047,-6719.012695,46.239082, 100);
INSERT INTO creature_movement (id,point,position_x,position_y,position_z,orientation) VALUES (2573367,14, -8256.439453,-6693.912598,42.988438, 100);
INSERT INTO creature_movement (id,point,position_x,position_y,position_z,orientation) VALUES (2573367,15, -8275.568359,-6661.026367,34.187866, 100);
INSERT INTO creature_movement (id,point,position_x,position_y,position_z,orientation) VALUES (2573367,16, -8294.899414,-6629.284180,27.607307, 100);
INSERT INTO creature_movement (id,point,position_x,position_y,position_z,orientation) VALUES (2573367,17, -8317.225586,-6603.760254,37.510139, 100);
REPLACE INTO `creature` VALUES (2573367,61074,0,0,0,1,-8333.55,-6587.09,44.6502,2.29892,300,300,0,100,100,2,0,0);
REPLACE INTO `creature` VALUES (2573377,61074,0,0,0,1,-8269.01,-6595.93,52.9278,0.849442,120,120,0,100,100,0,0,0);
REPLACE INTO `creature` VALUES (2573378,61074,0,0,0,1,-8075.62,-6834.35,55.7445,0.59732,120,120,0,100,100,0,0,0);
REPLACE INTO `creature` VALUES (2573379,61074,0,0,0,1,-8063.08,-6793.06,44.9172,1.77699,120,120,0,100,100,0,0,0);
REPLACE INTO `creature` VALUES (2573380,61074,0,0,0,1,-8132.96,-6746.49,44.7336,3.46214,120,120,0,100,100,0,0,0);
REPLACE INTO `creature` VALUES (2573381,61080,0,0,0,1,-8127.43,-6868.58,94.6306,0.0841318,120,120,0,100,100,0,0,0);
REPLACE INTO `creature` VALUES (2573382,61080,0,0,0,1,-8135.8,-6904.67,95.1175,3.17624,120,120,0,100,100,0,0,0);
REPLACE INTO `creature` VALUES (2573383,61080,0,0,0,1,-8114.57,-6905.72,92.1935,1.80572,120,120,0,100,100,0,0,0);
REPLACE INTO `creature` VALUES (2573384,61082,0,0,0,1,-8107.62,-6961.47,92.3172,2.61625,120,120,0,100,100,0,0,0);
REPLACE INTO `creature` VALUES (2573385,61080,0,0,0,1,-8132.9,-7005.29,94.2592,6.072,120,120,0,100,100,0,0,0);
UPDATE creature SET position_x = '-8098.368652', position_y = '-6958.278320', position_z = '97.576752', orientation = '3.195876' WHERE guid = '2573384';
REPLACE INTO `creature` VALUES (2573386,61082,0,0,0,1,-8116.07,-6968.4,92.2469,1.45543,120,120,0,100,100,0,0,0);
REPLACE INTO `creature` VALUES (2573386,61082,0,0,0,1,-8116.07,-6968.4,92.2469,1.45543,300,300,0,100,100,0,0,0);
DELETE FROM creature_movement WHERE id=2573386;
INSERT INTO creature_movement (id,point,position_x,position_y,position_z,orientation) VALUES (2573386,1, -8116.069824,-6968.401855,92.246880, 100);
INSERT INTO creature_movement (id,point,position_x,position_y,position_z,orientation) VALUES (2573386,2, -8114.404785,-6950.211914,91.932404, 100);
INSERT INTO creature_movement (id,point,position_x,position_y,position_z,orientation) VALUES (2573386,3, -8117.063965,-6928.652344,93.484520, 100);
INSERT INTO creature_movement (id,point,position_x,position_y,position_z,orientation) VALUES (2573386,4, -8128.192871,-6897.774902,92.159828, 100);
INSERT INTO creature_movement (id,point,position_x,position_y,position_z,orientation) VALUES (2573386,5, -8152.403809,-6875.735840,93.778923, 100);
INSERT INTO creature_movement (id,point,position_x,position_y,position_z,orientation) VALUES (2573386,6, -8185.793945,-6862.153320,92.759087, 100);
INSERT INTO creature_movement (id,point,position_x,position_y,position_z,orientation) VALUES (2573386,7, -8190.823730,-6860.028809,93.774666, 100);
INSERT INTO creature_movement (id,point,position_x,position_y,position_z,orientation) VALUES (2573386,8, -8203.916992,-6858.698730,94.421310, 100);
INSERT INTO creature_movement (id,point,position_x,position_y,position_z,orientation) VALUES (2573386,9, -8216.357422,-6848.105957,91.497574, 100);
INSERT INTO creature_movement (id,point,position_x,position_y,position_z,orientation) VALUES (2573386,10, -8231.530273,-6845.915039,91.048691, 100);
INSERT INTO creature_movement (id,point,position_x,position_y,position_z,orientation) VALUES (2573386,11, -8208.312500,-6852.562012,92.686646, 100);
INSERT INTO creature_movement (id,point,position_x,position_y,position_z,orientation) VALUES (2573386,12, -8195.425781,-6860.734863,94.525742, 100);
INSERT INTO creature_movement (id,point,position_x,position_y,position_z,orientation) VALUES (2573386,13, -8180.866699,-6863.263184,92.520897, 100);
INSERT INTO creature_movement (id,point,position_x,position_y,position_z,orientation) VALUES (2573386,14, -8141.545410,-6882.366211,92.520607, 100);
INSERT INTO creature_movement (id,point,position_x,position_y,position_z,orientation) VALUES (2573386,15, -8120.231445,-6920.544922,93.415245, 100);
INSERT INTO creature_movement (id,point,position_x,position_y,position_z,orientation) VALUES (2573386,16, -8114.607422,-6948.425781,92.082253, 100);
REPLACE INTO `creature` VALUES (2573386,61082,0,0,0,1,-8116.07,-6968.4,92.2469,1.45543,300,300,0,100,100,2,0,0);
REPLACE INTO `creature` VALUES (2573387,61080,0,0,0,1,-8162.61,-6844.27,106.879,3.83308,120,120,0,100,100,0,0,0);
REPLACE INTO `creature` VALUES (2573388,61080,0,0,0,1,-8224.84,-6834.7,92.2863,3.73883,120,120,0,100,100,0,0,0);
REPLACE INTO `creature` VALUES (2573389,61080,0,0,0,1,-8194.82,-6796.27,86.504,1.52792,120,120,0,100,100,0,0,0);
REPLACE INTO `creature` VALUES (2573390,61080,0,0,0,1,-8230.5,-6790.68,72.6222,2.50496,120,120,0,100,100,0,0,0);
REPLACE INTO `creature` VALUES (2573391,61080,0,0,0,1,-8259.13,-6824.58,93.7944,0.451925,120,120,0,100,100,0,0,0);
REPLACE INTO `creature` VALUES (2573392,61082,0,0,0,1,-8232.27,-6895.8,130.434,0.460557,120,120,0,100,100,0,0,0);
REPLACE INTO `creature` VALUES (2573393,61080,0,0,0,1,-8254.93,-6894.8,134.317,3.35161,120,120,0,100,100,0,0,0);
REPLACE INTO `creature` VALUES (2573394,61082,0,0,0,1,-8287.12,-6919.82,141.98,3.99093,120,120,0,100,100,0,0,0);
REPLACE INTO `creature` VALUES (2573395,61080,0,0,0,1,-8307.05,-6972.35,147.557,3.65321,120,120,0,100,100,0,0,0);
REPLACE INTO `creature` VALUES (2573396,61082,0,0,0,1,-8368.9,-6931.53,141.054,5.65911,120,120,0,100,100,0,0,0);
REPLACE INTO `creature` VALUES (2573397,61080,0,0,0,1,-8349.81,-6935.41,133.66,2.36358,120,120,0,100,100,0,0,0);
REPLACE INTO `creature` VALUES (2573398,61080,0,0,0,1,-8360.52,-6925.81,138.767,5.60728,120,120,0,100,100,0,0,0);
REPLACE INTO `creature` VALUES (2573399,61078,0,0,0,1,-8308.01,-6959.83,143.289,1.61903,120,120,0,100,100,0,0,0);
REPLACE INTO `creature` VALUES (2573400,61077,0,0,0,1,-8313,-6981.54,142.378,4.28546,120,120,0,100,100,0,0,0);
REPLACE INTO `creature` VALUES (2573401,61077,0,0,0,1,-8280.48,-6893.53,145.916,1.73266,120,120,0,100,100,0,0,0);
REPLACE INTO `creature` VALUES (2573402,61078,0,0,0,1,-8235.6,-6912.94,135.826,5.86542,120,120,0,100,100,0,0,0);
REPLACE INTO `creature` VALUES (2573403,61078,0,0,0,1,-8260.44,-6967.65,149.592,3.38984,120,120,0,100,100,0,0,0);
REPLACE INTO `creature` VALUES (2573404,61077,0,0,0,1,-8256.76,-6956.09,147.48,2.00922,120,120,0,100,100,0,0,0);
REPLACE INTO `creature` VALUES (2573405,61077,0,0,0,1,-8285.73,-7028.98,131.377,2.0744,120,120,0,100,100,0,0,0);
REPLACE INTO `creature` VALUES (2573406,61078,0,0,0,1,-8298.02,-7041.75,127.262,3.36009,120,120,0,100,100,0,0,0);
REPLACE INTO `creature` VALUES (2573407,61080,0,0,0,1,-8299.66,-7022.39,122.038,1.07929,120,120,0,100,100,0,0,0);
REPLACE INTO `creature` VALUES (2573408,61082,0,0,0,1,-8337.21,-7023.62,121.772,6.06582,120,120,0,100,100,0,0,0);
REPLACE INTO `creature` VALUES (2573409,61082,0,0,0,1,-8331.31,-7078.28,105.346,5.06444,120,120,0,100,100,0,0,0);
REPLACE INTO `creature` VALUES (2573410,61080,0,0,0,1,-8310.32,-7097.99,108.264,3.63658,120,120,0,100,100,0,0,0);
REPLACE INTO `creature` VALUES (2573411,61080,0,0,0,1,-8361.49,-7096.06,100.342,3.33892,120,120,0,100,100,0,0,0);
REPLACE INTO `creature` VALUES (2573412,61078,0,0,0,1,-8336,-6865.48,148.772,0.165912,120,120,0,100,100,0,0,0);
REPLACE INTO `creature` VALUES (2573413,61080,0,0,0,1,-8329.88,-6815.92,127.76,2.02235,120,120,0,100,100,0,0,0);
REPLACE INTO `creature` VALUES (2573414,61080,0,0,0,1,-8370.53,-6794.89,118.064,0.596853,120,120,0,100,100,0,0,0);
REPLACE INTO `creature` VALUES (2573415,61078,0,0,0,1,-8374.34,-6815.69,130.668,0.191581,120,120,0,100,100,0,0,0);
REPLACE INTO `creature` VALUES (2573416,61077,0,0,0,1,-8390.81,-6815.11,126.61,2.74786,120,120,0,100,100,0,0,0);
REPLACE INTO `creature` VALUES (2573417,61080,0,0,0,1,-8464.56,-6898.04,136.017,4.69565,120,120,0,100,100,0,0,0);
REPLACE INTO `creature` VALUES (2573418,61082,0,0,0,1,-8457.74,-6960.69,112.046,1.13623,120,120,0,100,100,0,0,0);
REPLACE INTO `creature` VALUES (2573419,61080,0,0,0,1,-8419.74,-7011.1,125.18,4.28096,120,120,0,100,100,0,0,0);
REPLACE INTO `creature` VALUES (2573420,61082,0,0,0,1,-8371.81,-6989.3,127.663,2.2295,120,120,0,100,100,0,0,0);
REPLACE INTO `creature` VALUES (2573421,61078,0,0,0,1,-8417.99,-6943.37,162.897,2.47301,120,120,0,100,100,0,0,0);
DELETE FROM creature WHERE guid=2573421;
DELETE FROM creature_addon WHERE guid=2573421;
DELETE FROM creature_movement WHERE id=2573421;
DELETE FROM game_event_creature WHERE guid=2573421;
DELETE FROM game_event_creature_data WHERE guid=2573421;
DELETE FROM creature_battleground WHERE guid=2573421;
REPLACE INTO `creature` VALUES (2573422,61077,0,0,0,1,-8377.97,-7032.74,158.276,0.498518,120,120,0,100,100,0,0,0);
REPLACE INTO `creature` VALUES (2573423,61078,0,0,0,1,-8363.39,-7039.5,147.701,5.81881,120,120,0,100,100,0,0,0);
REPLACE INTO `creature` VALUES (2573424,61077,0,0,0,1,-8390.92,-7028.86,153.593,3.34087,120,120,0,100,100,0,0,0);
REPLACE INTO `creature` VALUES (2573425,61080,0,0,0,1,-8416.56,-6961,150.343,5.61931,120,120,0,100,100,0,0,0);
REPLACE INTO `creature` VALUES (2573426,61077,0,0,0,1,-8420.07,-6942.11,162.127,2.25623,120,120,0,100,100,0,0,0);
REPLACE INTO `creature` VALUES (2573427,61078,0,0,0,1,-8391.29,-6934.81,152.406,1.01216,120,120,0,100,100,0,0,0);
REPLACE INTO `creature` VALUES (2573428,61078,0,0,0,1,-8375.55,-6857.06,167.722,0.998023,120,120,0,100,100,0,0,0);
REPLACE INTO `creature` VALUES (2573429,61077,0,0,0,1,-8381.98,-6856.46,167.609,1.89809,120,120,0,100,100,0,0,0);
REPLACE INTO `creature` VALUES (2573430,61077,0,0,0,1,-8362.13,-6869.89,163.512,6.05322,120,120,0,100,100,0,0,0);
REPLACE INTO `creature` VALUES (2573431,61077,0,0,0,1,-8378.03,-6879.9,162.66,4.49813,120,120,0,100,100,0,0,0);
REPLACE INTO `creature` VALUES (2573432,61080,0,0,0,1,-8430.96,-6856.59,157.408,3.62477,120,120,0,100,100,0,0,0);
REPLACE INTO `creature` VALUES (2573433,61077,0,0,0,1,-8457.88,-6855.33,152.025,3.39308,120,120,0,100,100,0,0,0);
REPLACE INTO `creature` VALUES (2573434,61082,0,0,0,1,-8371.49,-6876.7,139.807,1.28035,120,120,0,100,100,0,0,0);
REPLACE INTO `creature` VALUES (2573435,61082,0,0,0,1,-8369.48,-6863.86,141.364,4.86379,120,120,0,100,100,0,0,0);
REPLACE INTO `creature` VALUES (2573436,61078,0,0,0,1,-8056.35,-6963.36,89.2697,0.261343,120,120,0,100,100,0,0,0);
REPLACE INTO `creature` VALUES (2573437,61080,0,0,0,1,-8107.28,-7026.28,113.03,3.29297,120,120,0,100,100,0,0,0);
REPLACE INTO `creature` VALUES (2573438,61078,0,0,0,1,-8058.01,-6999.25,116.693,6.15732,120,120,0,100,100,0,0,0);
REPLACE INTO `creature` VALUES (2573439,61077,0,0,0,1,-8063.38,-7032.19,109.911,5.09703,120,120,0,100,100,0,0,0);
REPLACE INTO `creature` VALUES (2573440,61077,0,0,0,1,-8132.26,-7063.88,134.872,5.88426,120,120,0,100,100,0,0,0);
DELETE FROM creature WHERE guid=2572967;
DELETE FROM creature_addon WHERE guid=2572967;
DELETE FROM creature_movement WHERE id=2572967;
DELETE FROM game_event_creature WHERE guid=2572967;
DELETE FROM game_event_creature_data WHERE guid=2572967;
DELETE FROM creature_battleground WHERE guid=2572967;
DELETE FROM creature WHERE guid=2572964;
DELETE FROM creature_addon WHERE guid=2572964;
DELETE FROM creature_movement WHERE id=2572964;
DELETE FROM game_event_creature WHERE guid=2572964;
DELETE FROM game_event_creature_data WHERE guid=2572964;
DELETE FROM creature_battleground WHERE guid=2572964;
DELETE FROM creature WHERE guid=2572962;
DELETE FROM creature_addon WHERE guid=2572962;
DELETE FROM creature_movement WHERE id=2572962;
DELETE FROM game_event_creature WHERE guid=2572962;
DELETE FROM game_event_creature_data WHERE guid=2572962;
DELETE FROM creature_battleground WHERE guid=2572962;
DELETE FROM creature WHERE guid=2572971;
DELETE FROM creature_addon WHERE guid=2572971;
DELETE FROM creature_movement WHERE id=2572971;
DELETE FROM game_event_creature WHERE guid=2572971;
DELETE FROM game_event_creature_data WHERE guid=2572971;
DELETE FROM creature_battleground WHERE guid=2572971;
DELETE FROM creature WHERE guid=2572973;
DELETE FROM creature_addon WHERE guid=2572973;
DELETE FROM creature_movement WHERE id=2572973;
DELETE FROM game_event_creature WHERE guid=2572973;
DELETE FROM game_event_creature_data WHERE guid=2572973;
DELETE FROM creature_battleground WHERE guid=2572973;
DELETE FROM creature WHERE guid=2572974;
DELETE FROM creature_addon WHERE guid=2572974;
DELETE FROM creature_movement WHERE id=2572974;
DELETE FROM game_event_creature WHERE guid=2572974;
DELETE FROM game_event_creature_data WHERE guid=2572974;
DELETE FROM creature_battleground WHERE guid=2572974;
DELETE FROM creature WHERE guid=2572983;
DELETE FROM creature_addon WHERE guid=2572983;
DELETE FROM creature_movement WHERE id=2572983;
DELETE FROM game_event_creature WHERE guid=2572983;
DELETE FROM game_event_creature_data WHERE guid=2572983;
DELETE FROM creature_battleground WHERE guid=2572983;
DELETE FROM creature WHERE guid=2572984;
DELETE FROM creature_addon WHERE guid=2572984;
DELETE FROM creature_movement WHERE id=2572984;
DELETE FROM game_event_creature WHERE guid=2572984;
DELETE FROM game_event_creature_data WHERE guid=2572984;
DELETE FROM creature_battleground WHERE guid=2572984;
DELETE FROM creature WHERE guid=2572982;
DELETE FROM creature_addon WHERE guid=2572982;
DELETE FROM creature_movement WHERE id=2572982;
DELETE FROM game_event_creature WHERE guid=2572982;
DELETE FROM game_event_creature_data WHERE guid=2572982;
DELETE FROM creature_battleground WHERE guid=2572982;
DELETE FROM creature WHERE guid=2572981;
DELETE FROM creature_addon WHERE guid=2572981;
DELETE FROM creature_movement WHERE id=2572981;
DELETE FROM game_event_creature WHERE guid=2572981;
DELETE FROM game_event_creature_data WHERE guid=2572981;
DELETE FROM creature_battleground WHERE guid=2572981;
DELETE FROM creature WHERE guid=2572980;
DELETE FROM creature_addon WHERE guid=2572980;
DELETE FROM creature_movement WHERE id=2572980;
DELETE FROM game_event_creature WHERE guid=2572980;
DELETE FROM game_event_creature_data WHERE guid=2572980;
DELETE FROM creature_battleground WHERE guid=2572980;
DELETE FROM creature WHERE guid=2572978;
DELETE FROM creature_addon WHERE guid=2572978;
DELETE FROM creature_movement WHERE id=2572978;
DELETE FROM game_event_creature WHERE guid=2572978;
DELETE FROM game_event_creature_data WHERE guid=2572978;
DELETE FROM creature_battleground WHERE guid=2572978;
DELETE FROM creature WHERE guid=2572965;
DELETE FROM creature_addon WHERE guid=2572965;
DELETE FROM creature_movement WHERE id=2572965;
DELETE FROM game_event_creature WHERE guid=2572965;
DELETE FROM game_event_creature_data WHERE guid=2572965;
DELETE FROM creature_battleground WHERE guid=2572965;
DELETE FROM creature WHERE guid=2572966;
DELETE FROM creature_addon WHERE guid=2572966;
DELETE FROM creature_movement WHERE id=2572966;
DELETE FROM game_event_creature WHERE guid=2572966;
DELETE FROM game_event_creature_data WHERE guid=2572966;
DELETE FROM creature_battleground WHERE guid=2572966;
REPLACE INTO `creature` VALUES (2573441,61090,0,0,0,1,-8579.85,-6829.86,50.7175,1.9322,120,120,0,100,100,0,0,0);
REPLACE INTO `creature` VALUES (2573442,61090,0,0,0,1,-8629.42,-6924.98,35.5053,3.93418,120,120,0,100,100,0,0,0);
REPLACE INTO `creature` VALUES (2573443,61090,0,0,0,1,-8609.79,-6965.4,28.6334,5.81756,120,120,0,100,100,0,0,0);
REPLACE INTO `creature` VALUES (2573444,61090,0,0,0,1,-8633.03,-6998.7,46.0642,4.33709,120,120,0,100,100,0,0,0);
REPLACE INTO `creature` VALUES (2573445,61090,0,0,0,1,-8546.82,-7045.51,40.152,6.24213,120,120,0,100,100,0,0,0);
REPLACE INTO `creature` VALUES (2573446,61090,0,0,0,1,-8569.66,-7105.1,25.1234,4.18832,120,120,0,100,100,0,0,0);
REPLACE INTO `creature` VALUES (2573447,61090,0,0,0,1,-8524.38,-7113.7,32.7547,0.257397,120,120,0,100,100,0,0,0);
REPLACE INTO `creature` VALUES (2573448,61090,0,0,0,1,-8484.63,-7071.06,51.8009,2.82329,120,120,0,100,100,0,0,0);
REPLACE INTO `creature` VALUES (2573449,61090,0,0,0,1,-8562.74,-7138.42,13.0598,4.59986,120,120,0,100,100,0,0,0);
REPLACE INTO `creature` VALUES (2573450,61090,0,0,0,1,-8547.74,-7199.61,4.71144,4.60771,120,120,0,100,100,0,0,0);
REPLACE INTO `creature` VALUES (2573451,61090,0,0,0,1,-8598.45,-7195.4,8.25853,2.50082,120,120,0,100,100,0,0,0);
REPLACE INTO `creature` VALUES (2573452,61090,0,0,0,1,-8503.64,-7170.11,21.183,1.76537,120,120,0,100,100,0,0,0);
REPLACE INTO `creature` VALUES (2573453,61090,0,0,0,1,-8466.56,-7210.42,16.8861,5.60204,120,120,0,100,100,0,0,0);
REPLACE INTO `creature` VALUES (2573454,61090,0,0,0,1,-8429.1,-7161.16,34.8294,3.45398,120,120,0,100,100,0,0,0);
REPLACE INTO `creature` VALUES (2573455,61090,0,0,0,1,-8372.71,-7203.11,13.6551,5.66094,120,120,0,100,100,0,0,0);
REPLACE INTO `creature` VALUES (2573456,61090,0,0,0,1,-8286.34,-7190.58,12.8186,0.855091,120,120,0,100,100,0,0,0);
REPLACE INTO `creature` VALUES (2573457,61090,0,0,0,1,-8255.36,-7195.66,7.83145,5.85415,120,120,0,100,100,0,0,0);
REPLACE INTO `creature` VALUES (2573458,61090,0,0,0,1,-8201.31,-7169.78,9.86458,0.733354,120,120,0,100,100,0,0,0);
REPLACE INTO `creature` VALUES (2573459,61090,0,0,0,1,-8440.79,-7194.74,22.7583,2.85079,120,120,0,100,100,0,0,0);
REPLACE INTO `creature` VALUES (2573460,61090,0,0,0,1,-8603.95,-7137.12,22.2496,1.62007,120,120,0,100,100,0,0,0);
UPDATE creature SET position_x = '-8603.597656', position_y = '-7144.361328', position_z = '17.864355', orientation = '1.620066' WHERE guid = '2573460';
REPLACE INTO `creature` VALUES (2573461,61090,0,0,0,1,-8539.81,-7096.55,32.7088,1.96171,120,120,0,100,100,0,0,0);
REPLACE INTO `creature` VALUES (2573462,61090,0,0,0,1,-8645.97,-7029.72,51.7284,2.73935,120,120,0,100,100,0,0,0);
REPLACE INTO `creature` VALUES (2573463,61090,0,0,0,1,-8699.09,-6981.7,29.3613,3.24043,120,120,0,100,100,0,0,0);
UPDATE creature SET position_x = '-8767.647461', position_y = '-6968.530762', position_z = '12.129535', orientation = '0.944710' WHERE guid = '2573096';
REPLACE INTO `creature` VALUES (2573464,61090,0,0,0,1,-8730.79,-6964.3,19.1523,1.16305,120,120,0,100,100,0,0,0);
UPDATE creature SET position_x = '-8678.693359', position_y = '-7015.682129', position_z = '42.028461', orientation = '5.148949' WHERE guid = '2573464';
REPLACE INTO `creature` VALUES (2573465,61090,0,0,0,1,-8498.63,-6988.32,59.1353,3.30404,120,120,0,100,100,0,0,0);
REPLACE INTO `creature` VALUES (2573466,61096,0,0,0,1,-8094.18,-6616.41,46.0195,3.00285,120,120,0,100,100,0,0,0);
REPLACE INTO `creature` VALUES (2573467,61096,0,0,0,1,-8060.85,-6706.28,45.5436,4.76606,120,120,0,100,100,0,0,0);
REPLACE INTO `creature` VALUES (2573468,61096,0,0,0,1,-8015.65,-6646.13,46.4634,1.98104,120,120,0,100,100,0,0,0);
REPLACE INTO `creature` VALUES (2573469,61096,0,0,0,1,-8038.36,-6553.08,31.5568,0.889199,120,120,0,100,100,0,0,0);
REPLACE INTO `creature` VALUES (2573470,61096,0,0,0,1,-7972.55,-6582.78,27.331,5.48771,120,120,0,100,100,0,0,0);
REPLACE INTO `creature` VALUES (2573471,61096,0,0,0,1,-7940.72,-6535.74,18.9198,1.25834,120,120,0,100,100,0,0,0);
REPLACE INTO `creature` VALUES (2573472,61096,0,0,0,1,-7885.54,-6518.46,8.97772,5.29922,120,120,0,100,100,0,0,0);
REPLACE INTO `creature` VALUES (2573473,61096,0,0,0,1,-7921.61,-6641.54,17.3406,4.11326,120,120,0,100,100,0,0,0);
REPLACE INTO `creature` VALUES (2573474,61096,0,0,0,1,-7995.57,-6672.79,36.6377,5.02661,120,120,0,100,100,0,0,0);
REPLACE INTO `creature` VALUES (2573475,61096,0,0,0,1,-8112.33,-6636.71,46.8525,0.989661,120,120,0,100,100,0,0,0);
REPLACE INTO `creature` VALUES (2573476,61096,0,0,0,1,-7997.91,-6601.92,38.9615,6.09082,120,120,0,100,100,0,0,0);
REPLACE INTO `creature` VALUES (2573477,61096,0,0,0,1,-7956.55,-6697.2,19.6145,5.16169,120,120,0,100,100,0,0,0);
DELETE FROM creature WHERE guid=2572986;
DELETE FROM creature_addon WHERE guid=2572986;
DELETE FROM creature_movement WHERE id=2572986;
DELETE FROM game_event_creature WHERE guid=2572986;
DELETE FROM game_event_creature_data WHERE guid=2572986;
DELETE FROM creature_battleground WHERE guid=2572986;
DELETE FROM creature WHERE guid=2572979;
DELETE FROM creature_addon WHERE guid=2572979;
DELETE FROM creature_movement WHERE id=2572979;
DELETE FROM game_event_creature WHERE guid=2572979;
DELETE FROM game_event_creature_data WHERE guid=2572979;
DELETE FROM creature_battleground WHERE guid=2572979;
REPLACE INTO `creature` VALUES (2573478,61088,0,0,0,1,-7779.74,-6991.81,1.77704,5.45466,120,120,0,100,100,0,0,0);
DELETE FROM creature WHERE guid=2573478;
DELETE FROM creature_addon WHERE guid=2573478;
DELETE FROM creature_movement WHERE id=2573478;
DELETE FROM game_event_creature WHERE guid=2573478;
DELETE FROM game_event_creature_data WHERE guid=2573478;
DELETE FROM creature_battleground WHERE guid=2573478;
REPLACE INTO `creature` VALUES (2573479,61091,0,0,0,1,-9025.26,-6761.82,28.8564,0.662329,120,120,0,100,100,0,0,0);
