-- Delete current chest spawns on continents. Only non custom that exist in vmangos.
DELETE FROM `gameobject` WHERE `guid` IN (1397, 1454, 6827, 6835, 6837, 6868, 6871, 9096, 9477, 9932, 9940, 10031, 10048, 10093, 10157, 10163, 10204, 10850, 10856, 10870, 10891, 11440, 11479, 11501, 11503, 11651, 11676, 11691, 11693, 11695, 11704, 11806, 11970, 12048, 12049, 12054, 12119, 12157, 12169, 12185, 12396, 12499, 12500, 12503, 12504, 12546, 12547, 12548, 12552, 12600, 12603, 12611, 12637, 12796, 12877, 12909, 12926, 12998, 13066, 13068, 13071, 13073, 13074, 13079, 13197, 13209, 13246, 13248, 13327, 13338, 13339, 13345, 13346, 13347, 13348, 13349, 13426, 13437, 13528, 13632, 13978, 13979, 14618, 14619, 14653, 14660, 14861, 14931, 15050, 15084, 15098, 15142, 15146, 15147, 15149, 15153, 15207, 15212, 15213, 15672, 15748, 16648, 16715, 16718, 16719, 16720, 16721, 16722, 16763, 16787, 16789, 16794, 16946, 16947, 16949, 16950, 16977, 16978, 16983, 16989, 16992, 17033, 17134, 17298, 17299, 17300, 17329, 17330, 17331, 18442, 18443, 18444, 18445, 18446, 18447, 18448, 18449, 18450, 18451, 18452, 18453, 18454, 18455, 18547, 18562, 18565, 18572, 18577, 18583, 18917, 20651, 20765, 20771, 20793, 20798, 20885, 26234, 26716, 26749, 26756, 26814, 26865, 26886, 26895, 26916, 26974, 26978, 26995, 27000, 27006, 28632, 29240, 29256, 29292, 29334, 29343, 29633, 29638, 29647, 29650, 29653, 30018, 30032, 30033, 30036, 30169, 30170, 30171, 30178, 30182, 30183, 30184, 30704, 30714, 30782, 30934, 30950, 30992, 31014, 31016, 31044, 31045, 31122, 31127, 31130, 31132, 32134, 32213, 32370, 32466, 33181, 33193, 33200, 33206, 33207, 33208, 33304, 33421, 33431, 33434, 33475, 33492, 33616, 34032, 34797, 34798, 35436, 35447, 35449, 35481, 35483, 35484, 35487, 35489, 35569, 40707, 40708, 40709, 40710, 40711, 40712, 40713, 40758, 40772, 40796, 42067, 42068, 42069, 42077, 42439, 42621, 42680, 42681, 42684, 42718, 42719, 42734, 42736, 42738, 42739, 42748, 42749, 42788, 42957, 45060, 45106, 45110, 45240, 45244, 45251, 45257, 45484, 45485, 45488, 45492, 45548, 45734, 45735, 45910, 45915, 45931, 45933, 45938, 45949, 45950, 46268, 46292, 46316, 46345, 46346, 46370, 46387, 46430, 47589, 47590, 47813, 47814, 47816, 47817, 47818, 47819, 47820, 47824, 47825, 47826, 47827, 48362, 48363, 48364, 48365, 48366, 48367, 48368, 48370, 48371, 48492, 48531, 48537, 48602, 48623, 48695, 48727, 48756, 49088, 49089, 49090, 49091, 49528, 49529, 49621, 49622, 49623, 49624, 49625, 49626, 49627, 49628, 55967, 55993, 56049, 56062);

SET @CGUID = 62000; 
SET @POOLID = 2200; 

-- Chests in Dun Morogh
INSERT INTO `pool_template` (`entry`, `max_limit`, `description`) VALUES (@POOLID+0, 8, 'Chests in Dun Morogh');
INSERT INTO `gameobject` (`guid`, `id`, `map`, `position_x`, `position_y`, `position_z`, `orientation`, `rotation0`, `rotation1`, `rotation2`, `rotation3`, `spawntimesecsmin`, `spawntimesecsmax`, `animprogress`, `state`) VALUES
(@CGUID+0, 2843, 0, -6550.42, 351.925, 392.339, 2.35619, 0, 0, 0.92388, 0.382683, 36000, 40000, 100, 1),
(@CGUID+1, 2843, 0, -6484.93, 294.773, 372.653, 2.49582, 0, 0, 0.948323, 0.317306, 36000, 40000, 100, 1),
(@CGUID+2, 2843, 0, -6507.27, 688.761, 387.274, 5.96903, 0, 0, -0.156434, 0.987688, 36000, 40000, 100, 1),
(@CGUID+3, 2843, 0, -6490.65, 512.377, 387.494, 0.925024, 0, 0, 0.446198, 0.894935, 36000, 40000, 100, 1),
(@CGUID+4, 106318, 0, -5493.27, -341.81, 354.891, 1.79769, 0, 0, 0.782608, 0.622515, 309, 909, 100, 1),
(@CGUID+5, 106318, 0, -5671.38, -2125.01, 400.913, 2.40855, 0, 0, 0.93358, 0.358368, 309, 909, 100, 1),
(@CGUID+6, 106318, 0, -5070.62, 484.583, 401.485, 5.32326, 0, 0, -0.461748, 0.887011, 309, 909, 100, 1),
(@CGUID+7, 106318, 0, -5599.9, 647.107, 384.562, 1.58825, 0, 0, 0.71325, 0.70091, 309, 909, 100, 1),
(@CGUID+8, 106318, 0, -5556.28, 520.588, 382.427, 3.49067, 0, 0, -0.984807, 0.173652, 309, 909, 100, 1),
(@CGUID+9, 106318, 0, -5479.81, -217.343, 354.253, 3.14159, 0, 0, -1, 0, 309, 909, 100, 1),
(@CGUID+10, 106318, 0, -5423.45, -307.859, 358.594, 1.65806, 0, 0, 0.737277, 0.675591, 309, 909, 100, 1),
(@CGUID+11, 106318, 0, -5335.97, -238.183, 440.331, 1.64061, 0, 0, 0.731353, 0.681999, 309, 909, 100, 1),
(@CGUID+12, 106318, 0, -5299.75, -105.227, 403.395, 1.62316, 0, 0, 0.725374, 0.688355, 309, 909, 100, 1),
(@CGUID+13, 106318, 0, -5632.21, -1793.37, 358.769, 1.309, 0, 0, 0.608761, 0.793354, 309, 909, 100, 1),
(@CGUID+14, 106318, 0, -5192.4, 23.6719, 363.003, 2.96704, 0, 0, 0.996194, 0.087165, 309, 909, 100, 1),
(@CGUID+15, 106318, 0, -5513.28, -1749.2, 336.938, 2.05949, 0, 0, 0.857167, 0.515038, 309, 909, 100, 1),
(@CGUID+16, 106318, 0, -5825.66, -1594.93, 361.824, 3.17653, 0, 0, -0.999847, 0.0174693, 309, 909, 100, 1),
(@CGUID+17, 106318, 0, -5407.39, -127.371, 368.263, 5.65487, 0, 0, -0.309016, 0.951057, 309, 909, 100, 1),
(@CGUID+18, 106318, 0, -5867.88, -1521.54, 379.035, 4.32842, 0, 0, -0.829037, 0.559194, 309, 909, 100, 1),
(@CGUID+19, 106318, 0, -5906.34, -1873.73, 404.95, 5.91667, 0, 0, -0.182235, 0.983255, 309, 909, 100, 1),
(@CGUID+20, 106318, 0, -5658.51, 657.265, 383.448, 2.63544, 0, 0, 0.968147, 0.250381, 309, 909, 100, 1),
(@CGUID+21, 106318, 0, -5454.07, -170.441, 349.799, 2.35619, 0, 0, 0.92388, 0.382683, 309, 909, 100, 1),
(@CGUID+22, 106318, 0, -5229.76, 514.666, 387.61, 2.47837, 0, 0, 0.945518, 0.325568, 309, 909, 100, 1),
(@CGUID+23, 106318, 0, -5533.53, -1703.44, 342.487, 4.24115, 0, 0, -0.85264, 0.522499, 309, 909, 100, 1),
(@CGUID+24, 106318, 0, -5480.54, -214.69, 354.253, 3.85718, 0, 0, -0.936671, 0.35021, 309, 909, 100, 1),
(@CGUID+25, 106318, 0, -5055.85, -264.972, 442.079, 4.04917, 0, 0, -0.898793, 0.438373, 309, 909, 100, 1),
(@CGUID+26, 106318, 0, -5786.93, -1941.07, 402.297, 4.7473, 0, 0, -0.694658, 0.71934, 309, 909, 100, 1),
(@CGUID+27, 106318, 0, -5586.13, -1741.28, 371.757, 6.16101, 0, 0, -0.0610485, 0.998135, 309, 909, 100, 1),
(@CGUID+28, 106318, 0, -5576.89, -1727.13, 353.111, 1.37881, 0, 0, 0.636078, 0.771625, 309, 909, 100, 1),
(@CGUID+975, 2843, 0, -6524.9, 336.046, 372.736, 6.19592, 0, 0, -0.0436192, 0.999048, 36000, 40000, 100, 1),
(@CGUID+976, 2843, 0, -6394.58, 772.351, 386.213, 5.07891, 0, 0, -0.566406, 0.824126, 36000, 40000, 100, 1),
(@CGUID+977, 106318, 0, -5581.71, 731.792, 391.769, 2.89725, 0, 0, 0.992546, 0.12187, 309, 909, 100, 1),
(@CGUID+978, 106318, 0, -5911.61, -2036.86, 406.291, 0.715585, 0, 0, 0.350207, 0.936672, 309, 909, 100, 1);
INSERT INTO `pool_gameobject` (`guid`, `pool_entry`, `chance`, `description`) VALUES
(@CGUID+0, @POOLID+0, 0, 'Chests in Dun Morogh'),
(@CGUID+1, @POOLID+0, 0, 'Chests in Dun Morogh'),
(@CGUID+2, @POOLID+0, 0, 'Chests in Dun Morogh'),
(@CGUID+3, @POOLID+0, 0, 'Chests in Dun Morogh'),
(@CGUID+4, @POOLID+0, 0, 'Chests in Dun Morogh'),
(@CGUID+5, @POOLID+0, 0, 'Chests in Dun Morogh'),
(@CGUID+6, @POOLID+0, 0, 'Chests in Dun Morogh'),
(@CGUID+7, @POOLID+0, 0, 'Chests in Dun Morogh'),
(@CGUID+8, @POOLID+0, 0, 'Chests in Dun Morogh'),
(@CGUID+9, @POOLID+0, 0, 'Chests in Dun Morogh'),
(@CGUID+10, @POOLID+0, 0, 'Chests in Dun Morogh'),
(@CGUID+11, @POOLID+0, 0, 'Chests in Dun Morogh'),
(@CGUID+12, @POOLID+0, 0, 'Chests in Dun Morogh'),
(@CGUID+13, @POOLID+0, 0, 'Chests in Dun Morogh'),
(@CGUID+14, @POOLID+0, 0, 'Chests in Dun Morogh'),
(@CGUID+15, @POOLID+0, 0, 'Chests in Dun Morogh'),
(@CGUID+16, @POOLID+0, 0, 'Chests in Dun Morogh'),
(@CGUID+17, @POOLID+0, 0, 'Chests in Dun Morogh'),
(@CGUID+18, @POOLID+0, 0, 'Chests in Dun Morogh'),
(@CGUID+19, @POOLID+0, 0, 'Chests in Dun Morogh'),
(@CGUID+20, @POOLID+0, 0, 'Chests in Dun Morogh'),
(@CGUID+21, @POOLID+0, 0, 'Chests in Dun Morogh'),
(@CGUID+22, @POOLID+0, 0, 'Chests in Dun Morogh'),
(@CGUID+23, @POOLID+0, 0, 'Chests in Dun Morogh'),
(@CGUID+24, @POOLID+0, 0, 'Chests in Dun Morogh'),
(@CGUID+25, @POOLID+0, 0, 'Chests in Dun Morogh'),
(@CGUID+26, @POOLID+0, 0, 'Chests in Dun Morogh'),
(@CGUID+27, @POOLID+0, 0, 'Chests in Dun Morogh'),
(@CGUID+28, @POOLID+0, 0, 'Chests in Dun Morogh'),
(@CGUID+975, @POOLID+0, 0, 'Chests in Dun Morogh'),
(@CGUID+976, @POOLID+0, 0, 'Chests in Dun Morogh'),
(@CGUID+977, @POOLID+0, 0, 'Chests in Dun Morogh'),
(@CGUID+978, @POOLID+0, 0, 'Chests in Dun Morogh');

-- Chests in Badlands
INSERT INTO `pool_template` (`entry`, `max_limit`, `description`) VALUES (@POOLID+1, 3, 'Chests in Badlands');
INSERT INTO `gameobject` (`guid`, `id`, `map`, `position_x`, `position_y`, `position_z`, `orientation`, `rotation0`, `rotation1`, `rotation2`, `rotation3`, `spawntimesecsmin`, `spawntimesecsmax`, `animprogress`, `state`) VALUES
(@CGUID+29, 2857, 0, -6321.2, -3088.82, 301.113, 5.65487, 0, 0, -0.309016, 0.951057, 7200, 7200, 100, 1),
(@CGUID+30, 2857, 0, -6368.06, -3135.1, 283.889, 1.46608, 0, 0, 0.66913, 0.743145, 7200, 7200, 100, 1),
(@CGUID+31, 2857, 0, -6823.49, -2813.37, 242.632, 2.84488, 0, 0, 0.989016, 0.147811, 7200, 7200, 100, 1),
(@CGUID+32, 2857, 0, -6468.93, -3400.45, 241.489, 1.5708, 0, 0, 0.707107, 0.707107, 7200, 7200, 100, 1),
(@CGUID+33, 2857, 0, -7132.2, -2424.15, 240.79, 3.76991, 0, 0, -0.951056, 0.309017, 7200, 7200, 100, 1),
(@CGUID+34, 2857, 0, -6381.32, -3413.04, 241.666, 3.00195, 0, 0, 0.997563, 0.0697661, 7200, 7200, 100, 1),
(@CGUID+35, 2857, 0, -6324.55, -3111.33, 300.279, 3.49067, 0, 0, -0.984807, 0.173652, 7200, 7200, 100, 1),
(@CGUID+36, 2857, 0, -7018.64, -3341.54, 241.667, 6.19592, 0, 0, -0.0436192, 0.999048, 7200, 7200, 100, 1),
(@CGUID+37, 4149, 0, -7483.71, -2268.2, 233.716, 0.0698117, 0, 0, 0.0348988, 0.999391, 7200, 7200, 100, 1),
(@CGUID+979, 2857, 0, -7055.18, -3638.68, 241.667, 1.29154, 0, 0, 0.601814, 0.798636, 7200, 7200, 100, 1),
(@CGUID+980, 4149, 0, -7387.19, -2237.2, 233.927, 3.85718, 0, 0, -0.936671, 0.35021, 7200, 7200, 100, 1),
(@CGUID+981, 4149, 0, -7311.24, -2277.52, 245.914, 0.558504, 0, 0, 0.275637, 0.961262, 7200, 7200, 100, 1);
INSERT INTO `pool_gameobject` (`guid`, `pool_entry`, `chance`, `description`) VALUES
(@CGUID+29, @POOLID+1, 0, 'Chests in Badlands'),
(@CGUID+30, @POOLID+1, 0, 'Chests in Badlands'),
(@CGUID+31, @POOLID+1, 0, 'Chests in Badlands'),
(@CGUID+32, @POOLID+1, 0, 'Chests in Badlands'),
(@CGUID+33, @POOLID+1, 0, 'Chests in Badlands'),
(@CGUID+34, @POOLID+1, 0, 'Chests in Badlands'),
(@CGUID+35, @POOLID+1, 0, 'Chests in Badlands'),
(@CGUID+36, @POOLID+1, 0, 'Chests in Badlands'),
(@CGUID+37, @POOLID+1, 0, 'Chests in Badlands'),
(@CGUID+979, @POOLID+1, 0, 'Chests in Badlands'),
(@CGUID+980, @POOLID+1, 0, 'Chests in Badlands'),
(@CGUID+981, @POOLID+1, 0, 'Chests in Badlands');

-- Chests in Blasted Lands
INSERT INTO `pool_template` (`entry`, `max_limit`, `description`) VALUES (@POOLID+2, 1, 'Chests in Blasted Lands');
INSERT INTO `gameobject` (`guid`, `id`, `map`, `position_x`, `position_y`, `position_z`, `orientation`, `rotation0`, `rotation1`, `rotation2`, `rotation3`, `spawntimesecsmin`, `spawntimesecsmax`, `animprogress`, `state`) VALUES
(@CGUID+38, 153451, 0, -11227.9, -3480.42, 8.41118, 5.39307, 0, 0, -0.430511, 0.902586, 7200, 7200, 100, 1),
(@CGUID+39, 153451, 0, -11312, -3434.67, 7.46774, 2.25147, 0, 0, 0.902585, 0.430512, 7200, 7200, 100, 1),
(@CGUID+40, 153451, 0, -11331.9, -3332.5, 8.61777, 2.54818, 0, 0, 0.956305, 0.292372, 7200, 7200, 100, 1),
(@CGUID+41, 153451, 0, -10858.3, -2645.97, 8.7453, 4.15388, 0, 0, -0.874619, 0.48481, 7200, 7200, 100, 1),
(@CGUID+42, 153451, 0, -10834.8, -2728.32, 7.77758, 2.09439, 0, 0, 0.866025, 0.500001, 7200, 7200, 100, 1),
(@CGUID+43, 153451, 0, -10886.6, -2665.34, 7.63572, 3.3685, 0, 0, -0.993571, 0.113208, 7200, 7200, 100, 1);
INSERT INTO `pool_gameobject` (`guid`, `pool_entry`, `chance`, `description`) VALUES
(@CGUID+38, @POOLID+2, 0, 'Chests in Blasted Lands'),
(@CGUID+39, @POOLID+2, 0, 'Chests in Blasted Lands'),
(@CGUID+40, @POOLID+2, 0, 'Chests in Blasted Lands'),
(@CGUID+41, @POOLID+2, 0, 'Chests in Blasted Lands'),
(@CGUID+42, @POOLID+2, 0, 'Chests in Blasted Lands'),
(@CGUID+43, @POOLID+2, 0, 'Chests in Blasted Lands');

-- Chests in Swamp of Sorrows
INSERT INTO `pool_template` (`entry`, `max_limit`, `description`) VALUES (@POOLID+3, 6, 'Chests in Swamp of Sorrows');
INSERT INTO `gameobject` (`guid`, `id`, `map`, `position_x`, `position_y`, `position_z`, `orientation`, `rotation0`, `rotation1`, `rotation2`, `rotation3`, `spawntimesecsmin`, `spawntimesecsmax`, `animprogress`, `state`) VALUES
(@CGUID+44, 2857, 0, -9985.92, -3625.97, 22.379, 4.38078, 0, 0, -0.814116, 0.580703, 7200, 7200, 100, 1),
(@CGUID+45, 2857, 0, -9942.67, -3645.36, 23.6189, 1.51844, 0, 0, 0.688354, 0.725374, 7200, 7200, 100, 1),
(@CGUID+46, 2857, 0, -9957.83, -3600.77, 22.7541, 3.31614, 0, 0, -0.996194, 0.087165, 7200, 7200, 100, 1),
(@CGUID+47, 2857, 0, -9977.39, -3658.88, 21.8357, 1.36136, 0, 0, 0.62932, 0.777146, 7200, 7200, 100, 1),
(@CGUID+48, 2857, 0, -10477.4, -2541.66, 19.6449, 4.01426, 0, 0, -0.906307, 0.422619, 7200, 7200, 100, 1),
(@CGUID+49, 2857, 0, -9962.91, -3695.04, 21.8734, 6.19592, 0, 0, -0.0436192, 0.999048, 7200, 7200, 100, 1),
(@CGUID+50, 2857, 0, -10002, -3529.93, 22.3611, 2.72271, 0, 0, 0.978148, 0.207912, 7200, 7200, 100, 1),
(@CGUID+51, 2857, 0, -10143.9, -2490.89, 24.6832, 3.90954, 0, 0, -0.927183, 0.374608, 7200, 7200, 100, 1),
(@CGUID+52, 2857, 0, -10076.4, -3483.64, 23.1767, 0.366518, 0, 0, 0.182235, 0.983255, 7200, 7200, 100, 1),
(@CGUID+53, 2857, 0, -10711.4, -2543.09, 28.2205, 2.21657, 0, 0, 0.894934, 0.446199, 7200, 7200, 100, 1),
(@CGUID+54, 4149, 0, -10906.6, -4208.03, 1.01048, 0.802851, 0, 0, 0.390731, 0.920505, 7200, 7200, 100, 1),
(@CGUID+55, 4149, 0, -11054.1, -4122.13, 0.538078, 5.5676, 0, 0, -0.350207, 0.936672, 7200, 7200, 100, 1),
(@CGUID+56, 4149, 0, -10037.5, -4313.46, 0.254656, 4.4855, 0, 0, -0.782608, 0.622515, 7200, 7200, 100, 1),
(@CGUID+57, 4149, 0, -10426.7, -4390.78, 5.12247, 0.890117, 0, 0, 0.430511, 0.902586, 7200, 7200, 100, 1),
(@CGUID+58, 4149, 0, -10874.4, -3681.49, 18.1765, 3.90954, 0, 0, -0.927183, 0.374608, 7200, 7200, 100, 1),
(@CGUID+59, 4149, 0, -10862.7, -3631.31, 24.4419, 3.45576, 0, 0, -0.987688, 0.156436, 7200, 7200, 100, 1),
(@CGUID+60, 4149, 0, -11101.2, -3831.97, 3.0087, 3.14159, 0, 0, -1, 0, 7200, 7200, 100, 1),
(@CGUID+61, 4149, 0, -10662.9, -4337.71, 1.24313, 4.7473, 0, 0, -0.694658, 0.71934, 7200, 7200, 100, 1),
(@CGUID+62, 4149, 0, -10396.9, -4399.83, 2.74045, 0.890117, 0, 0, 0.430511, 0.902586, 7200, 7200, 100, 1),
(@CGUID+63, 4149, 0, -10550.7, -4400.34, 0.416397, 3.6652, 0, 0, -0.965925, 0.258821, 7200, 7200, 100, 1),
(@CGUID+64, 4149, 0, -10819.5, -4266.54, -4.39961, 2.05949, 0, 0, 0.857167, 0.515038, 7200, 7200, 100, 1),
(@CGUID+65, 4149, 0, -10897.3, -3712.66, 8.76335, 2.86234, 0, 0, 0.990268, 0.139175, 7200, 7200, 100, 1),
(@CGUID+66, 4149, 0, -10555.6, -3527.02, 22.7375, 0.645772, 0, 0, 0.317305, 0.948324, 7200, 7200, 100, 1),
(@CGUID+982, 2857, 0, -9901.63, -3731.32, 22.1619, 2.42601, 0, 0, 0.936672, 0.350207, 7200, 7200, 100, 1);
INSERT INTO `pool_gameobject` (`guid`, `pool_entry`, `chance`, `description`) VALUES
(@CGUID+44, @POOLID+3, 0, 'Chests in Swamp of Sorrows'),
(@CGUID+45, @POOLID+3, 0, 'Chests in Swamp of Sorrows'),
(@CGUID+46, @POOLID+3, 0, 'Chests in Swamp of Sorrows'),
(@CGUID+47, @POOLID+3, 0, 'Chests in Swamp of Sorrows'),
(@CGUID+48, @POOLID+3, 0, 'Chests in Swamp of Sorrows'),
(@CGUID+49, @POOLID+3, 0, 'Chests in Swamp of Sorrows'),
(@CGUID+50, @POOLID+3, 0, 'Chests in Swamp of Sorrows'),
(@CGUID+51, @POOLID+3, 0, 'Chests in Swamp of Sorrows'),
(@CGUID+52, @POOLID+3, 0, 'Chests in Swamp of Sorrows'),
(@CGUID+53, @POOLID+3, 0, 'Chests in Swamp of Sorrows'),
(@CGUID+54, @POOLID+3, 0, 'Chests in Swamp of Sorrows'),
(@CGUID+55, @POOLID+3, 0, 'Chests in Swamp of Sorrows'),
(@CGUID+56, @POOLID+3, 0, 'Chests in Swamp of Sorrows'),
(@CGUID+57, @POOLID+3, 0, 'Chests in Swamp of Sorrows'),
(@CGUID+58, @POOLID+3, 0, 'Chests in Swamp of Sorrows'),
(@CGUID+59, @POOLID+3, 0, 'Chests in Swamp of Sorrows'),
(@CGUID+60, @POOLID+3, 0, 'Chests in Swamp of Sorrows'),
(@CGUID+61, @POOLID+3, 0, 'Chests in Swamp of Sorrows'),
(@CGUID+62, @POOLID+3, 0, 'Chests in Swamp of Sorrows'),
(@CGUID+63, @POOLID+3, 0, 'Chests in Swamp of Sorrows'),
(@CGUID+64, @POOLID+3, 0, 'Chests in Swamp of Sorrows'),
(@CGUID+65, @POOLID+3, 0, 'Chests in Swamp of Sorrows'),
(@CGUID+66, @POOLID+3, 0, 'Chests in Swamp of Sorrows'),
(@CGUID+982, @POOLID+3, 0, 'Chests in Swamp of Sorrows');

-- Chests in Duskwood
INSERT INTO `pool_template` (`entry`, `max_limit`, `description`) VALUES (@POOLID+4, 10, 'Chests in Duskwood');
INSERT INTO `gameobject` (`guid`, `id`, `map`, `position_x`, `position_y`, `position_z`, `orientation`, `rotation0`, `rotation1`, `rotation2`, `rotation3`, `spawntimesecsmin`, `spawntimesecsmax`, `animprogress`, `state`) VALUES
(@CGUID+67, 2850, 0, -10205.7, 170.329, 27.2421, 2.89725, 0, 0, 0.992546, 0.12187, 7200, 7200, 100, 1),
(@CGUID+68, 2850, 0, -10773.9, -1378.97, 38.9468, 5.72468, 0, 0, -0.275637, 0.961262, 7200, 7200, 100, 1),
(@CGUID+69, 2850, 0, -10792.3, -1377.22, 39.027, 1.5708, 0, 0, 0.707107, 0.707107, 7200, 7200, 100, 1),
(@CGUID+70, 2850, 0, -10516.3, 437.68, 37.7729, 5.84685, 0, 0, -0.216439, 0.976296, 7200, 7200, 100, 1),
(@CGUID+71, 2850, 0, -10759.3, -587.221, 36.8814, 1.01229, 0, 0, 0.484809, 0.87462, 7200, 7200, 100, 1),
(@CGUID+72, 2850, 0, -10431.6, -22.1773, 47.5033, 4.62512, 0, 0, -0.737277, 0.675591, 7200, 7200, 100, 1),
(@CGUID+73, 2850, 0, -10222.7, -49.3107, 31.8578, 5.51524, 0, 0, -0.374606, 0.927184, 7200, 7200, 100, 1),
(@CGUID+74, 2850, 0, -10205.6, 476.661, 27.0559, 5.35816, 0, 0, -0.446198, 0.894935, 7200, 7200, 100, 1),
(@CGUID+75, 2850, 0, -10173.1, -831.417, 41.9193, 5.48033, 0, 0, -0.390731, 0.920505, 7200, 7200, 100, 1),
(@CGUID+76, 2850, 0, -10178.6, -1023.05, 27.6378, 4.13643, 0, 0, -0.878817, 0.47716, 7200, 7200, 100, 1),
(@CGUID+77, 2850, 0, -10698, -104.122, 37.9923, 5.74214, 0, 0, -0.267238, 0.963631, 7200, 7200, 100, 1),
(@CGUID+78, 2850, 0, -10211, -137.792, 32.6483, 5.044, 0, 0, -0.580703, 0.814116, 7200, 7200, 100, 1),
(@CGUID+79, 2850, 0, -11015.3, 240.348, 27.0152, 1.309, 0, 0, 0.608761, 0.793354, 7200, 7200, 100, 1),
(@CGUID+80, 2850, 0, -10784.6, -586.092, 37.9249, 4.43314, 0, 0, -0.798635, 0.601815, 7200, 7200, 100, 1),
(@CGUID+81, 2850, 0, -10835.7, -568.281, 36.5574, 0.0174525, 0, 0, 0.00872612, 0.999962, 7200, 7200, 100, 1),
(@CGUID+82, 2850, 0, -11041.2, 253.978, 27.6848, 6.26573, 0, 0, -0.00872612, 0.999962, 7200, 7200, 100, 1),
(@CGUID+83, 2850, 0, -10819.8, -1384.35, 44.2552, 5.32326, 0, 0, -0.461748, 0.887011, 7200, 7200, 100, 1),
(@CGUID+84, 2852, 0, -11165.6, -163.196, 9.35385, 1.41372, 0, 0, 0.649447, 0.760406, 7200, 7200, 100, 1),
(@CGUID+85, 2852, 0, -11082.7, -97.2737, 16.9502, 5.84685, 0, 0, -0.216439, 0.976296, 7200, 7200, 100, 1),
(@CGUID+86, 2852, 0, -10270.2, -727.604, 46.2897, 0.401425, 0, 0, 0.199368, 0.979925, 7200, 7200, 100, 1),
(@CGUID+87, 2852, 0, -10373.4, 130.12, 1.71372, 0.139624, 0, 0, 0.0697556, 0.997564, 7200, 7200, 100, 1),
(@CGUID+88, 2852, 0, -10358.1, -1243.02, 35.4821, 6.17847, 0, 0, -0.0523357, 0.99863, 7200, 7200, 100, 1),
(@CGUID+89, 2852, 0, -10462.6, -803.022, 52.0224, 5.13127, 0, 0, -0.544639, 0.838671, 7200, 7200, 100, 1),
(@CGUID+90, 2852, 0, -11012.3, -1101.52, 41.8718, 0.122173, 0, 0, 0.0610485, 0.998135, 7200, 7200, 100, 1),
(@CGUID+91, 2852, 0, -11089.2, -951.572, 65.3283, 3.75246, 0, 0, -0.953716, 0.300708, 7200, 7200, 100, 1),
(@CGUID+92, 2852, 0, -10966.5, -65.8315, 15.5488, 5.67232, 0, 0, -0.300705, 0.953717, 7200, 7200, 100, 1),
(@CGUID+93, 2852, 0, -11019.3, -1089.26, 42.4884, 4.31097, 0, 0, -0.833885, 0.551938, 7200, 7200, 100, 1),
(@CGUID+94, 2852, 0, -11110.8, -498.81, 32.8518, 2.26893, 0, 0, 0.906307, 0.422619, 7200, 7200, 100, 1),
(@CGUID+95, 2852, 0, -10324.5, 489.261, 12.8491, 5.8294, 0, 0, -0.224951, 0.97437, 7200, 7200, 100, 1),
(@CGUID+96, 2852, 0, -11107.9, -533.204, 33.2088, 6.03884, 0, 0, -0.121869, 0.992546, 7200, 7200, 100, 1),
(@CGUID+97, 2852, 0, -10299.7, -1291.57, 43.431, 4.06662, 0, 0, -0.894934, 0.446199, 7200, 7200, 100, 1),
(@CGUID+98, 2852, 0, -11013.9, -1141.27, 39.8619, 3.99681, 0, 0, -0.909961, 0.414694, 7200, 7200, 100, 1),
(@CGUID+99, 2852, 0, -11075.6, -808.995, 58.9566, 2.75761, 0, 0, 0.981627, 0.190812, 7200, 7200, 100, 1),
(@CGUID+100, 2852, 0, -10931.8, -943.108, 76.8906, 1.01229, 0, 0, 0.484809, 0.87462, 7200, 7200, 100, 1),
(@CGUID+101, 2852, 0, -10374.7, -1254.46, 35.8818, 6.26573, 0, 0, -0.00872612, 0.999962, 7200, 7200, 100, 1),
(@CGUID+102, 2852, 0, -10369.9, 358.59, 15.9736, 6.00393, 0, 0, -0.139173, 0.990268, 7200, 7200, 100, 1),
(@CGUID+103, 2852, 0, -10962, -945.145, 71.1925, 2.26893, 0, 0, 0.906307, 0.422619, 7200, 7200, 100, 1),
(@CGUID+104, 2852, 0, -11076.6, -253.918, 16.1559, 5.46288, 0, 0, -0.398748, 0.91706, 7200, 7200, 100, 1),
(@CGUID+105, 2852, 0, -10235.8, 392.371, 10.4135, 4.50295, 0, 0, -0.777145, 0.629321, 7200, 7200, 100, 1),
(@CGUID+106, 2852, 0, -11030.6, -901.201, 63.9518, 4.04917, 0, 0, -0.898793, 0.438373, 7200, 7200, 100, 1),
(@CGUID+107, 2852, 0, -10647.3, -903.599, 50.2875, 3.7001, 0, 0, -0.961261, 0.27564, 7200, 7200, 100, 1),
(@CGUID+983, 2850, 0, -10300.4, -18.7233, 44.2252, 4.95674, 0, 0, -0.615661, 0.788011, 7200, 7200, 100, 1),
(@CGUID+984, 2852, 0, -10451.8, -797.432, 52.3191, 1.74533, 0, 0, 0.766044, 0.642789, 7200, 7200, 100, 1);
INSERT INTO `pool_gameobject` (`guid`, `pool_entry`, `chance`, `description`) VALUES
(@CGUID+67, @POOLID+4, 0, 'Chests in Duskwood'),
(@CGUID+68, @POOLID+4, 0, 'Chests in Duskwood'),
(@CGUID+69, @POOLID+4, 0, 'Chests in Duskwood'),
(@CGUID+70, @POOLID+4, 0, 'Chests in Duskwood'),
(@CGUID+71, @POOLID+4, 0, 'Chests in Duskwood'),
(@CGUID+72, @POOLID+4, 0, 'Chests in Duskwood'),
(@CGUID+73, @POOLID+4, 0, 'Chests in Duskwood'),
(@CGUID+74, @POOLID+4, 0, 'Chests in Duskwood'),
(@CGUID+75, @POOLID+4, 0, 'Chests in Duskwood'),
(@CGUID+76, @POOLID+4, 0, 'Chests in Duskwood'),
(@CGUID+77, @POOLID+4, 0, 'Chests in Duskwood'),
(@CGUID+78, @POOLID+4, 0, 'Chests in Duskwood'),
(@CGUID+79, @POOLID+4, 0, 'Chests in Duskwood'),
(@CGUID+80, @POOLID+4, 0, 'Chests in Duskwood'),
(@CGUID+81, @POOLID+4, 0, 'Chests in Duskwood'),
(@CGUID+82, @POOLID+4, 0, 'Chests in Duskwood'),
(@CGUID+83, @POOLID+4, 0, 'Chests in Duskwood'),
(@CGUID+84, @POOLID+4, 0, 'Chests in Duskwood'),
(@CGUID+85, @POOLID+4, 0, 'Chests in Duskwood'),
(@CGUID+86, @POOLID+4, 0, 'Chests in Duskwood'),
(@CGUID+87, @POOLID+4, 0, 'Chests in Duskwood'),
(@CGUID+88, @POOLID+4, 0, 'Chests in Duskwood'),
(@CGUID+89, @POOLID+4, 0, 'Chests in Duskwood'),
(@CGUID+90, @POOLID+4, 0, 'Chests in Duskwood'),
(@CGUID+91, @POOLID+4, 0, 'Chests in Duskwood'),
(@CGUID+92, @POOLID+4, 0, 'Chests in Duskwood'),
(@CGUID+93, @POOLID+4, 0, 'Chests in Duskwood'),
(@CGUID+94, @POOLID+4, 0, 'Chests in Duskwood'),
(@CGUID+95, @POOLID+4, 0, 'Chests in Duskwood'),
(@CGUID+96, @POOLID+4, 0, 'Chests in Duskwood'),
(@CGUID+97, @POOLID+4, 0, 'Chests in Duskwood'),
(@CGUID+98, @POOLID+4, 0, 'Chests in Duskwood'),
(@CGUID+99, @POOLID+4, 0, 'Chests in Duskwood'),
(@CGUID+100, @POOLID+4, 0, 'Chests in Duskwood'),
(@CGUID+101, @POOLID+4, 0, 'Chests in Duskwood'),
(@CGUID+102, @POOLID+4, 0, 'Chests in Duskwood'),
(@CGUID+103, @POOLID+4, 0, 'Chests in Duskwood'),
(@CGUID+104, @POOLID+4, 0, 'Chests in Duskwood'),
(@CGUID+105, @POOLID+4, 0, 'Chests in Duskwood'),
(@CGUID+106, @POOLID+4, 0, 'Chests in Duskwood'),
(@CGUID+107, @POOLID+4, 0, 'Chests in Duskwood'),
(@CGUID+983, @POOLID+4, 0, 'Chests in Duskwood'),
(@CGUID+984, @POOLID+4, 0, 'Chests in Duskwood');

-- Chests in Wetlands
INSERT INTO `pool_template` (`entry`, `max_limit`, `description`) VALUES (@POOLID+5, 12, 'Chests in Wetlands');
INSERT INTO `gameobject` (`guid`, `id`, `map`, `position_x`, `position_y`, `position_z`, `orientation`, `rotation0`, `rotation1`, `rotation2`, `rotation3`, `spawntimesecsmin`, `spawntimesecsmax`, `animprogress`, `state`) VALUES
(@CGUID+108, 2850, 0, -3093.94, -2000.55, 9.70804, 0.698131, 0, 0, 0.34202, 0.939693, 7200, 7200, 100, 1),
(@CGUID+109, 2850, 0, -4068.19, -2992.95, 11.5927, 3.47321, 0, 0, -0.986285, 0.16505, 7200, 7200, 100, 1),
(@CGUID+110, 2850, 0, -2995.48, -2525.18, 11.3921, 0.541051, 0, 0, 0.267238, 0.963631, 7200, 7200, 100, 1),
(@CGUID+111, 2850, 0, -2977.38, -1955.39, 9.45823, 3.76991, 0, 0, -0.951056, 0.309017, 7200, 7200, 100, 1),
(@CGUID+112, 2850, 0, -2970.03, -1697.64, 9.53065, 3.9619, 0, 0, -0.91706, 0.39875, 7200, 7200, 100, 1),
(@CGUID+113, 2850, 0, -3751.49, -2922.89, 12.0202, 3.73501, 0, 0, -0.956305, 0.292372, 7200, 7200, 100, 1),
(@CGUID+114, 2850, 0, -3199.67, -950.395, 8.9407, 4.29351, 0, 0, -0.83867, 0.54464, 7200, 7200, 100, 1),
(@CGUID+115, 2850, 0, -2800.48, -1002.4, -13.2592, 3.49067, 0, 0, -0.984807, 0.173652, 7200, 7200, 100, 1),
(@CGUID+116, 2850, 0, -2898.26, -2577.74, 33.8699, 3.29869, 0, 0, -0.996917, 0.0784664, 7200, 7200, 100, 1),
(@CGUID+117, 2850, 0, -3240.3, -1146.19, 9.08437, 2.67035, 0, 0, 0.972369, 0.233448, 7200, 7200, 100, 1),
(@CGUID+118, 2850, 0, -2991.62, -1058.62, 8.82124, 4.04917, 0, 0, -0.898793, 0.438373, 7200, 7200, 100, 1),
(@CGUID+119, 2850, 0, -3212.39, -1022.89, 9.32691, 1.20428, 0, 0, 0.566406, 0.824126, 7200, 7200, 100, 1),
(@CGUID+120, 2850, 0, -3790.94, -2454.6, 24.1786, 2.21657, 0, 0, 0.894934, 0.446199, 7200, 7200, 100, 1),
(@CGUID+121, 2850, 0, -3036.7, -2156.59, 9.97567, 4.85202, 0, 0, -0.656058, 0.75471, 7200, 7200, 100, 1),
(@CGUID+122, 2850, 0, -3107.93, -963.956, 8.52378, 5.13127, 0, 0, -0.544639, 0.838671, 7200, 7200, 100, 1),
(@CGUID+123, 2850, 0, -3689.67, -3071.87, 19.3469, 4.45059, 0, 0, -0.793353, 0.608762, 7200, 7200, 100, 1),
(@CGUID+124, 2850, 0, -4141.16, -2950.04, 11.5826, 5.88176, 0, 0, -0.199368, 0.979925, 7200, 7200, 100, 1),
(@CGUID+125, 2850, 0, -2982.47, -963.807, -7.10173, 5.42797, 0, 0, -0.414693, 0.909961, 7200, 7200, 100, 1),
(@CGUID+126, 2850, 0, -4245.12, -2329.4, 206.53, 3.57793, 0, 0, -0.976295, 0.216442, 7200, 7200, 100, 1),
(@CGUID+127, 2850, 0, -3050.79, -973.153, 9.12081, 0.837757, 0, 0, 0.406736, 0.913546, 7200, 7200, 100, 1),
(@CGUID+128, 2850, 0, -3778.29, -3009.95, 11.5863, 4.7473, 0, 0, -0.694658, 0.71934, 7200, 7200, 100, 1),
(@CGUID+129, 2850, 0, -3287.01, -946.382, 8.98557, 0.349065, 0, 0, 0.173648, 0.984808, 7200, 7200, 100, 1),
(@CGUID+130, 2850, 0, -3108.52, -2190.42, 9.29574, 4.41568, 0, 0, -0.803857, 0.594823, 7200, 7200, 100, 1),
(@CGUID+131, 2850, 0, -3104.2, -2267.92, 10.0134, 3.71755, 0, 0, -0.958819, 0.284016, 7200, 7200, 100, 1),
(@CGUID+132, 2850, 0, -4193.46, -2387.18, 216.83, 1.16937, 0, 0, 0.551936, 0.833886, 7200, 7200, 100, 1),
(@CGUID+133, 2850, 0, -4307.18, -2399.89, 209.588, 2.72271, 0, 0, 0.978148, 0.207912, 7200, 7200, 100, 1),
(@CGUID+134, 2850, 0, -3145.96, -1059.43, 8.08108, 0.575957, 0, 0, 0.284015, 0.95882, 7200, 7200, 100, 1),
(@CGUID+135, 2850, 0, -3886.19, -3029.93, 11.0323, 2.70526, 0, 0, 0.976295, 0.216442, 7200, 7200, 100, 1),
(@CGUID+136, 2850, 0, -3969.95, -2338.92, 18.2082, 0.0523589, 0, 0, 0.0261765, 0.999657, 7200, 7200, 100, 1),
(@CGUID+137, 2850, 0, -2910.98, -1842.58, 9.41216, 5.044, 0, 0, -0.580703, 0.814116, 7200, 7200, 100, 1),
(@CGUID+138, 2852, 0, -2939.76, -2976.83, 30.5666, 0.366518, 0, 0, 0.182235, 0.983255, 7200, 7200, 100, 1),
(@CGUID+139, 2852, 0, -3418.88, -2505.52, 27.1158, 3.10665, 0, 0, 0.999847, 0.0174693, 7200, 7200, 100, 1),
(@CGUID+140, 2852, 0, -3433.21, -2316.7, 52.1183, 3.17653, 0, 0, -0.999847, 0.0174693, 7200, 7200, 100, 1),
(@CGUID+141, 2852, 0, -3419.94, -2277.18, 51.8986, 5.60251, 0, 0, -0.333807, 0.942641, 7200, 7200, 100, 1),
(@CGUID+142, 2852, 0, -3656.05, -2609.74, 51.9026, 0.488691, 0, 0, 0.241921, 0.970296, 7200, 7200, 100, 1),
(@CGUID+143, 2852, 0, -2586.38, -2383.61, 79.8838, 4.62512, 0, 0, -0.737277, 0.675591, 7200, 7200, 100, 1),
(@CGUID+144, 2852, 0, -3033.15, -3234.4, 54.2858, 6.10865, 0, 0, -0.0871553, 0.996195, 7200, 7200, 100, 1),
(@CGUID+145, 2852, 0, -3413.19, -1982.01, 115.444, 3.29869, 0, 0, -0.996917, 0.0784664, 7200, 7200, 100, 1),
(@CGUID+146, 2852, 0, -2636.96, -2397.31, 89.1529, 3.00195, 0, 0, 0.997563, 0.0697661, 7200, 7200, 100, 1),
(@CGUID+147, 2852, 0, -3321.84, -2279.77, 51.8986, 1.0472, 0, 0, 0.5, 0.866025, 7200, 7200, 100, 1),
(@CGUID+148, 2852, 0, -3416.58, -2428.37, 51.9087, 4.64258, 0, 0, -0.731354, 0.681998, 7200, 7200, 100, 1),
(@CGUID+149, 2852, 0, -2823.95, -2860.53, 32.9077, 3.6652, 0, 0, -0.965925, 0.258821, 7200, 7200, 100, 1),
(@CGUID+985, 2850, 0, -3030.09, -2259.15, 9.47054, 6.0912, 0, 0, -0.0958452, 0.995396, 7200, 7200, 100, 1),
(@CGUID+986, 2850, 0, -2899.61, -2038.93, 9.22366, 5.34071, 0, 0, -0.45399, 0.891007, 7200, 7200, 100, 1),
(@CGUID+987, 2850, 0, -4227.09, -2689.76, 41.1932, 5.75959, 0, 0, -0.258819, 0.965926, 7200, 7200, 100, 1),
(@CGUID+988, 2852, 0, -2983.61, -3337.19, 62.054, 2.26893, 0, 0, 0.906307, 0.422619, 7200, 7200, 100, 1),
(@CGUID+989, 2852, 0, -3339.37, -2209.3, 46.7444, 3.75246, 0, 0, -0.953716, 0.300708, 7200, 7200, 100, 1),
(@CGUID+990, 2852, 0, -2882.22, -2947.11, 33.7046, 5.41052, 0, 0, -0.422618, 0.906308, 7200, 7200, 100, 1),
(@CGUID+991, 2852, 0, -2564.61, -2357.45, 79.9346, 1.01229, 0, 0, 0.484809, 0.87462, 7200, 7200, 100, 1);
INSERT INTO `pool_gameobject` (`guid`, `pool_entry`, `chance`, `description`) VALUES
(@CGUID+108, @POOLID+5, 0, 'Chests in Wetlands'),
(@CGUID+109, @POOLID+5, 0, 'Chests in Wetlands'),
(@CGUID+110, @POOLID+5, 0, 'Chests in Wetlands'),
(@CGUID+111, @POOLID+5, 0, 'Chests in Wetlands'),
(@CGUID+112, @POOLID+5, 0, 'Chests in Wetlands'),
(@CGUID+113, @POOLID+5, 0, 'Chests in Wetlands'),
(@CGUID+114, @POOLID+5, 0, 'Chests in Wetlands'),
(@CGUID+115, @POOLID+5, 0, 'Chests in Wetlands'),
(@CGUID+116, @POOLID+5, 0, 'Chests in Wetlands'),
(@CGUID+117, @POOLID+5, 0, 'Chests in Wetlands'),
(@CGUID+118, @POOLID+5, 0, 'Chests in Wetlands'),
(@CGUID+119, @POOLID+5, 0, 'Chests in Wetlands'),
(@CGUID+120, @POOLID+5, 0, 'Chests in Wetlands'),
(@CGUID+121, @POOLID+5, 0, 'Chests in Wetlands'),
(@CGUID+122, @POOLID+5, 0, 'Chests in Wetlands'),
(@CGUID+123, @POOLID+5, 0, 'Chests in Wetlands'),
(@CGUID+124, @POOLID+5, 0, 'Chests in Wetlands'),
(@CGUID+125, @POOLID+5, 0, 'Chests in Wetlands'),
(@CGUID+126, @POOLID+5, 0, 'Chests in Wetlands'),
(@CGUID+127, @POOLID+5, 0, 'Chests in Wetlands'),
(@CGUID+128, @POOLID+5, 0, 'Chests in Wetlands'),
(@CGUID+129, @POOLID+5, 0, 'Chests in Wetlands'),
(@CGUID+130, @POOLID+5, 0, 'Chests in Wetlands'),
(@CGUID+131, @POOLID+5, 0, 'Chests in Wetlands'),
(@CGUID+132, @POOLID+5, 0, 'Chests in Wetlands'),
(@CGUID+133, @POOLID+5, 0, 'Chests in Wetlands'),
(@CGUID+134, @POOLID+5, 0, 'Chests in Wetlands'),
(@CGUID+135, @POOLID+5, 0, 'Chests in Wetlands'),
(@CGUID+136, @POOLID+5, 0, 'Chests in Wetlands'),
(@CGUID+137, @POOLID+5, 0, 'Chests in Wetlands'),
(@CGUID+138, @POOLID+5, 0, 'Chests in Wetlands'),
(@CGUID+139, @POOLID+5, 0, 'Chests in Wetlands'),
(@CGUID+140, @POOLID+5, 0, 'Chests in Wetlands'),
(@CGUID+141, @POOLID+5, 0, 'Chests in Wetlands'),
(@CGUID+142, @POOLID+5, 0, 'Chests in Wetlands'),
(@CGUID+143, @POOLID+5, 0, 'Chests in Wetlands'),
(@CGUID+144, @POOLID+5, 0, 'Chests in Wetlands'),
(@CGUID+145, @POOLID+5, 0, 'Chests in Wetlands'),
(@CGUID+146, @POOLID+5, 0, 'Chests in Wetlands'),
(@CGUID+147, @POOLID+5, 0, 'Chests in Wetlands'),
(@CGUID+148, @POOLID+5, 0, 'Chests in Wetlands'),
(@CGUID+149, @POOLID+5, 0, 'Chests in Wetlands'),
(@CGUID+985, @POOLID+5, 0, 'Chests in Wetlands'),
(@CGUID+986, @POOLID+5, 0, 'Chests in Wetlands'),
(@CGUID+987, @POOLID+5, 0, 'Chests in Wetlands'),
(@CGUID+988, @POOLID+5, 0, 'Chests in Wetlands'),
(@CGUID+989, @POOLID+5, 0, 'Chests in Wetlands'),
(@CGUID+990, @POOLID+5, 0, 'Chests in Wetlands'),
(@CGUID+991, @POOLID+5, 0, 'Chests in Wetlands');

-- Chests in Elwynn Forest
INSERT INTO `pool_template` (`entry`, `max_limit`, `description`) VALUES (@POOLID+6, 11, 'Chests in Elwynn Forest');
INSERT INTO `gameobject` (`guid`, `id`, `map`, `position_x`, `position_y`, `position_z`, `orientation`, `rotation0`, `rotation1`, `rotation2`, `rotation3`, `spawntimesecsmin`, `spawntimesecsmax`, `animprogress`, `state`) VALUES
(@CGUID+150, 2843, 0, -9140.58, -282.026, 71.8892, 1.3439, 0, 0, 0.622514, 0.782609, 36000, 40000, 100, 1),
(@CGUID+151, 2843, 0, -8556.58, -199.101, 85.8751, 1.93731, 0, 0, 0.824125, 0.566408, 36000, 40000, 100, 1),
(@CGUID+152, 2843, 0, -8955.38, -439.217, 64.7955, 3.42085, 0, 0, -0.990268, 0.139175, 36000, 40000, 100, 1),
(@CGUID+153, 2843, 0, -8593.03, -169.743, 87.1218, 0.767944, 0, 0, 0.374606, 0.927184, 36000, 40000, 100, 1),
(@CGUID+154, 2843, 0, -9060.95, -463.424, 72.5782, 1.53589, 0, 0, 0.694658, 0.71934, 36000, 40000, 100, 1),
(@CGUID+155, 2843, 0, -9038.98, -303.642, 74.3616, 2.28638, 0, 0, 0.909961, 0.414694, 36000, 40000, 100, 1),
(@CGUID+156, 2843, 0, -8564.62, -212.033, 85.301, 2.47837, 0, 0, 0.945518, 0.325568, 36000, 40000, 100, 1),
(@CGUID+157, 106318, 0, -9866.26, 221.78, 14.0336, 3.54302, 0, 0, -0.979924, 0.19937, 309, 909, 100, 1),
(@CGUID+158, 106318, 0, -9203.29, -1218.71, 70.0484, 5.11382, 0, 0, -0.551936, 0.833886, 309, 909, 100, 1),
(@CGUID+159, 106318, 0, -9436.06, 468.587, 53.3748, 0, 0, 0, 0, 1, 309, 909, 100, 1),
(@CGUID+160, 106318, 0, -9804.66, -934.958, 39.8556, 0.994837, 0, 0, 0.477159, 0.878817, 309, 909, 100, 1),
(@CGUID+161, 106318, 0, -9259.1, -1219.62, 72.4233, 2.11185, 0, 0, 0.870356, 0.492424, 309, 909, 100, 1),
(@CGUID+162, 106318, 0, -10104, 687.487, 31.9941, 0, 0, 0, 0, 1, 309, 909, 100, 1),
(@CGUID+163, 106318, 0, -8894.47, -717.691, 69.721, 0.296705, 0, 0, 0.147809, 0.989016, 309, 909, 100, 1),
(@CGUID+164, 106318, 0, -9940.04, -1118.6, 21.9235, 0.0174525, 0, 0, 0.00872612, 0.999962, 309, 909, 100, 1),
(@CGUID+165, 106318, 0, -9100.11, -1033.55, 72.8855, 3.4034, 0, 0, -0.991445, 0.130528, 309, 909, 100, 1),
(@CGUID+166, 106318, 0, -9216.05, -1228.15, 72.4841, 0.0349062, 0, 0, 0.0174522, 0.999848, 309, 909, 100, 1),
(@CGUID+167, 106318, 0, -9484.18, -349.415, 59.8835, 2.70526, 0, 0, 0.976295, 0.216442, 309, 909, 100, 1),
(@CGUID+168, 106318, 0, -9736.54, 120.219, 25.6411, 4.7822, 0, 0, -0.681998, 0.731354, 309, 909, 100, 1),
(@CGUID+169, 106318, 0, -9303.33, -282.874, 71.1022, 4.04917, 0, 0, -0.898793, 0.438373, 309, 909, 100, 1),
(@CGUID+170, 106318, 0, -9074.04, -584.789, 62.1864, 2.9496, 0, 0, 0.995396, 0.0958512, 309, 909, 100, 1),
(@CGUID+171, 106318, 0, -9240.57, -720.326, 62.874, 1.74533, 0, 0, 0.766044, 0.642789, 309, 909, 100, 1),
(@CGUID+172, 106318, 0, -9159.07, 91.1625, 76.2147, 3.52557, 0, 0, -0.981627, 0.190812, 309, 909, 100, 1),
(@CGUID+173, 106318, 0, -8881.7, -761.708, 68.4141, 3.05433, 0, 0, 0.999048, 0.0436193, 309, 909, 100, 1),
(@CGUID+174, 106318, 0, -9739.5, -934.509, 38.9182, 1.51844, 0, 0, 0.688354, 0.725374, 309, 909, 100, 1),
(@CGUID+175, 106318, 0, -9743.79, 81.3121, 13.6848, 2.65289, 0, 0, 0.970295, 0.241925, 309, 909, 100, 1),
(@CGUID+176, 106318, 0, -9828.59, 87.2501, 0.875297, 5.81195, 0, 0, -0.233445, 0.97237, 309, 909, 100, 1),
(@CGUID+177, 106318, 0, -9051.11, -625.67, 53.4202, 1.36136, 0, 0, 0.62932, 0.777146, 309, 909, 100, 1),
(@CGUID+178, 106318, 0, -9983.97, 568.819, 37.7626, 0, 0, 0, 0, 1, 309, 909, 100, 1),
(@CGUID+179, 106318, 0, -10071.6, 631.747, 39.3654, 0, 0, 0, 0, 1, 309, 909, 100, 1),
(@CGUID+180, 106318, 0, -9711.93, -943.498, 38.4165, 3.08918, 0, 0, 0.999657, 0.0262016, 309, 909, 100, 1),
(@CGUID+181, 106318, 0, -9460.34, 280.899, 53.0244, 0, 0, 0, 0, 1, 309, 909, 100, 1),
(@CGUID+182, 106318, 0, -9940.88, -116.771, 24.9764, 2.23402, 0, 0, 0.898793, 0.438373, 309, 909, 100, 1),
(@CGUID+183, 106318, 0, -9021.75, -606.646, 56.4091, 2.61799, 0, 0, 0.965925, 0.258821, 309, 909, 100, 1),
(@CGUID+184, 106318, 0, -9732.97, 136.739, 18.6676, 3.45576, 0, 0, -0.987688, 0.156436, 309, 909, 100, 1),
(@CGUID+185, 106318, 0, -9491.57, -396.539, 59.5112, 1.25664, 0, 0, 0.587785, 0.809017, 309, 909, 100, 1),
(@CGUID+186, 106318, 0, -9913.85, -1143.97, 23.4692, 3.14159, 0, 0, -1, 0, 309, 909, 100, 1),
(@CGUID+187, 106318, 0, -9913.4, -1086.03, 25.0252, 1.0821, 0, 0, 0.515038, 0.857168, 309, 909, 100, 1),
(@CGUID+188, 106318, 0, -9955.09, -128.517, 25.3672, 5.51524, 0, 0, -0.374606, 0.927184, 309, 909, 100, 1),
(@CGUID+189, 106318, 0, -9267.23, -1180.15, 70.147, 0.436332, 0, 0, 0.216439, 0.976296, 309, 909, 100, 1),
(@CGUID+190, 106318, 0, -9838.12, 207.45, 14.054, 1.06465, 0, 0, 0.507538, 0.861629, 309, 909, 100, 1),
(@CGUID+191, 106318, 0, -9264.64, -714.127, 62.8596, 2.37364, 0, 0, 0.927183, 0.374608, 309, 909, 100, 1),
(@CGUID+192, 106318, 0, -9924.49, -1114.88, 24.6533, 5.75959, 0, 0, -0.258819, 0.965926, 309, 909, 100, 1),
(@CGUID+193, 106318, 0, -9973.6, -155.299, 24.4805, 1.23918, 0, 0, 0.580703, 0.814116, 309, 909, 100, 1),
(@CGUID+194, 106318, 0, -9483.03, -433.494, 58.3551, 5.53269, 0, 0, -0.366501, 0.930418, 309, 909, 100, 1),
(@CGUID+992, 106318, 0, -9304.96, 708.616, 130.919, 5.74214, 0, 0, -0.267238, 0.963631, 309, 909, 100, 1),
(@CGUID+993, 106318, 0, -9796.16, -929.679, 39.1327, 5.88176, 0, 0, -0.199368, 0.979925, 309, 909, 100, 1);
INSERT INTO `pool_gameobject` (`guid`, `pool_entry`, `chance`, `description`) VALUES
(@CGUID+150, @POOLID+6, 0, 'Chests in Elwynn Forest'),
(@CGUID+151, @POOLID+6, 0, 'Chests in Elwynn Forest'),
(@CGUID+152, @POOLID+6, 0, 'Chests in Elwynn Forest'),
(@CGUID+153, @POOLID+6, 0, 'Chests in Elwynn Forest'),
(@CGUID+154, @POOLID+6, 0, 'Chests in Elwynn Forest'),
(@CGUID+155, @POOLID+6, 0, 'Chests in Elwynn Forest'),
(@CGUID+156, @POOLID+6, 0, 'Chests in Elwynn Forest'),
(@CGUID+157, @POOLID+6, 0, 'Chests in Elwynn Forest'),
(@CGUID+158, @POOLID+6, 0, 'Chests in Elwynn Forest'),
(@CGUID+159, @POOLID+6, 0, 'Chests in Elwynn Forest'),
(@CGUID+160, @POOLID+6, 0, 'Chests in Elwynn Forest'),
(@CGUID+161, @POOLID+6, 0, 'Chests in Elwynn Forest'),
(@CGUID+162, @POOLID+6, 0, 'Chests in Elwynn Forest'),
(@CGUID+163, @POOLID+6, 0, 'Chests in Elwynn Forest'),
(@CGUID+164, @POOLID+6, 0, 'Chests in Elwynn Forest'),
(@CGUID+165, @POOLID+6, 0, 'Chests in Elwynn Forest'),
(@CGUID+166, @POOLID+6, 0, 'Chests in Elwynn Forest'),
(@CGUID+167, @POOLID+6, 0, 'Chests in Elwynn Forest'),
(@CGUID+168, @POOLID+6, 0, 'Chests in Elwynn Forest'),
(@CGUID+169, @POOLID+6, 0, 'Chests in Elwynn Forest'),
(@CGUID+170, @POOLID+6, 0, 'Chests in Elwynn Forest'),
(@CGUID+171, @POOLID+6, 0, 'Chests in Elwynn Forest'),
(@CGUID+172, @POOLID+6, 0, 'Chests in Elwynn Forest'),
(@CGUID+173, @POOLID+6, 0, 'Chests in Elwynn Forest'),
(@CGUID+174, @POOLID+6, 0, 'Chests in Elwynn Forest'),
(@CGUID+175, @POOLID+6, 0, 'Chests in Elwynn Forest'),
(@CGUID+176, @POOLID+6, 0, 'Chests in Elwynn Forest'),
(@CGUID+177, @POOLID+6, 0, 'Chests in Elwynn Forest'),
(@CGUID+178, @POOLID+6, 0, 'Chests in Elwynn Forest'),
(@CGUID+179, @POOLID+6, 0, 'Chests in Elwynn Forest'),
(@CGUID+180, @POOLID+6, 0, 'Chests in Elwynn Forest'),
(@CGUID+181, @POOLID+6, 0, 'Chests in Elwynn Forest'),
(@CGUID+182, @POOLID+6, 0, 'Chests in Elwynn Forest'),
(@CGUID+183, @POOLID+6, 0, 'Chests in Elwynn Forest'),
(@CGUID+184, @POOLID+6, 0, 'Chests in Elwynn Forest'),
(@CGUID+185, @POOLID+6, 0, 'Chests in Elwynn Forest'),
(@CGUID+186, @POOLID+6, 0, 'Chests in Elwynn Forest'),
(@CGUID+187, @POOLID+6, 0, 'Chests in Elwynn Forest'),
(@CGUID+188, @POOLID+6, 0, 'Chests in Elwynn Forest'),
(@CGUID+189, @POOLID+6, 0, 'Chests in Elwynn Forest'),
(@CGUID+190, @POOLID+6, 0, 'Chests in Elwynn Forest'),
(@CGUID+191, @POOLID+6, 0, 'Chests in Elwynn Forest'),
(@CGUID+192, @POOLID+6, 0, 'Chests in Elwynn Forest'),
(@CGUID+193, @POOLID+6, 0, 'Chests in Elwynn Forest'),
(@CGUID+194, @POOLID+6, 0, 'Chests in Elwynn Forest'),
(@CGUID+992, @POOLID+6, 0, 'Chests in Elwynn Forest'),
(@CGUID+993, @POOLID+6, 0, 'Chests in Elwynn Forest');

-- Chests in Durotar
INSERT INTO `pool_template` (`entry`, `max_limit`, `description`) VALUES (@POOLID+7, 11, 'Chests in Durotar');
INSERT INTO `gameobject` (`guid`, `id`, `map`, `position_x`, `position_y`, `position_z`, `orientation`, `rotation0`, `rotation1`, `rotation2`, `rotation3`, `spawntimesecsmin`, `spawntimesecsmax`, `animprogress`, `state`) VALUES
(@CGUID+619, 106318, 1, 1106.89, -4706.9, 17.5527, 6.03884, 0, 0, -0.121869, 0.992546, 309, 909, 100, 1),
(@CGUID+620, 106318, 1, 1141.59, -4667.73, 17.8821, 0.523598, 0, 0, 0.258819, 0.965926, 309, 909, 100, 1),
(@CGUID+621, 106318, 1, 1458.29, -4683.8, 6.25522, 6.02139, 0, 0, -0.130526, 0.991445, 309, 909, 100, 1),
(@CGUID+622, 106318, 1, 852.074, -4187.02, -10.9082, 6.12611, 0, 0, -0.0784588, 0.996917, 309, 909, 100, 1),
(@CGUID+623, 106318, 1, 555.007, -4266.48, 16.5141, 4.24115, 0, 0, -0.85264, 0.522499, 309, 909, 100, 1),
(@CGUID+624, 106318, 1, 426.053, -4280.53, 29.4294, 5.20108, 0, 0, -0.515038, 0.857168, 309, 909, 100, 1),
(@CGUID+625, 106318, 1, -262.429, -5019.61, 22.1168, 4.25861, 0, 0, -0.848047, 0.529921, 309, 909, 100, 1),
(@CGUID+626, 106318, 1, 856.534, -4209.93, -11.351, 5.3058, 0, 0, -0.469471, 0.882948, 309, 909, 100, 1),
(@CGUID+627, 106318, 1, -327.539, -5266.53, -8.39004, 0.750491, 0, 0, 0.366501, 0.930418, 309, 909, 100, 1),
(@CGUID+628, 106318, 1, 6.73275, -5228.02, -13.3655, 1.309, 0, 0, 0.608761, 0.793354, 309, 909, 100, 1),
(@CGUID+629, 106318, 1, 421.9, -4252.33, 26.8041, 2.51327, 0, 0, 0.951056, 0.309017, 309, 909, 100, 1),
(@CGUID+630, 106318, 1, 116.43, -4557.85, 59.7943, 3.42085, 0, 0, -0.990268, 0.139175, 309, 909, 100, 1),
(@CGUID+631, 106318, 1, -1128.24, -5508.42, 6.31908, 1.5708, 0, 0, 0.707107, 0.707107, 309, 909, 100, 1),
(@CGUID+632, 106318, 1, -264.111, -5131.67, 24.3416, 2.32129, 0, 0, 0.91706, 0.39875, 309, 909, 100, 1),
(@CGUID+633, 106318, 1, 1485.68, -4739.93, -4.47406, 0.104719, 0, 0, 0.0523357, 0.99863, 309, 909, 100, 1),
(@CGUID+634, 106318, 1, 1546.7, -4750.5, 14.4975, 2.35619, 0, 0, 0.92388, 0.382683, 309, 909, 100, 1),
(@CGUID+635, 106318, 1, -1039.7, -4589.81, 25.8219, 0.209439, 0, 0, 0.104528, 0.994522, 309, 909, 100, 1),
(@CGUID+636, 106318, 1, 440.375, -4213.46, 25.2133, 4.53786, 0, 0, -0.766044, 0.642789, 309, 909, 100, 1),
(@CGUID+637, 106318, 1, 1428.39, -4682.05, -0.566509, 0.418879, 0, 0, 0.207911, 0.978148, 309, 909, 100, 1),
(@CGUID+638, 106318, 1, -63.7777, -5372.09, -17.8134, 3.89209, 0, 0, -0.930417, 0.366502, 309, 909, 100, 1),
(@CGUID+639, 106318, 1, 19.8772, -4274.1, 72.5779, 1.58825, 0, 0, 0.71325, 0.70091, 309, 909, 100, 1),
(@CGUID+640, 106318, 1, 734.211, -4121.82, -9.89963, 3.29869, 0, 0, -0.996917, 0.0784664, 309, 909, 100, 1),
(@CGUID+641, 106318, 1, 95.2441, -4554.32, 55.1671, 4.25861, 0, 0, -0.848047, 0.529921, 309, 909, 100, 1),
(@CGUID+642, 106318, 1, 1442.9, -4722.87, -16.5671, 5.42797, 0, 0, -0.414693, 0.909961, 309, 909, 100, 1),
(@CGUID+643, 106318, 1, 896.122, -4646.7, 18.3639, 2.19911, 0, 0, 0.891006, 0.453991, 309, 909, 100, 1),
(@CGUID+644, 106318, 1, 51.3314, -4452.3, 48.4894, 0.331611, 0, 0, 0.165047, 0.986286, 309, 909, 100, 1),
(@CGUID+645, 106318, 1, -159.58, -5246.65, -4.271, 4.04917, 0, 0, -0.898793, 0.438373, 309, 909, 100, 1),
(@CGUID+646, 106318, 1, 908.547, -4754.28, 18.7004, 2.32129, 0, 0, 0.91706, 0.39875, 309, 909, 100, 1),
(@CGUID+647, 106318, 1, 1488.48, -4752.36, 21.0269, 1.3439, 0, 0, 0.622514, 0.782609, 309, 909, 100, 1),
(@CGUID+648, 106318, 1, 1476.12, -4745.69, 12.1913, 4.43314, 0, 0, -0.798635, 0.601815, 309, 909, 100, 1),
(@CGUID+649, 106318, 1, 811.543, -4806.71, 11.0355, 0.733038, 0, 0, 0.358368, 0.93358, 309, 909, 100, 1),
(@CGUID+650, 106318, 1, 952.369, -4586.2, 19.6132, 4.86947, 0, 0, -0.649447, 0.760406, 309, 909, 100, 1),
(@CGUID+651, 106318, 1, 1027.07, -4821.19, 15.2047, 2.47837, 0, 0, 0.945518, 0.325568, 309, 909, 100, 1),
(@CGUID+652, 106318, 1, 975.26, -4667.09, 27.3499, 0.90757, 0, 0, 0.438371, 0.898794, 309, 909, 100, 1),
(@CGUID+653, 106318, 1, -173.708, -5116.12, 22.1168, 0.837757, 0, 0, 0.406736, 0.913546, 309, 909, 100, 1),
(@CGUID+654, 106318, 1, -88.3689, -4047.04, 64.706, 5.53269, 0, 0, -0.366501, 0.930418, 309, 909, 100, 1),
(@CGUID+655, 106318, 1, 877.265, -4738.9, 30.0118, 4.10153, 0, 0, -0.887011, 0.461749, 309, 909, 100, 1),
(@CGUID+656, 106318, 1, 960.046, -4777.73, 22.268, 2.02458, 0, 0, 0.848047, 0.529921, 309, 909, 100, 1),
(@CGUID+657, 106318, 1, 1068.7, -4671.96, 13.7875, 5.89921, 0, 0, -0.190808, 0.981627, 309, 909, 100, 1),
(@CGUID+658, 106318, 1, 962.886, -4295.42, -6.3294, 1.43117, 0, 0, 0.656058, 0.75471, 309, 909, 100, 1),
(@CGUID+659, 106318, 1, -238.197, -5110, 41.3468, 2.9496, 0, 0, 0.995396, 0.0958512, 309, 909, 100, 1),
(@CGUID+1031, 106318, 1, -1246.56, -5511.22, 5.81966, 2.44346, 0, 0, 0.939692, 0.34202, 309, 909, 100, 1),
(@CGUID+1032, 106318, 1, 323.345, -5261.72, -17.6114, 0.157079, 0, 0, 0.0784588, 0.996917, 309, 909, 100, 1),
(@CGUID+1033, 106318, 1, -194.72, -5306, -6.54705, 5.16618, 0, 0, -0.529919, 0.848048, 309, 909, 100, 1),
(@CGUID+1034, 106318, 1, 32.9945, -4298.72, 69.4004, 1.58825, 0, 0, 0.71325, 0.70091, 309, 909, 100, 1),
(@CGUID+1035, 106318, 1, -910.262, -4487.81, 29.7062, 4.17134, 0, 0, -0.870356, 0.492424, 309, 909, 100, 1),
(@CGUID+1036, 106318, 1, 633.847, -4487.7, 11.8494, 0.680677, 0, 0, 0.333806, 0.942642, 309, 909, 100, 1);
INSERT INTO `pool_gameobject` (`guid`, `pool_entry`, `chance`, `description`) VALUES
(@CGUID+619, @POOLID+7, 0, 'Chests in Durotar'),
(@CGUID+620, @POOLID+7, 0, 'Chests in Durotar'),
(@CGUID+621, @POOLID+7, 0, 'Chests in Durotar'),
(@CGUID+622, @POOLID+7, 0, 'Chests in Durotar'),
(@CGUID+623, @POOLID+7, 0, 'Chests in Durotar'),
(@CGUID+624, @POOLID+7, 0, 'Chests in Durotar'),
(@CGUID+625, @POOLID+7, 0, 'Chests in Durotar'),
(@CGUID+626, @POOLID+7, 0, 'Chests in Durotar'),
(@CGUID+627, @POOLID+7, 0, 'Chests in Durotar'),
(@CGUID+628, @POOLID+7, 0, 'Chests in Durotar'),
(@CGUID+629, @POOLID+7, 0, 'Chests in Durotar'),
(@CGUID+630, @POOLID+7, 0, 'Chests in Durotar'),
(@CGUID+631, @POOLID+7, 0, 'Chests in Durotar'),
(@CGUID+632, @POOLID+7, 0, 'Chests in Durotar'),
(@CGUID+633, @POOLID+7, 0, 'Chests in Durotar'),
(@CGUID+634, @POOLID+7, 0, 'Chests in Durotar'),
(@CGUID+635, @POOLID+7, 0, 'Chests in Durotar'),
(@CGUID+636, @POOLID+7, 0, 'Chests in Durotar'),
(@CGUID+637, @POOLID+7, 0, 'Chests in Durotar'),
(@CGUID+638, @POOLID+7, 0, 'Chests in Durotar'),
(@CGUID+639, @POOLID+7, 0, 'Chests in Durotar'),
(@CGUID+640, @POOLID+7, 0, 'Chests in Durotar'),
(@CGUID+641, @POOLID+7, 0, 'Chests in Durotar'),
(@CGUID+642, @POOLID+7, 0, 'Chests in Durotar'),
(@CGUID+643, @POOLID+7, 0, 'Chests in Durotar'),
(@CGUID+644, @POOLID+7, 0, 'Chests in Durotar'),
(@CGUID+645, @POOLID+7, 0, 'Chests in Durotar'),
(@CGUID+646, @POOLID+7, 0, 'Chests in Durotar'),
(@CGUID+647, @POOLID+7, 0, 'Chests in Durotar'),
(@CGUID+648, @POOLID+7, 0, 'Chests in Durotar'),
(@CGUID+649, @POOLID+7, 0, 'Chests in Durotar'),
(@CGUID+650, @POOLID+7, 0, 'Chests in Durotar'),
(@CGUID+651, @POOLID+7, 0, 'Chests in Durotar'),
(@CGUID+652, @POOLID+7, 0, 'Chests in Durotar'),
(@CGUID+653, @POOLID+7, 0, 'Chests in Durotar'),
(@CGUID+654, @POOLID+7, 0, 'Chests in Durotar'),
(@CGUID+655, @POOLID+7, 0, 'Chests in Durotar'),
(@CGUID+656, @POOLID+7, 0, 'Chests in Durotar'),
(@CGUID+657, @POOLID+7, 0, 'Chests in Durotar'),
(@CGUID+658, @POOLID+7, 0, 'Chests in Durotar'),
(@CGUID+659, @POOLID+7, 0, 'Chests in Durotar'),
(@CGUID+1031, @POOLID+7, 0, 'Chests in Durotar'),
(@CGUID+1032, @POOLID+7, 0, 'Chests in Durotar'),
(@CGUID+1033, @POOLID+7, 0, 'Chests in Durotar'),
(@CGUID+1034, @POOLID+7, 0, 'Chests in Durotar'),
(@CGUID+1035, @POOLID+7, 0, 'Chests in Durotar'),
(@CGUID+1036, @POOLID+7, 0, 'Chests in Durotar');

-- Chests in Dustwallow Marsh
INSERT INTO `pool_template` (`entry`, `max_limit`, `description`) VALUES (@POOLID+8, 6, 'Chests in Dustwallow Marsh');
INSERT INTO `gameobject` (`guid`, `id`, `map`, `position_x`, `position_y`, `position_z`, `orientation`, `rotation0`, `rotation1`, `rotation2`, `rotation3`, `spawntimesecsmin`, `spawntimesecsmax`, `animprogress`, `state`) VALUES
(@CGUID+660, 2857, 1, -2285.46, -4294.51, 3.47067, 1.88495, 0, 0, 0.809016, 0.587786, 7200, 7200, 100, 1),
(@CGUID+661, 2857, 1, -2609.92, -4002.35, 4.1186, 0.0523589, 0, 0, 0.0261765, 0.999657, 7200, 7200, 100, 1),
(@CGUID+662, 2857, 1, -2974.57, -4357.69, 8.98935, 3.54302, 0, 0, -0.979924, 0.19937, 7200, 7200, 100, 1),
(@CGUID+663, 2857, 1, -2817.19, -2582.32, 33.2436, 5.79449, 0, 0, -0.241921, 0.970296, 7200, 7200, 100, 1),
(@CGUID+664, 2857, 1, -2786.21, -2625.32, 33.336, 2.79252, 0, 0, 0.984807, 0.173652, 7200, 7200, 100, 1),
(@CGUID+665, 2857, 1, -2668.7, -4211.17, 0.174256, 3.01941, 0, 0, 0.998135, 0.0610518, 7200, 7200, 100, 1),
(@CGUID+666, 2857, 1, -2562.67, -3982.02, 8.77391, 1.41372, 0, 0, 0.649447, 0.760406, 7200, 7200, 100, 1),
(@CGUID+667, 2857, 1, -2372.9, -4076.46, 6.72439, 4.11898, 0, 0, -0.882947, 0.469473, 7200, 7200, 100, 1),
(@CGUID+668, 2857, 1, -2757.04, -2596.21, 28.899, 5.81195, 0, 0, -0.233445, 0.97237, 7200, 7200, 100, 1),
(@CGUID+669, 2857, 1, -2699.24, -4286.74, 5.33991, 0.610863, 0, 0, 0.300705, 0.953717, 7200, 7200, 100, 1),
(@CGUID+670, 2857, 1, -2987.63, -4292.42, 0.062737, 6.10865, 0, 0, -0.0871553, 0.996195, 7200, 7200, 100, 1),
(@CGUID+671, 2857, 1, -2500.75, -4019.59, -7.28127, 4.38078, 0, 0, -0.814116, 0.580703, 7200, 7200, 100, 1),
(@CGUID+672, 4149, 1, -4399.68, -2954.71, 27.334, 1.15192, 0, 0, 0.544639, 0.838671, 7200, 7200, 100, 1),
(@CGUID+673, 4149, 1, -4294.95, -3006.75, 34.6152, 1.29154, 0, 0, 0.601814, 0.798636, 7200, 7200, 100, 1),
(@CGUID+674, 4149, 1, -4323.05, -3337.13, 35.764, 1.85005, 0, 0, 0.798635, 0.601815, 7200, 7200, 100, 1),
(@CGUID+675, 4149, 1, -4446.37, -4121.62, -5.0326, 4.97419, 0, 0, -0.608761, 0.793354, 7200, 7200, 100, 1),
(@CGUID+676, 4149, 1, -4246.86, -3914.45, -10.1359, 4.93928, 0, 0, -0.622514, 0.782609, 7200, 7200, 100, 1),
(@CGUID+677, 4149, 1, -4306.4, -3289.77, 35.3826, 3.6652, 0, 0, -0.965925, 0.258821, 7200, 7200, 100, 1),
(@CGUID+678, 4149, 1, -4470.82, -2962.09, 26.4969, 5.37562, 0, 0, -0.438371, 0.898794, 7200, 7200, 100, 1),
(@CGUID+679, 4149, 1, -4232.95, -3921.11, -15.8423, 5.91667, 0, 0, -0.182235, 0.983255, 7200, 7200, 100, 1),
(@CGUID+680, 4149, 1, -4223.75, -3891.03, -8.22799, 1.09956, 0, 0, 0.522498, 0.85264, 7200, 7200, 100, 1),
(@CGUID+681, 4149, 1, -4606.16, -3779.07, 34.7463, 3.14159, 0, 0, -1, 0, 7200, 7200, 100, 1),
(@CGUID+682, 4149, 1, -3651.22, -4063.5, -17.7203, 2.79252, 0, 0, 0.984807, 0.173652, 7200, 7200, 100, 1),
(@CGUID+683, 4149, 1, -3633.96, -4060.18, -5.87566, 2.02458, 0, 0, 0.848047, 0.529921, 7200, 7200, 100, 1),
(@CGUID+1037, 2857, 1, -2807.37, -2744.74, 35.7617, 5.09636, 0, 0, -0.559193, 0.829038, 7200, 7200, 100, 1),
(@CGUID+1038, 4149, 1, -4269.59, -3892.14, -6.99016, 2.42601, 0, 0, 0.936672, 0.350207, 7200, 7200, 100, 1),
(@CGUID+1039, 4149, 1, -4374.53, -3330.37, 34.8726, 0.139624, 0, 0, 0.0697556, 0.997564, 7200, 7200, 100, 1);
INSERT INTO `pool_gameobject` (`guid`, `pool_entry`, `chance`, `description`) VALUES
(@CGUID+660, @POOLID+8, 0, 'Chests in Dustwallow Marsh'),
(@CGUID+661, @POOLID+8, 0, 'Chests in Dustwallow Marsh'),
(@CGUID+662, @POOLID+8, 0, 'Chests in Dustwallow Marsh'),
(@CGUID+663, @POOLID+8, 0, 'Chests in Dustwallow Marsh'),
(@CGUID+664, @POOLID+8, 0, 'Chests in Dustwallow Marsh'),
(@CGUID+665, @POOLID+8, 0, 'Chests in Dustwallow Marsh'),
(@CGUID+666, @POOLID+8, 0, 'Chests in Dustwallow Marsh'),
(@CGUID+667, @POOLID+8, 0, 'Chests in Dustwallow Marsh'),
(@CGUID+668, @POOLID+8, 0, 'Chests in Dustwallow Marsh'),
(@CGUID+669, @POOLID+8, 0, 'Chests in Dustwallow Marsh'),
(@CGUID+670, @POOLID+8, 0, 'Chests in Dustwallow Marsh'),
(@CGUID+671, @POOLID+8, 0, 'Chests in Dustwallow Marsh'),
(@CGUID+672, @POOLID+8, 0, 'Chests in Dustwallow Marsh'),
(@CGUID+673, @POOLID+8, 0, 'Chests in Dustwallow Marsh'),
(@CGUID+674, @POOLID+8, 0, 'Chests in Dustwallow Marsh'),
(@CGUID+675, @POOLID+8, 0, 'Chests in Dustwallow Marsh'),
(@CGUID+676, @POOLID+8, 0, 'Chests in Dustwallow Marsh'),
(@CGUID+677, @POOLID+8, 0, 'Chests in Dustwallow Marsh'),
(@CGUID+678, @POOLID+8, 0, 'Chests in Dustwallow Marsh'),
(@CGUID+679, @POOLID+8, 0, 'Chests in Dustwallow Marsh'),
(@CGUID+680, @POOLID+8, 0, 'Chests in Dustwallow Marsh'),
(@CGUID+681, @POOLID+8, 0, 'Chests in Dustwallow Marsh'),
(@CGUID+682, @POOLID+8, 0, 'Chests in Dustwallow Marsh'),
(@CGUID+683, @POOLID+8, 0, 'Chests in Dustwallow Marsh'),
(@CGUID+1037, @POOLID+8, 0, 'Chests in Dustwallow Marsh'),
(@CGUID+1038, @POOLID+8, 0, 'Chests in Dustwallow Marsh'),
(@CGUID+1039, @POOLID+8, 0, 'Chests in Dustwallow Marsh');

-- Chests in Azshara
INSERT INTO `pool_template` (`entry`, `max_limit`, `description`) VALUES (@POOLID+9, 7, 'Chests in Azshara');
INSERT INTO `gameobject` (`guid`, `id`, `map`, `position_x`, `position_y`, `position_z`, `orientation`, `rotation0`, `rotation1`, `rotation2`, `rotation3`, `spawntimesecsmin`, `spawntimesecsmax`, `animprogress`, `state`) VALUES
(@CGUID+684, 153451, 1, 4129.42, -5078.69, 144.178, 3.26377, 0, 0, -0.998135, 0.0610518, 7200, 7200, 100, 1),
(@CGUID+685, 153451, 1, 3969.52, -5034.33, 136.582, 1.95477, 0, 0, 0.829038, 0.559193, 7200, 7200, 100, 1),
(@CGUID+686, 153451, 1, 3549.59, -4760.24, 110.663, 0.698131, 0, 0, 0.34202, 0.939693, 7200, 7200, 100, 1),
(@CGUID+687, 153451, 1, 3231.76, -4316.57, 131.014, 2.54818, 0, 0, 0.956305, 0.292372, 7200, 7200, 100, 1),
(@CGUID+688, 153451, 1, 3810.42, -4919.1, 146.871, 2.05949, 0, 0, 0.857167, 0.515038, 7200, 7200, 100, 1),
(@CGUID+689, 153451, 1, 3264.44, -4590.36, 98.1213, 6.02139, 0, 0, -0.130526, 0.991445, 7200, 7200, 100, 1),
(@CGUID+690, 153451, 1, 2869.88, -4038.23, 142.5, 0.122173, 0, 0, 0.0610485, 0.998135, 7200, 7200, 100, 1),
(@CGUID+691, 153451, 1, 3653.14, -5367.08, 111.546, 2.47837, 0, 0, 0.945518, 0.325568, 7200, 7200, 100, 1),
(@CGUID+692, 153451, 1, 3600, -4900.19, 125.4, 4.67748, 0, 0, -0.719339, 0.694659, 7200, 7200, 100, 1),
(@CGUID+693, 153451, 1, 3328.43, -5143.73, 87.2847, 4.41568, 0, 0, -0.803857, 0.594823, 7200, 7200, 100, 1),
(@CGUID+694, 153451, 1, 3570.11, -5089.52, 84.794, 3.82227, 0, 0, -0.942641, 0.333808, 7200, 7200, 100, 1),
(@CGUID+695, 153451, 1, 3725.06, -5226.18, 85.9103, 1.0472, 0, 0, 0.5, 0.866025, 7200, 7200, 100, 1),
(@CGUID+696, 153451, 1, 3448.36, -4623.76, 103.711, 2.26893, 0, 0, 0.906307, 0.422619, 7200, 7200, 100, 1),
(@CGUID+697, 153451, 1, 3011.3, -4169.73, 101.559, 1.5708, 0, 0, 0.707107, 0.707107, 7200, 7200, 100, 1),
(@CGUID+698, 153453, 1, 2175.34, -6428.31, 7.65115, 5.32326, 0, 0, -0.461748, 0.887011, 259200, 259200, 100, 1),
(@CGUID+699, 153453, 1, 4301.38, -7222.64, 24.7146, 1.27409, 0, 0, 0.594822, 0.803857, 259200, 259200, 100, 1),
(@CGUID+700, 153453, 1, 4495.38, -6402.13, 126.72, 5.51524, 0, 0, -0.374606, 0.927184, 259200, 259200, 100, 1),
(@CGUID+701, 153453, 1, 2754.88, -5400.19, 116.273, 5.81195, 0, 0, -0.233445, 0.97237, 259200, 259200, 100, 1),
(@CGUID+702, 153453, 1, 4376.94, -6132.56, 122.385, 1.8675, 0, 0, 0.803857, 0.594823, 259200, 259200, 100, 1),
(@CGUID+703, 153453, 1, 4703.36, -5873.57, 110.646, 2.74016, 0, 0, 0.979924, 0.19937, 259200, 259200, 100, 1),
(@CGUID+704, 153453, 1, 4459.83, -5529.17, 109.138, 4.57276, 0, 0, -0.754709, 0.656059, 259200, 259200, 100, 1),
(@CGUID+705, 153453, 1, 4654.68, -5378.01, 107.964, 3.89209, 0, 0, -0.930417, 0.366502, 259200, 259200, 100, 1),
(@CGUID+706, 153453, 1, 2316.16, -6893.69, 123.094, 3.05433, 0, 0, 0.999048, 0.0436193, 259200, 259200, 100, 1),
(@CGUID+707, 153453, 1, 3137.52, -5671.9, 34.3905, 4.55531, 0, 0, -0.760406, 0.649449, 259200, 259200, 100, 1),
(@CGUID+708, 153453, 1, 2957.74, -6046.32, -0.102492, 5.13127, 0, 0, -0.544639, 0.838671, 259200, 259200, 100, 1),
(@CGUID+709, 153453, 1, 3790.53, -7157.24, 26.4807, 3.63029, 0, 0, -0.970295, 0.241925, 259200, 259200, 100, 1),
(@CGUID+1040, 153453, 1, 4322.74, -5726.07, 100.923, 1.71042, 0, 0, 0.754709, 0.656059, 259200, 259200, 100, 1),
(@CGUID+1041, 153453, 1, 4602.21, -5580.33, 97.3959, 2.32129, 0, 0, 0.91706, 0.39875, 259200, 259200, 100, 1);
INSERT INTO `pool_gameobject` (`guid`, `pool_entry`, `chance`, `description`) VALUES
(@CGUID+684, @POOLID+9, 0, 'Chests in Azshara'),
(@CGUID+685, @POOLID+9, 0, 'Chests in Azshara'),
(@CGUID+686, @POOLID+9, 0, 'Chests in Azshara'),
(@CGUID+687, @POOLID+9, 0, 'Chests in Azshara'),
(@CGUID+688, @POOLID+9, 0, 'Chests in Azshara'),
(@CGUID+689, @POOLID+9, 0, 'Chests in Azshara'),
(@CGUID+690, @POOLID+9, 0, 'Chests in Azshara'),
(@CGUID+691, @POOLID+9, 0, 'Chests in Azshara'),
(@CGUID+692, @POOLID+9, 0, 'Chests in Azshara'),
(@CGUID+693, @POOLID+9, 0, 'Chests in Azshara'),
(@CGUID+694, @POOLID+9, 0, 'Chests in Azshara'),
(@CGUID+695, @POOLID+9, 0, 'Chests in Azshara'),
(@CGUID+696, @POOLID+9, 0, 'Chests in Azshara'),
(@CGUID+697, @POOLID+9, 0, 'Chests in Azshara'),
(@CGUID+698, @POOLID+9, 0, 'Chests in Azshara'),
(@CGUID+699, @POOLID+9, 0, 'Chests in Azshara'),
(@CGUID+700, @POOLID+9, 0, 'Chests in Azshara'),
(@CGUID+701, @POOLID+9, 0, 'Chests in Azshara'),
(@CGUID+702, @POOLID+9, 0, 'Chests in Azshara'),
(@CGUID+703, @POOLID+9, 0, 'Chests in Azshara'),
(@CGUID+704, @POOLID+9, 0, 'Chests in Azshara'),
(@CGUID+705, @POOLID+9, 0, 'Chests in Azshara'),
(@CGUID+706, @POOLID+9, 0, 'Chests in Azshara'),
(@CGUID+707, @POOLID+9, 0, 'Chests in Azshara'),
(@CGUID+708, @POOLID+9, 0, 'Chests in Azshara'),
(@CGUID+709, @POOLID+9, 0, 'Chests in Azshara'),
(@CGUID+1040, @POOLID+9, 0, 'Chests in Azshara'),
(@CGUID+1041, @POOLID+9, 0, 'Chests in Azshara');

-- Chests in The Barrens
INSERT INTO `pool_template` (`entry`, `max_limit`, `description`) VALUES (@POOLID+10, 14, 'Chests in The Barrens');
INSERT INTO `gameobject` (`guid`, `id`, `map`, `position_x`, `position_y`, `position_z`, `orientation`, `rotation0`, `rotation1`, `rotation2`, `rotation3`, `spawntimesecsmin`, `spawntimesecsmax`, `animprogress`, `state`) VALUES
(@CGUID+710, 2849, 1, -1914.21, -1760.61, 91.6692, 1.91986, 0, 0, 0.819152, 0.573577, 7200, 7200, 100, 1),
(@CGUID+711, 2849, 1, -1855.86, -1936.17, 92.8053, 3.4383, 0, 0, -0.989016, 0.147811, 7200, 7200, 100, 1),
(@CGUID+712, 2849, 1, -2035.27, -2811.45, 91.6679, 6.03884, 0, 0, -0.121869, 0.992546, 7200, 7200, 100, 1),
(@CGUID+713, 2849, 1, -2030.24, -1970.71, 91.6668, 0.383971, 0, 0, 0.190808, 0.981627, 7200, 7200, 100, 1),
(@CGUID+714, 2849, 1, -2009.46, -2134.78, 91.6725, 0.314158, 0, 0, 0.156434, 0.987688, 7200, 7200, 100, 1),
(@CGUID+715, 2849, 1, 1261.75, -3627.31, 90.3795, 6.19592, 0, 0, -0.0436192, 0.999048, 7200, 7200, 100, 1),
(@CGUID+716, 2849, 1, -2095.67, -2576.15, 91.7422, 4.99164, 0, 0, -0.601814, 0.798636, 7200, 7200, 100, 1),
(@CGUID+717, 2849, 1, -2058.91, -1965.91, 91.6667, 0.139624, 0, 0, 0.0697556, 0.997564, 7200, 7200, 100, 1),
(@CGUID+718, 2849, 1, -2270.67, -2549.13, 91.8283, 2.9496, 0, 0, 0.995396, 0.0958512, 7200, 7200, 100, 1),
(@CGUID+719, 2849, 1, -1921.44, -2706.81, 92.7856, 2.00713, 0, 0, 0.843391, 0.5373, 7200, 7200, 100, 1),
(@CGUID+720, 2849, 1, -2109.41, -1719.49, 91.7509, 2.9496, 0, 0, 0.995396, 0.0958512, 7200, 7200, 100, 1),
(@CGUID+721, 2849, 1, 532.814, -1432.29, 91.6667, 4.95674, 0, 0, -0.615661, 0.788011, 7200, 7200, 100, 1),
(@CGUID+722, 2849, 1, 1427.23, -3411.86, 91.7705, 1.37881, 0, 0, 0.636078, 0.771625, 7200, 7200, 100, 1),
(@CGUID+723, 2849, 1, 731, -1265.59, 91.6732, 4.39823, 0, 0, -0.809016, 0.587786, 7200, 7200, 100, 1),
(@CGUID+724, 2850, 1, -3908.19, -1627.89, 91.6667, 3.21142, 0, 0, -0.999391, 0.0349061, 7200, 7200, 100, 1),
(@CGUID+725, 2850, 1, -3701.39, -1594.65, 93.0112, 1.25664, 0, 0, 0.587785, 0.809017, 7200, 7200, 100, 1),
(@CGUID+726, 2850, 1, -4010.15, -1747.43, 97.6985, 0.191985, 0, 0, 0.0958452, 0.995396, 7200, 7200, 100, 1),
(@CGUID+727, 2850, 1, -3984.97, -1867.27, 92.1764, 1.41372, 0, 0, 0.649447, 0.760406, 7200, 7200, 100, 1),
(@CGUID+728, 3714, 1, -4040.54, -2384.23, 125.298, 1.95477, 0, 0, 0.829038, 0.559193, 7200, 7200, 100, 1),
(@CGUID+729, 3715, 1, -4065.35, -2417.5, 126.133, 3.57793, 0, 0, -0.976295, 0.216442, 7200, 7200, 100, 1),
(@CGUID+730, 3715, 1, -4113.86, -2302.24, 126.262, 5.61996, 0, 0, -0.325567, 0.945519, 7200, 7200, 100, 1),
(@CGUID+731, 106319, 1, -245.361, -3332.41, 92.4171, 4.08407, 0, 0, -0.891006, 0.453991, 7200, 7200, 100, 1),
(@CGUID+732, 106319, 1, 398.093, -2228.92, 184.599, 1.53589, 0, 0, 0.694658, 0.71934, 7200, 7200, 100, 1),
(@CGUID+733, 106319, 1, -1505.74, -3811.72, 23.4231, 5.65487, 0, 0, -0.309016, 0.951057, 7200, 7200, 100, 1),
(@CGUID+734, 106319, 1, 72.5329, -2089.05, 91.696, 1.11701, 0, 0, 0.529919, 0.848048, 7200, 7200, 100, 1),
(@CGUID+735, 106319, 1, -34.6418, -3368.58, 91.6865, 3.50812, 0, 0, -0.983254, 0.182238, 7200, 7200, 100, 1),
(@CGUID+736, 106319, 1, -175.803, -1799.15, 91.6667, 6.0912, 0, 0, -0.0958452, 0.995396, 7200, 7200, 100, 1),
(@CGUID+737, 106319, 1, -1385.64, -2732.88, 91.6845, 4.03171, 0, 0, -0.902585, 0.430512, 7200, 7200, 100, 1),
(@CGUID+738, 106319, 1, 1021.24, -3091.91, 91.7103, 2.61799, 0, 0, 0.965925, 0.258821, 7200, 7200, 100, 1),
(@CGUID+739, 106319, 1, -1741.15, -3736.25, 13.252, 1.46608, 0, 0, 0.66913, 0.743145, 7200, 7200, 100, 1),
(@CGUID+740, 106319, 1, 1019.25, -3119.55, 80.7686, 2.09439, 0, 0, 0.866025, 0.500001, 7200, 7200, 100, 1),
(@CGUID+741, 106319, 1, 181.441, -1802.15, 93.0024, 4.81711, 0, 0, -0.66913, 0.743145, 7200, 7200, 100, 1),
(@CGUID+742, 106319, 1, 892.032, -2694.98, 100.275, 3.26377, 0, 0, -0.998135, 0.0610518, 7200, 7200, 100, 1),
(@CGUID+743, 106319, 1, -1581.39, -3894.96, 13.6611, 0.994837, 0, 0, 0.477159, 0.878817, 7200, 7200, 100, 1),
(@CGUID+744, 106319, 1, 533.871, -2135.81, 92.5965, 2.80998, 0, 0, 0.986285, 0.16505, 7200, 7200, 100, 1),
(@CGUID+745, 106319, 1, -1051.13, -2027.63, 64.2893, 0.977383, 0, 0, 0.469471, 0.882948, 7200, 7200, 100, 1),
(@CGUID+746, 106319, 1, 830.272, -2692.9, 91.6667, 2.40855, 0, 0, 0.93358, 0.358368, 7200, 7200, 100, 1),
(@CGUID+747, 106319, 1, -1010.49, -2335.26, 91.6865, 1.44862, 0, 0, 0.66262, 0.748956, 7200, 7200, 100, 1),
(@CGUID+748, 106319, 1, -1123.9, -2786.77, 91.6816, 0.0698117, 0, 0, 0.0348988, 0.999391, 7200, 7200, 100, 1),
(@CGUID+749, 106319, 1, -52.4683, -1644.27, 91.6667, 0, 0, 0, 0, 1, 7200, 7200, 100, 1),
(@CGUID+750, 106319, 1, -1485.27, -3045.18, 91.6731, 1.58825, 0, 0, 0.71325, 0.70091, 7200, 7200, 100, 1),
(@CGUID+751, 106319, 1, -1296.6, -2839.76, 93.7541, 0.872664, 0, 0, 0.422618, 0.906308, 7200, 7200, 100, 1),
(@CGUID+752, 106319, 1, -939.645, -2053.58, 68.0585, 3.4383, 0, 0, -0.989016, 0.147811, 7200, 7200, 100, 1),
(@CGUID+753, 106319, 1, -1173.46, -3163.7, 91.6667, 0.244346, 0, 0, 0.121869, 0.992546, 7200, 7200, 100, 1),
(@CGUID+754, 106319, 1, -1710.46, -3836.71, 11.2646, 0.558504, 0, 0, 0.275637, 0.961262, 7200, 7200, 100, 1),
(@CGUID+755, 111095, 1, -2214.52, -3689.79, 93.4471, 5.49779, 0, 0, -0.382683, 0.92388, 7200, 7200, 100, 1),
(@CGUID+756, 111095, 1, -2009.53, -3600.92, 21.7593, 3.56047, 0, 0, -0.978148, 0.207912, 7200, 7200, 100, 1),
(@CGUID+757, 111095, 1, -2101.53, -3646.35, 61.716, 0.0523589, 0, 0, 0.0261765, 0.999657, 7200, 7200, 100, 1),
(@CGUID+1042, 2849, 1, 813.205, -1350.83, 91.8763, 3.07177, 0, 0, 0.999391, 0.0349061, 7200, 7200, 100, 1),
(@CGUID+1043, 2849, 1, 508.974, -1187.51, 91.6904, 4.85202, 0, 0, -0.656058, 0.75471, 7200, 7200, 100, 1),
(@CGUID+1044, 2849, 1, 1333.68, -3460.61, 95.1936, 5.55015, 0, 0, -0.358368, 0.93358, 7200, 7200, 100, 1),
(@CGUID+1045, 2849, 1, -1648.73, -1760.79, 91.6667, 2.3911, 0, 0, 0.930417, 0.366502, 7200, 7200, 100, 1),
(@CGUID+1046, 2849, 1, 1333.15, -3657.51, 92.0099, 3.54302, 0, 0, -0.979924, 0.19937, 7200, 7200, 100, 1),
(@CGUID+1047, 106319, 1, 389.084, -2100.03, 132.591, 5.8294, 0, 0, -0.224951, 0.97437, 7200, 7200, 100, 1),
(@CGUID+1048, 106319, 1, -107.399, -3149.33, 91.9155, 1.32645, 0, 0, 0.615661, 0.788011, 7200, 7200, 100, 1),
(@CGUID+1049, 106319, 1, 292.833, -2205.03, 212.977, 1.02974, 0, 0, 0.492423, 0.870356, 7200, 7200, 100, 1),
(@CGUID+1050, 106319, 1, 260.827, -1946.79, 91.7891, 2.9496, 0, 0, 0.995396, 0.0958512, 7200, 7200, 100, 1),
(@CGUID+1051, 106319, 1, -1551.07, -2904.18, 91.6667, 0.0349062, 0, 0, 0.0174522, 0.999848, 7200, 7200, 100, 1);
INSERT INTO `pool_gameobject` (`guid`, `pool_entry`, `chance`, `description`) VALUES
(@CGUID+710, @POOLID+10, 0, 'Chests in The Barrens'),
(@CGUID+711, @POOLID+10, 0, 'Chests in The Barrens'),
(@CGUID+712, @POOLID+10, 0, 'Chests in The Barrens'),
(@CGUID+713, @POOLID+10, 0, 'Chests in The Barrens'),
(@CGUID+714, @POOLID+10, 0, 'Chests in The Barrens'),
(@CGUID+715, @POOLID+10, 0, 'Chests in The Barrens'),
(@CGUID+716, @POOLID+10, 0, 'Chests in The Barrens'),
(@CGUID+717, @POOLID+10, 0, 'Chests in The Barrens'),
(@CGUID+718, @POOLID+10, 0, 'Chests in The Barrens'),
(@CGUID+719, @POOLID+10, 0, 'Chests in The Barrens'),
(@CGUID+720, @POOLID+10, 0, 'Chests in The Barrens'),
(@CGUID+721, @POOLID+10, 0, 'Chests in The Barrens'),
(@CGUID+722, @POOLID+10, 0, 'Chests in The Barrens'),
(@CGUID+723, @POOLID+10, 0, 'Chests in The Barrens'),
(@CGUID+724, @POOLID+10, 0, 'Chests in The Barrens'),
(@CGUID+725, @POOLID+10, 0, 'Chests in The Barrens'),
(@CGUID+726, @POOLID+10, 0, 'Chests in The Barrens'),
(@CGUID+727, @POOLID+10, 0, 'Chests in The Barrens'),
(@CGUID+728, @POOLID+10, 0, 'Chests in The Barrens'),
(@CGUID+729, @POOLID+10, 0, 'Chests in The Barrens'),
(@CGUID+730, @POOLID+10, 0, 'Chests in The Barrens'),
(@CGUID+731, @POOLID+10, 0, 'Chests in The Barrens'),
(@CGUID+732, @POOLID+10, 0, 'Chests in The Barrens'),
(@CGUID+733, @POOLID+10, 0, 'Chests in The Barrens'),
(@CGUID+734, @POOLID+10, 0, 'Chests in The Barrens'),
(@CGUID+735, @POOLID+10, 0, 'Chests in The Barrens'),
(@CGUID+736, @POOLID+10, 0, 'Chests in The Barrens'),
(@CGUID+737, @POOLID+10, 0, 'Chests in The Barrens'),
(@CGUID+738, @POOLID+10, 0, 'Chests in The Barrens'),
(@CGUID+739, @POOLID+10, 0, 'Chests in The Barrens'),
(@CGUID+740, @POOLID+10, 0, 'Chests in The Barrens'),
(@CGUID+741, @POOLID+10, 0, 'Chests in The Barrens'),
(@CGUID+742, @POOLID+10, 0, 'Chests in The Barrens'),
(@CGUID+743, @POOLID+10, 0, 'Chests in The Barrens'),
(@CGUID+744, @POOLID+10, 0, 'Chests in The Barrens'),
(@CGUID+745, @POOLID+10, 0, 'Chests in The Barrens'),
(@CGUID+746, @POOLID+10, 0, 'Chests in The Barrens'),
(@CGUID+747, @POOLID+10, 0, 'Chests in The Barrens'),
(@CGUID+748, @POOLID+10, 0, 'Chests in The Barrens'),
(@CGUID+749, @POOLID+10, 0, 'Chests in The Barrens'),
(@CGUID+750, @POOLID+10, 0, 'Chests in The Barrens'),
(@CGUID+751, @POOLID+10, 0, 'Chests in The Barrens'),
(@CGUID+752, @POOLID+10, 0, 'Chests in The Barrens'),
(@CGUID+753, @POOLID+10, 0, 'Chests in The Barrens'),
(@CGUID+754, @POOLID+10, 0, 'Chests in The Barrens'),
(@CGUID+755, @POOLID+10, 0, 'Chests in The Barrens'),
(@CGUID+756, @POOLID+10, 0, 'Chests in The Barrens'),
(@CGUID+757, @POOLID+10, 0, 'Chests in The Barrens'),
(@CGUID+1042, @POOLID+10, 0, 'Chests in The Barrens'),
(@CGUID+1043, @POOLID+10, 0, 'Chests in The Barrens'),
(@CGUID+1044, @POOLID+10, 0, 'Chests in The Barrens'),
(@CGUID+1045, @POOLID+10, 0, 'Chests in The Barrens'),
(@CGUID+1046, @POOLID+10, 0, 'Chests in The Barrens'),
(@CGUID+1047, @POOLID+10, 0, 'Chests in The Barrens'),
(@CGUID+1048, @POOLID+10, 0, 'Chests in The Barrens'),
(@CGUID+1049, @POOLID+10, 0, 'Chests in The Barrens'),
(@CGUID+1050, @POOLID+10, 0, 'Chests in The Barrens'),
(@CGUID+1051, @POOLID+10, 0, 'Chests in The Barrens');

-- Chests in Western Plaguelands
INSERT INTO `pool_template` (`entry`, `max_limit`, `description`) VALUES (@POOLID+11, 3, 'Chests in Western Plaguelands');
INSERT INTO `gameobject` (`guid`, `id`, `map`, `position_x`, `position_y`, `position_z`, `orientation`, `rotation0`, `rotation1`, `rotation2`, `rotation3`, `spawntimesecsmin`, `spawntimesecsmax`, `animprogress`, `state`) VALUES
(@CGUID+195, 153453, 0, 1497.01, -1522.51, 56.3196, 2.07694, 0, 0, 0.861629, 0.507539, 259200, 259200, 100, 1),
(@CGUID+196, 153453, 0, 1808.6, -1214.38, 60.3427, 3.9619, 0, 0, -0.91706, 0.39875, 259200, 259200, 100, 1),
(@CGUID+197, 153453, 0, 2704.41, -1942.55, 72.15, 3.82227, 0, 0, -0.942641, 0.333808, 259200, 259200, 100, 1),
(@CGUID+198, 153453, 0, 1276.58, -1438.97, 54.7453, 1.69297, 0, 0, 0.748956, 0.66262, 259200, 259200, 100, 1),
(@CGUID+199, 153453, 0, 1453.66, -1275.51, 68.5218, 3.17653, 0, 0, -0.999847, 0.0174693, 259200, 259200, 100, 1),
(@CGUID+200, 153453, 0, 1271.73, -1386.66, 49.8822, 3.49067, 0, 0, -0.984807, 0.173652, 259200, 259200, 100, 1),
(@CGUID+201, 153453, 0, 2389.43, -1526.34, 102.669, 1.27409, 0, 0, 0.594822, 0.803857, 259200, 259200, 100, 1),
(@CGUID+202, 153453, 0, 1877.16, -1337.25, 60.108, 3.47321, 0, 0, -0.986285, 0.16505, 259200, 259200, 100, 1),
(@CGUID+203, 153453, 0, 1459.34, -1589.07, 67.8359, 3.10665, 0, 0, 0.999847, 0.0174693, 259200, 259200, 100, 1),
(@CGUID+204, 153453, 0, 1663.49, -2362.48, 66.4362, 0.0349062, 0, 0, 0.0174522, 0.999848, 259200, 259200, 100, 1),
(@CGUID+205, 153453, 0, 1425.59, -1697.22, 69.0793, 0.820303, 0, 0, 0.398748, 0.91706, 259200, 259200, 100, 1),
(@CGUID+206, 153453, 0, 1943.14, -1619.81, 65.8298, 4.7822, 0, 0, -0.681998, 0.731354, 259200, 259200, 100, 1),
(@CGUID+207, 153453, 0, 1501.24, -1896.6, 60.9601, 2.35619, 0, 0, 0.92388, 0.382683, 259200, 259200, 100, 1),
(@CGUID+208, 153453, 0, 2199.86, -1767.21, 60.8591, 5.88176, 0, 0, -0.199368, 0.979925, 259200, 259200, 100, 1);
INSERT INTO `pool_gameobject` (`guid`, `pool_entry`, `chance`, `description`) VALUES
(@CGUID+195, @POOLID+11, 0, 'Chests in Western Plaguelands'),
(@CGUID+196, @POOLID+11, 0, 'Chests in Western Plaguelands'),
(@CGUID+197, @POOLID+11, 0, 'Chests in Western Plaguelands'),
(@CGUID+198, @POOLID+11, 0, 'Chests in Western Plaguelands'),
(@CGUID+199, @POOLID+11, 0, 'Chests in Western Plaguelands'),
(@CGUID+200, @POOLID+11, 0, 'Chests in Western Plaguelands'),
(@CGUID+201, @POOLID+11, 0, 'Chests in Western Plaguelands'),
(@CGUID+202, @POOLID+11, 0, 'Chests in Western Plaguelands'),
(@CGUID+203, @POOLID+11, 0, 'Chests in Western Plaguelands'),
(@CGUID+204, @POOLID+11, 0, 'Chests in Western Plaguelands'),
(@CGUID+205, @POOLID+11, 0, 'Chests in Western Plaguelands'),
(@CGUID+206, @POOLID+11, 0, 'Chests in Western Plaguelands'),
(@CGUID+207, @POOLID+11, 0, 'Chests in Western Plaguelands'),
(@CGUID+208, @POOLID+11, 0, 'Chests in Western Plaguelands');

-- Chests in Stranglethorn Vale
INSERT INTO `pool_template` (`entry`, `max_limit`, `description`) VALUES (@POOLID+12, 13, 'Chests in Stranglethorn Vale');
INSERT INTO `gameobject` (`guid`, `id`, `map`, `position_x`, `position_y`, `position_z`, `orientation`, `rotation0`, `rotation1`, `rotation2`, `rotation3`, `spawntimesecsmin`, `spawntimesecsmax`, `animprogress`, `state`) VALUES
(@CGUID+209, 2855, 0, -11567.4, -574.548, 28.9122, 2.42601, 0, 0, 0.936672, 0.350207, 7200, 7200, 100, 1),
(@CGUID+210, 2855, 0, -12423.7, 580.5, -104.112, 3.927, 0, 0, -0.923879, 0.382686, 7200, 7200, 100, 1),
(@CGUID+211, 2855, 0, -12223.7, 665.631, -70.0086, 4.41568, 0, 0, -0.803857, 0.594823, 7200, 7200, 100, 1),
(@CGUID+212, 2855, 0, -11706.9, 668.41, 50.5448, 4.11898, 0, 0, -0.882947, 0.469473, 7200, 7200, 100, 1),
(@CGUID+213, 2855, 0, -12012.6, 309.553, 4.12253, 1.27409, 0, 0, 0.594822, 0.803857, 7200, 7200, 100, 1),
(@CGUID+214, 2855, 0, -11828.7, 86.4582, 17.4597, 3.76991, 0, 0, -0.951056, 0.309017, 7200, 7200, 100, 1),
(@CGUID+215, 2855, 0, -11966.2, -501.725, 17.0796, 5.96903, 0, 0, -0.156434, 0.987688, 7200, 7200, 100, 1),
(@CGUID+216, 2855, 0, -11640.3, -628.344, 31.4617, 4.46804, 0, 0, -0.788011, 0.615662, 7200, 7200, 100, 1),
(@CGUID+217, 2855, 0, -11993.8, -521.213, 11.9682, 4.17134, 0, 0, -0.870356, 0.492424, 7200, 7200, 100, 1),
(@CGUID+218, 2855, 0, -12432.5, 613.969, -100.412, 3.89209, 0, 0, -0.930417, 0.366502, 7200, 7200, 100, 1),
(@CGUID+219, 2855, 0, -11584.4, -691.95, 30.9715, 3.50812, 0, 0, -0.983254, 0.182238, 7200, 7200, 100, 1),
(@CGUID+220, 2855, 0, -11949.1, -580.534, 17.0184, 4.27606, 0, 0, -0.843391, 0.5373, 7200, 7200, 100, 1),
(@CGUID+221, 2855, 0, -12148.2, 626.385, -70.0408, 2.86234, 0, 0, 0.990268, 0.139175, 7200, 7200, 100, 1),
(@CGUID+222, 2855, 0, -11596.3, -614.14, 28.3598, 5.49779, 0, 0, -0.382683, 0.92388, 7200, 7200, 100, 1),
(@CGUID+223, 2857, 0, -11535.5, 547.522, 50.7442, 1.81514, 0, 0, 0.788011, 0.615662, 7200, 7200, 100, 1),
(@CGUID+224, 2857, 0, -12182.2, -45.4263, -10.5753, 1.20428, 0, 0, 0.566406, 0.824126, 7200, 7200, 100, 1),
(@CGUID+225, 2857, 0, -11667.2, 919.916, 3.42246, 1.88495, 0, 0, 0.809016, 0.587786, 7200, 7200, 100, 1),
(@CGUID+226, 2857, 0, -11424.4, -885.586, 18.3561, 0, 0, 0, 0, 1, 7200, 7200, 100, 1),
(@CGUID+227, 2857, 0, -11401.3, -788.461, 15.1698, 3.52557, 0, 0, -0.981627, 0.190812, 7200, 7200, 100, 1),
(@CGUID+228, 2857, 0, -12140.4, -187.807, 31.6856, 2.04204, 0, 0, 0.85264, 0.522499, 7200, 7200, 100, 1),
(@CGUID+229, 2857, 0, -12872.3, -799.525, 54.5543, 0.139624, 0, 0, 0.0697556, 0.997564, 7200, 7200, 100, 1),
(@CGUID+230, 2857, 0, -12520.1, -729.142, 39.9971, 2.89725, 0, 0, 0.992546, 0.12187, 7200, 7200, 100, 1),
(@CGUID+231, 2857, 0, -11504.7, -945.71, 29.2273, 1.13446, 0, 0, 0.537299, 0.843392, 7200, 7200, 100, 1),
(@CGUID+232, 2857, 0, -11577.6, 602.514, 50.5017, 5.18363, 0, 0, -0.522498, 0.85264, 7200, 7200, 100, 1),
(@CGUID+233, 2857, 0, -12682.9, -446.287, 32.5956, 3.89209, 0, 0, -0.930417, 0.366502, 7200, 7200, 100, 1),
(@CGUID+234, 2857, 0, -12479.1, -178.103, 14.1062, 2.04204, 0, 0, 0.85264, 0.522499, 7200, 7200, 100, 1),
(@CGUID+235, 4149, 0, -13822.6, 451.237, 91.4612, 4.18879, 0, 0, -0.866025, 0.500001, 7200, 7200, 100, 1),
(@CGUID+236, 4149, 0, -13664.5, -280.413, 8.12, 4.43314, 0, 0, -0.798635, 0.601815, 7200, 7200, 100, 1),
(@CGUID+237, 4149, 0, -14977.5, 262.128, 0.234813, 1.53589, 0, 0, 0.694658, 0.71934, 7200, 7200, 100, 1),
(@CGUID+238, 4149, 0, -14687.8, 486.555, 2.85157, 4.66003, 0, 0, -0.725374, 0.688355, 7200, 7200, 100, 1),
(@CGUID+239, 4149, 0, -13876.5, 430.319, 92.1166, 5.16618, 0, 0, -0.529919, 0.848048, 7200, 7200, 100, 1),
(@CGUID+240, 4149, 0, -14610.4, -363.52, 7.1323, 0.0523589, 0, 0, 0.0261765, 0.999657, 7200, 7200, 100, 1),
(@CGUID+241, 4149, 0, -13062.8, -466.432, 44.7542, 1.5708, 0, 0, 0.707107, 0.707107, 7200, 7200, 100, 1),
(@CGUID+242, 4149, 0, -13141.3, -471.359, 53.0697, 0.733038, 0, 0, 0.358368, 0.93358, 7200, 7200, 100, 1),
(@CGUID+243, 4149, 0, -12991.2, -701.092, 54.6397, 4.69494, 0, 0, -0.71325, 0.70091, 7200, 7200, 100, 1),
(@CGUID+244, 4149, 0, -13180.3, -545.59, 4.64249, 3.29869, 0, 0, -0.996917, 0.0784664, 7200, 7200, 100, 1),
(@CGUID+245, 4149, 0, -12474.5, -999.968, 49.9034, 1.37881, 0, 0, 0.636078, 0.771625, 7200, 7200, 100, 1),
(@CGUID+246, 4149, 0, -12938.7, -636.273, 53.2873, 2.68781, 0, 0, 0.97437, 0.224951, 7200, 7200, 100, 1),
(@CGUID+247, 4149, 0, -14874.5, 304.62, 0.425162, 0.174532, 0, 0, 0.0871553, 0.996195, 7200, 7200, 100, 1),
(@CGUID+248, 4149, 0, -14812.9, -373.351, 6.51484, 1.13446, 0, 0, 0.537299, 0.843392, 7200, 7200, 100, 1),
(@CGUID+249, 4149, 0, -14126.5, 477.396, 1.27591, 3.94445, 0, 0, -0.920505, 0.390732, 7200, 7200, 100, 1),
(@CGUID+250, 4149, 0, -12345.7, -1082.26, 5.56533, 2.60054, 0, 0, 0.96363, 0.267241, 7200, 7200, 100, 1),
(@CGUID+251, 4149, 0, -13361.6, 9.93273, 21.3935, 4.41568, 0, 0, -0.803857, 0.594823, 7200, 7200, 100, 1),
(@CGUID+252, 4149, 0, -13328, -26.3568, 21.8891, 1.88495, 0, 0, 0.809016, 0.587786, 7200, 7200, 100, 1),
(@CGUID+253, 4149, 0, -13624.2, -323.034, 9.13148, 2.49582, 0, 0, 0.948323, 0.317306, 7200, 7200, 100, 1),
(@CGUID+254, 4149, 0, -14920.7, 68.7844, 0.245401, 1.5708, 0, 0, 0.707107, 0.707107, 7200, 7200, 100, 1),
(@CGUID+255, 4149, 0, -14855.5, 71.8133, 1.16342, 1.01229, 0, 0, 0.484809, 0.87462, 7200, 7200, 100, 1),
(@CGUID+256, 4149, 0, -14919.2, 89.7708, 0.199598, 0.0349062, 0, 0, 0.0174522, 0.999848, 7200, 7200, 100, 1),
(@CGUID+994, 2857, 0, -12500.7, -138.633, 14.2271, 4.36332, 0, 0, -0.819152, 0.573577, 7200, 7200, 100, 1),
(@CGUID+995, 2857, 0, -11508.4, 737.012, 61.4116, 3.76991, 0, 0, -0.951056, 0.309017, 7200, 7200, 100, 1),
(@CGUID+996, 4149, 0, -13147.6, -491.866, 9.38039, 5.72468, 0, 0, -0.275637, 0.961262, 7200, 7200, 100, 1),
(@CGUID+997, 4149, 0, -12372.2, -1144.35, 3.84041, 1.0472, 0, 0, 0.5, 0.866025, 7200, 7200, 100, 1),
(@CGUID+998, 4149, 0, -14595.4, -244.479, 24.9781, 3.45576, 0, 0, -0.987688, 0.156436, 7200, 7200, 100, 1),
(@CGUID+999, 4149, 0, -14607.9, 335.261, 2.35503, 5.2709, 0, 0, -0.484809, 0.87462, 7200, 7200, 100, 1),
(@CGUID+1000, 4149, 0, -14978.5, 342.927, 0.260496, 0.296705, 0, 0, 0.147809, 0.989016, 7200, 7200, 100, 1);
INSERT INTO `pool_gameobject` (`guid`, `pool_entry`, `chance`, `description`) VALUES
(@CGUID+209, @POOLID+12, 0, 'Chests in Stranglethorn Vale'),
(@CGUID+210, @POOLID+12, 0, 'Chests in Stranglethorn Vale'),
(@CGUID+211, @POOLID+12, 0, 'Chests in Stranglethorn Vale'),
(@CGUID+212, @POOLID+12, 0, 'Chests in Stranglethorn Vale'),
(@CGUID+213, @POOLID+12, 0, 'Chests in Stranglethorn Vale'),
(@CGUID+214, @POOLID+12, 0, 'Chests in Stranglethorn Vale'),
(@CGUID+215, @POOLID+12, 0, 'Chests in Stranglethorn Vale'),
(@CGUID+216, @POOLID+12, 0, 'Chests in Stranglethorn Vale'),
(@CGUID+217, @POOLID+12, 0, 'Chests in Stranglethorn Vale'),
(@CGUID+218, @POOLID+12, 0, 'Chests in Stranglethorn Vale'),
(@CGUID+219, @POOLID+12, 0, 'Chests in Stranglethorn Vale'),
(@CGUID+220, @POOLID+12, 0, 'Chests in Stranglethorn Vale'),
(@CGUID+221, @POOLID+12, 0, 'Chests in Stranglethorn Vale'),
(@CGUID+222, @POOLID+12, 0, 'Chests in Stranglethorn Vale'),
(@CGUID+223, @POOLID+12, 0, 'Chests in Stranglethorn Vale'),
(@CGUID+224, @POOLID+12, 0, 'Chests in Stranglethorn Vale'),
(@CGUID+225, @POOLID+12, 0, 'Chests in Stranglethorn Vale'),
(@CGUID+226, @POOLID+12, 0, 'Chests in Stranglethorn Vale'),
(@CGUID+227, @POOLID+12, 0, 'Chests in Stranglethorn Vale'),
(@CGUID+228, @POOLID+12, 0, 'Chests in Stranglethorn Vale'),
(@CGUID+229, @POOLID+12, 0, 'Chests in Stranglethorn Vale'),
(@CGUID+230, @POOLID+12, 0, 'Chests in Stranglethorn Vale'),
(@CGUID+231, @POOLID+12, 0, 'Chests in Stranglethorn Vale'),
(@CGUID+232, @POOLID+12, 0, 'Chests in Stranglethorn Vale'),
(@CGUID+233, @POOLID+12, 0, 'Chests in Stranglethorn Vale'),
(@CGUID+234, @POOLID+12, 0, 'Chests in Stranglethorn Vale'),
(@CGUID+235, @POOLID+12, 0, 'Chests in Stranglethorn Vale'),
(@CGUID+236, @POOLID+12, 0, 'Chests in Stranglethorn Vale'),
(@CGUID+237, @POOLID+12, 0, 'Chests in Stranglethorn Vale'),
(@CGUID+238, @POOLID+12, 0, 'Chests in Stranglethorn Vale'),
(@CGUID+239, @POOLID+12, 0, 'Chests in Stranglethorn Vale'),
(@CGUID+240, @POOLID+12, 0, 'Chests in Stranglethorn Vale'),
(@CGUID+241, @POOLID+12, 0, 'Chests in Stranglethorn Vale'),
(@CGUID+242, @POOLID+12, 0, 'Chests in Stranglethorn Vale'),
(@CGUID+243, @POOLID+12, 0, 'Chests in Stranglethorn Vale'),
(@CGUID+244, @POOLID+12, 0, 'Chests in Stranglethorn Vale'),
(@CGUID+245, @POOLID+12, 0, 'Chests in Stranglethorn Vale'),
(@CGUID+246, @POOLID+12, 0, 'Chests in Stranglethorn Vale'),
(@CGUID+247, @POOLID+12, 0, 'Chests in Stranglethorn Vale'),
(@CGUID+248, @POOLID+12, 0, 'Chests in Stranglethorn Vale'),
(@CGUID+249, @POOLID+12, 0, 'Chests in Stranglethorn Vale'),
(@CGUID+250, @POOLID+12, 0, 'Chests in Stranglethorn Vale'),
(@CGUID+251, @POOLID+12, 0, 'Chests in Stranglethorn Vale'),
(@CGUID+252, @POOLID+12, 0, 'Chests in Stranglethorn Vale'),
(@CGUID+253, @POOLID+12, 0, 'Chests in Stranglethorn Vale'),
(@CGUID+254, @POOLID+12, 0, 'Chests in Stranglethorn Vale'),
(@CGUID+255, @POOLID+12, 0, 'Chests in Stranglethorn Vale'),
(@CGUID+256, @POOLID+12, 0, 'Chests in Stranglethorn Vale'),
(@CGUID+994, @POOLID+12, 0, 'Chests in Stranglethorn Vale'),
(@CGUID+995, @POOLID+12, 0, 'Chests in Stranglethorn Vale'),
(@CGUID+996, @POOLID+12, 0, 'Chests in Stranglethorn Vale'),
(@CGUID+997, @POOLID+12, 0, 'Chests in Stranglethorn Vale'),
(@CGUID+998, @POOLID+12, 0, 'Chests in Stranglethorn Vale'),
(@CGUID+999, @POOLID+12, 0, 'Chests in Stranglethorn Vale'),
(@CGUID+1000, @POOLID+12, 0, 'Chests in Stranglethorn Vale');

-- Chests in Alterac Mountains
INSERT INTO `pool_template` (`entry`, `max_limit`, `description`) VALUES (@POOLID+13, 10, 'Chests in Alterac Mountains');
INSERT INTO `gameobject` (`guid`, `id`, `map`, `position_x`, `position_y`, `position_z`, `orientation`, `rotation0`, `rotation1`, `rotation2`, `rotation3`, `spawntimesecsmin`, `spawntimesecsmax`, `animprogress`, `state`) VALUES
(@CGUID+257, 2855, 0, 746.14, -938.872, 166.228, 4.57276, 0, 0, -0.754709, 0.656059, 7200, 7200, 100, 1),
(@CGUID+258, 2855, 0, 689.118, -998.653, 170.362, 2.26893, 0, 0, 0.906307, 0.422619, 7200, 7200, 100, 1),
(@CGUID+259, 2855, 0, 604.922, -406.975, 160.282, 5.84685, 0, 0, -0.216439, 0.976296, 7200, 7200, 100, 1),
(@CGUID+260, 2855, 0, 623.352, -295.892, 152.887, 3.85718, 0, 0, -0.936671, 0.35021, 7200, 7200, 100, 1),
(@CGUID+261, 2855, 0, 654.356, -995.732, 166.399, 0.366518, 0, 0, 0.182235, 0.983255, 7200, 7200, 100, 1),
(@CGUID+262, 2855, 0, 697.147, -930.974, 171.805, 4.46804, 0, 0, -0.788011, 0.615662, 7200, 7200, 100, 1),
(@CGUID+263, 2855, 0, 739.793, -972.271, 167.587, 1.53589, 0, 0, 0.694658, 0.71934, 7200, 7200, 100, 1),
(@CGUID+264, 2855, 0, 692.648, -981.781, 165.594, 3.4383, 0, 0, -0.989016, 0.147811, 7200, 7200, 100, 1),
(@CGUID+265, 2855, 0, 752.184, -377.159, 141.791, 1.79769, 0, 0, 0.782608, 0.622515, 7200, 7200, 100, 1),
(@CGUID+266, 2855, 0, 647.083, -943.691, 166.408, 2.09439, 0, 0, 0.866025, 0.500001, 7200, 7200, 100, 1),
(@CGUID+267, 2855, 0, 677.372, -926.412, 171.805, 5.55015, 0, 0, -0.358368, 0.93358, 7200, 7200, 100, 1),
(@CGUID+268, 2855, 0, 511.342, -333.542, 153.674, 0.925024, 0, 0, 0.446198, 0.894935, 7200, 7200, 100, 1),
(@CGUID+269, 2857, 0, 1215.36, -326.468, 48.3828, 0.942477, 0, 0, 0.45399, 0.891007, 7200, 7200, 100, 1),
(@CGUID+270, 2857, 0, 512.952, -213.591, 176.603, 2.51327, 0, 0, 0.951056, 0.309017, 7200, 7200, 100, 1),
(@CGUID+271, 2857, 0, 1115.39, -344.917, 43.6731, 5.51524, 0, 0, -0.374606, 0.927184, 7200, 7200, 100, 1),
(@CGUID+272, 2857, 0, 491.948, -202.401, 167.739, 4.83456, 0, 0, -0.66262, 0.748956, 7200, 7200, 100, 1),
(@CGUID+273, 2857, 0, 457.387, -219.749, 152.522, 0.488691, 0, 0, 0.241921, 0.970296, 7200, 7200, 100, 1),
(@CGUID+274, 2857, 0, 1218.23, -266.605, 34.6575, 5.14872, 0, 0, -0.537299, 0.843392, 7200, 7200, 100, 1),
(@CGUID+275, 2857, 0, 503.234, -204.826, 152.522, 2.09439, 0, 0, 0.866025, 0.500001, 7200, 7200, 100, 1),
(@CGUID+276, 2857, 0, 1108.17, -719.517, 71.5193, 3.99681, 0, 0, -0.909961, 0.414694, 7200, 7200, 100, 1),
(@CGUID+277, 2857, 0, 997.268, -795.828, 108.986, 4.31097, 0, 0, -0.833885, 0.551938, 7200, 7200, 100, 1),
(@CGUID+278, 2857, 0, 1223.77, -304.653, 42.606, 1.43117, 0, 0, 0.656058, 0.75471, 7200, 7200, 100, 1),
(@CGUID+279, 105570, 0, 389.558, 178.222, 41.9383, 3.26377, 0, 0, -0.998135, 0.0610518, 7200, 7200, 100, 1),
(@CGUID+280, 105570, 0, 335.954, 185.797, 42.9273, 4.69494, 0, 0, -0.71325, 0.70091, 7200, 7200, 100, 1),
(@CGUID+281, 105570, 0, 424.828, 221.755, 42.888, 0.663223, 0, 0, 0.325567, 0.945519, 7200, 7200, 100, 1),
(@CGUID+282, 105570, 0, 17.3519, 435.146, 43.7572, 6.14356, 0, 0, -0.0697556, 0.997564, 7200, 7200, 100, 1),
(@CGUID+283, 105570, 0, 96.9252, 367.759, 43.922, 3.97935, 0, 0, -0.913545, 0.406738, 7200, 7200, 100, 1),
(@CGUID+284, 105570, 0, 58.7195, 276.344, 41.9076, 5.13127, 0, 0, -0.544639, 0.838671, 7200, 7200, 100, 1),
(@CGUID+285, 105570, 0, 443.818, 288.769, 42.4809, 5.72468, 0, 0, -0.275637, 0.961262, 7200, 7200, 100, 1),
(@CGUID+286, 105570, 0, 121.878, 454.223, 44.0955, 0.0349062, 0, 0, 0.0174522, 0.999848, 7200, 7200, 100, 1),
(@CGUID+287, 105579, 0, 335.954, 185.797, 42.9273, 4.69494, 0, 0, -0.71325, 0.70091, 7200, 7200, 100, 1),
(@CGUID+288, 105579, 0, 58.7195, 276.344, 41.9076, 5.13127, 0, 0, -0.544639, 0.838671, 7200, 7200, 100, 1),
(@CGUID+289, 105579, 0, 96.9252, 367.759, 43.922, 3.97935, 0, 0, -0.913545, 0.406738, 7200, 7200, 100, 1),
(@CGUID+290, 105579, 0, 121.878, 454.223, 44.0955, 0.0349062, 0, 0, 0.0174522, 0.999848, 7200, 7200, 100, 1),
(@CGUID+291, 105579, 0, 389.558, 178.222, 41.9383, 3.26377, 0, 0, -0.998135, 0.0610518, 7200, 7200, 100, 1),
(@CGUID+292, 105579, 0, 424.828, 221.755, 42.888, 0.663223, 0, 0, 0.325567, 0.945519, 7200, 7200, 100, 1),
(@CGUID+1001, 2855, 0, 849.473, -545.235, 140.464, 4.57276, 0, 0, -0.754709, 0.656059, 7200, 7200, 100, 1),
(@CGUID+1002, 2855, 0, 675.575, -991.235, 170.363, 1.29154, 0, 0, 0.601814, 0.798636, 7200, 7200, 100, 1),
(@CGUID+1003, 2857, 0, 1182.48, -550.266, 71.5003, 0.122173, 0, 0, 0.0610485, 0.998135, 7200, 7200, 100, 1),
(@CGUID+1004, 2857, 0, 936.042, -850.617, 114.649, 1.22173, 0, 0, 0.573576, 0.819152, 7200, 7200, 100, 1);
INSERT INTO `pool_gameobject` (`guid`, `pool_entry`, `chance`, `description`) VALUES
(@CGUID+257, @POOLID+13, 0, 'Chests in Alterac Mountains'),
(@CGUID+258, @POOLID+13, 0, 'Chests in Alterac Mountains'),
(@CGUID+259, @POOLID+13, 0, 'Chests in Alterac Mountains'),
(@CGUID+260, @POOLID+13, 0, 'Chests in Alterac Mountains'),
(@CGUID+261, @POOLID+13, 0, 'Chests in Alterac Mountains'),
(@CGUID+262, @POOLID+13, 0, 'Chests in Alterac Mountains'),
(@CGUID+263, @POOLID+13, 0, 'Chests in Alterac Mountains'),
(@CGUID+264, @POOLID+13, 0, 'Chests in Alterac Mountains'),
(@CGUID+265, @POOLID+13, 0, 'Chests in Alterac Mountains'),
(@CGUID+266, @POOLID+13, 0, 'Chests in Alterac Mountains'),
(@CGUID+267, @POOLID+13, 0, 'Chests in Alterac Mountains'),
(@CGUID+268, @POOLID+13, 0, 'Chests in Alterac Mountains'),
(@CGUID+269, @POOLID+13, 0, 'Chests in Alterac Mountains'),
(@CGUID+270, @POOLID+13, 0, 'Chests in Alterac Mountains'),
(@CGUID+271, @POOLID+13, 0, 'Chests in Alterac Mountains'),
(@CGUID+272, @POOLID+13, 0, 'Chests in Alterac Mountains'),
(@CGUID+273, @POOLID+13, 0, 'Chests in Alterac Mountains'),
(@CGUID+274, @POOLID+13, 0, 'Chests in Alterac Mountains'),
(@CGUID+275, @POOLID+13, 0, 'Chests in Alterac Mountains'),
(@CGUID+276, @POOLID+13, 0, 'Chests in Alterac Mountains'),
(@CGUID+277, @POOLID+13, 0, 'Chests in Alterac Mountains'),
(@CGUID+278, @POOLID+13, 0, 'Chests in Alterac Mountains'),
(@CGUID+279, @POOLID+13, 0, 'Chests in Alterac Mountains'),
(@CGUID+280, @POOLID+13, 0, 'Chests in Alterac Mountains'),
(@CGUID+281, @POOLID+13, 0, 'Chests in Alterac Mountains'),
(@CGUID+282, @POOLID+13, 0, 'Chests in Alterac Mountains'),
(@CGUID+283, @POOLID+13, 0, 'Chests in Alterac Mountains'),
(@CGUID+284, @POOLID+13, 0, 'Chests in Alterac Mountains'),
(@CGUID+285, @POOLID+13, 0, 'Chests in Alterac Mountains'),
(@CGUID+286, @POOLID+13, 0, 'Chests in Alterac Mountains'),
(@CGUID+287, @POOLID+13, 0, 'Chests in Alterac Mountains'),
(@CGUID+288, @POOLID+13, 0, 'Chests in Alterac Mountains'),
(@CGUID+289, @POOLID+13, 0, 'Chests in Alterac Mountains'),
(@CGUID+290, @POOLID+13, 0, 'Chests in Alterac Mountains'),
(@CGUID+291, @POOLID+13, 0, 'Chests in Alterac Mountains'),
(@CGUID+292, @POOLID+13, 0, 'Chests in Alterac Mountains'),
(@CGUID+1001, @POOLID+13, 0, 'Chests in Alterac Mountains'),
(@CGUID+1002, @POOLID+13, 0, 'Chests in Alterac Mountains'),
(@CGUID+1003, @POOLID+13, 0, 'Chests in Alterac Mountains'),
(@CGUID+1004, @POOLID+13, 0, 'Chests in Alterac Mountains');

-- Chests in Loch Modan
INSERT INTO `pool_template` (`entry`, `max_limit`, `description`) VALUES (@POOLID+14, 9, 'Chests in Loch Modan');
INSERT INTO `gameobject` (`guid`, `id`, `map`, `position_x`, `position_y`, `position_z`, `orientation`, `rotation0`, `rotation1`, `rotation2`, `rotation3`, `spawntimesecsmin`, `spawntimesecsmax`, `animprogress`, `state`) VALUES
(@CGUID+293, 2849, 0, -4826.65, -3878.17, 303.603, 3.08918, 0, 0, 0.999657, 0.0262016, 7200, 7200, 100, 1),
(@CGUID+294, 2849, 0, -4734.88, -3626.14, 305.354, 3.38594, 0, 0, -0.992546, 0.12187, 7200, 7200, 100, 1),
(@CGUID+295, 2849, 0, -5700.12, -3867.4, 331.614, 5.00909, 0, 0, -0.594823, 0.803857, 7200, 7200, 100, 1),
(@CGUID+296, 2849, 0, -5215.64, -3321.71, 239.325, 5.39307, 0, 0, -0.430511, 0.902586, 7200, 7200, 100, 1),
(@CGUID+297, 2849, 0, -5117.36, -3315.32, 250.467, 5.09636, 0, 0, -0.559193, 0.829038, 7200, 7200, 100, 1),
(@CGUID+298, 2849, 0, -5284.79, -3250.97, 235.57, 1.97222, 0, 0, 0.833885, 0.551938, 7200, 7200, 100, 1),
(@CGUID+299, 2849, 0, -5710.01, -3917.6, 344.648, 0.366518, 0, 0, 0.182235, 0.983255, 7200, 7200, 100, 1),
(@CGUID+300, 2849, 0, -4947.29, -4078.86, 301.175, 2.21657, 0, 0, 0.894934, 0.446199, 7200, 7200, 100, 1),
(@CGUID+301, 2849, 0, -5485.15, -3341.43, 261.019, 1.27409, 0, 0, 0.594822, 0.803857, 7200, 7200, 100, 1),
(@CGUID+302, 2849, 0, -5636.4, -3893.67, 329.955, 2.63544, 0, 0, 0.968147, 0.250381, 7200, 7200, 100, 1),
(@CGUID+303, 2849, 0, -4754.94, -4120.3, 310.981, 6.26573, 0, 0, -0.00872612, 0.999962, 7200, 7200, 100, 1),
(@CGUID+304, 106319, 0, -5035.68, -3346.79, 299.368, 1.41372, 0, 0, 0.649447, 0.760406, 7200, 7200, 100, 1),
(@CGUID+305, 106319, 0, -4935.93, -2963.61, 317.672, 5.74214, 0, 0, -0.267238, 0.963631, 7200, 7200, 100, 1),
(@CGUID+306, 106319, 0, -4946.25, -2975.34, 321.752, 0.95993, 0, 0, 0.461748, 0.887011, 7200, 7200, 100, 1),
(@CGUID+307, 106319, 0, -6094.4, -2773.77, 415.758, 0, 0, 0, 0, 1, 7200, 7200, 100, 1),
(@CGUID+308, 106319, 0, -4781.68, -3033.98, 301.639, 2.37364, 0, 0, 0.927183, 0.374608, 7200, 7200, 100, 1),
(@CGUID+309, 106319, 0, -6043.68, -2985.55, 402.241, 6.26573, 0, 0, -0.00872612, 0.999962, 7200, 7200, 100, 1),
(@CGUID+310, 106319, 0, -6145.14, -2943.76, 397.839, 5.044, 0, 0, -0.580703, 0.814116, 7200, 7200, 100, 1),
(@CGUID+311, 106319, 0, -5395.51, -2709.64, 366.297, 5.44543, 0, 0, -0.406736, 0.913546, 7200, 7200, 100, 1),
(@CGUID+312, 106319, 0, -5545.99, -2735.77, 366.15, 0.523598, 0, 0, 0.258819, 0.965926, 7200, 7200, 100, 1),
(@CGUID+313, 106319, 0, -4717.31, -3088.1, 306.458, 3.00195, 0, 0, 0.997563, 0.0697661, 7200, 7200, 100, 1),
(@CGUID+314, 106319, 0, -4868.91, -3318.01, 305.733, 0.925024, 0, 0, 0.446198, 0.894935, 7200, 7200, 100, 1),
(@CGUID+315, 106319, 0, -5302.15, -2723.45, 343.116, 0.453785, 0, 0, 0.224951, 0.97437, 7200, 7200, 100, 1),
(@CGUID+316, 106319, 0, -6019.41, -2760.03, 410.532, 4.62512, 0, 0, -0.737277, 0.675591, 7200, 7200, 100, 1),
(@CGUID+317, 106319, 0, -4988.38, -2944.47, 315.875, 5.67232, 0, 0, -0.300705, 0.953717, 7200, 7200, 100, 1),
(@CGUID+318, 106319, 0, -6075.44, -3031.93, 401.729, 2.14675, 0, 0, 0.878817, 0.47716, 7200, 7200, 100, 1),
(@CGUID+319, 106319, 0, -4978.75, -2963.04, 316.422, 1.62316, 0, 0, 0.725374, 0.688355, 7200, 7200, 100, 1),
(@CGUID+320, 106319, 0, -4786.32, -2979.21, 323.459, 2.63544, 0, 0, 0.968147, 0.250381, 7200, 7200, 100, 1),
(@CGUID+321, 106319, 0, -5053.31, -2681.58, 320.147, 0.733038, 0, 0, 0.358368, 0.93358, 7200, 7200, 100, 1),
(@CGUID+322, 106319, 0, -6007.12, -2957.26, 399.522, 6.14356, 0, 0, -0.0697556, 0.997564, 7200, 7200, 100, 1),
(@CGUID+323, 106319, 0, -5876.54, -2857.96, 366.134, 5.2709, 0, 0, -0.484809, 0.87462, 7200, 7200, 100, 1),
(@CGUID+324, 106319, 0, -4920.42, -2993.18, 332.423, 4.31097, 0, 0, -0.833885, 0.551938, 7200, 7200, 100, 1),
(@CGUID+325, 106319, 0, -4965.29, -3494.63, 305.484, 3.9619, 0, 0, -0.91706, 0.39875, 7200, 7200, 100, 1),
(@CGUID+326, 106319, 0, -6162.26, -2950.6, 409.209, 1.88495, 0, 0, 0.809016, 0.587786, 7200, 7200, 100, 1),
(@CGUID+1005, 2849, 0, -4783.21, -4189.38, 305.9, 1.93731, 0, 0, 0.824125, 0.566408, 7200, 7200, 100, 1),
(@CGUID+1006, 2849, 0, -5673.15, -4018.67, 326.906, 0.733038, 0, 0, 0.358368, 0.93358, 7200, 7200, 100, 1),
(@CGUID+1007, 106319, 0, -6209.67, -2985.69, 397.37, 2.63544, 0, 0, 0.968147, 0.250381, 7200, 7200, 100, 1);
INSERT INTO `pool_gameobject` (`guid`, `pool_entry`, `chance`, `description`) VALUES
(@CGUID+293, @POOLID+14, 0, 'Chests in Loch Modan'),
(@CGUID+294, @POOLID+14, 0, 'Chests in Loch Modan'),
(@CGUID+295, @POOLID+14, 0, 'Chests in Loch Modan'),
(@CGUID+296, @POOLID+14, 0, 'Chests in Loch Modan'),
(@CGUID+297, @POOLID+14, 0, 'Chests in Loch Modan'),
(@CGUID+298, @POOLID+14, 0, 'Chests in Loch Modan'),
(@CGUID+299, @POOLID+14, 0, 'Chests in Loch Modan'),
(@CGUID+300, @POOLID+14, 0, 'Chests in Loch Modan'),
(@CGUID+301, @POOLID+14, 0, 'Chests in Loch Modan'),
(@CGUID+302, @POOLID+14, 0, 'Chests in Loch Modan'),
(@CGUID+303, @POOLID+14, 0, 'Chests in Loch Modan'),
(@CGUID+304, @POOLID+14, 0, 'Chests in Loch Modan'),
(@CGUID+305, @POOLID+14, 0, 'Chests in Loch Modan'),
(@CGUID+306, @POOLID+14, 0, 'Chests in Loch Modan'),
(@CGUID+307, @POOLID+14, 0, 'Chests in Loch Modan'),
(@CGUID+308, @POOLID+14, 0, 'Chests in Loch Modan'),
(@CGUID+309, @POOLID+14, 0, 'Chests in Loch Modan'),
(@CGUID+310, @POOLID+14, 0, 'Chests in Loch Modan'),
(@CGUID+311, @POOLID+14, 0, 'Chests in Loch Modan'),
(@CGUID+312, @POOLID+14, 0, 'Chests in Loch Modan'),
(@CGUID+313, @POOLID+14, 0, 'Chests in Loch Modan'),
(@CGUID+314, @POOLID+14, 0, 'Chests in Loch Modan'),
(@CGUID+315, @POOLID+14, 0, 'Chests in Loch Modan'),
(@CGUID+316, @POOLID+14, 0, 'Chests in Loch Modan'),
(@CGUID+317, @POOLID+14, 0, 'Chests in Loch Modan'),
(@CGUID+318, @POOLID+14, 0, 'Chests in Loch Modan'),
(@CGUID+319, @POOLID+14, 0, 'Chests in Loch Modan'),
(@CGUID+320, @POOLID+14, 0, 'Chests in Loch Modan'),
(@CGUID+321, @POOLID+14, 0, 'Chests in Loch Modan'),
(@CGUID+322, @POOLID+14, 0, 'Chests in Loch Modan'),
(@CGUID+323, @POOLID+14, 0, 'Chests in Loch Modan'),
(@CGUID+324, @POOLID+14, 0, 'Chests in Loch Modan'),
(@CGUID+325, @POOLID+14, 0, 'Chests in Loch Modan'),
(@CGUID+326, @POOLID+14, 0, 'Chests in Loch Modan'),
(@CGUID+1005, @POOLID+14, 0, 'Chests in Loch Modan'),
(@CGUID+1006, @POOLID+14, 0, 'Chests in Loch Modan'),
(@CGUID+1007, @POOLID+14, 0, 'Chests in Loch Modan');

-- Chests in Westfall
INSERT INTO `pool_template` (`entry`, `max_limit`, `description`) VALUES (@POOLID+15, 9, 'Chests in Westfall');
INSERT INTO `gameobject` (`guid`, `id`, `map`, `position_x`, `position_y`, `position_z`, `orientation`, `rotation0`, `rotation1`, `rotation2`, `rotation3`, `spawntimesecsmin`, `spawntimesecsmax`, `animprogress`, `state`) VALUES
(@CGUID+327, 2849, 0, -11398.6, 1801.28, 7.46052, 0, 0, 0, 0, 1, 7200, 7200, 100, 1),
(@CGUID+328, 2849, 0, -11243.3, 1160.75, 89.0316, 2.02458, 0, 0, 0.848047, 0.529921, 7200, 7200, 100, 1),
(@CGUID+329, 2849, 0, -11331.1, 1732.21, 38.4692, 5.18363, 0, 0, -0.522498, 0.85264, 7200, 7200, 100, 1),
(@CGUID+330, 2849, 0, -11151, 730.26, 33.5383, 2.35619, 0, 0, 0.92388, 0.382683, 7200, 7200, 100, 1),
(@CGUID+331, 2849, 0, -11138.8, 1047.61, 34.5638, 4.29351, 0, 0, -0.83867, 0.54464, 7200, 7200, 100, 1),
(@CGUID+332, 106319, 0, -11043.9, 1426.59, 44.3597, 6.23083, 0, 0, -0.0261765, 0.999657, 7200, 7200, 100, 1),
(@CGUID+333, 106319, 0, -10144.1, 1745.59, 31.6711, 5.13127, 0, 0, -0.544639, 0.838671, 7200, 7200, 100, 1),
(@CGUID+334, 106319, 0, -10479.1, 1932.18, 7.63419, 1.74533, 0, 0, 0.766044, 0.642789, 7200, 7200, 100, 1),
(@CGUID+335, 106319, 0, -9909, 1443.03, 38.9455, 3.21142, 0, 0, -0.999391, 0.0349061, 7200, 7200, 100, 1),
(@CGUID+336, 106319, 0, -10311.4, 1228.23, 37.501, 5.8294, 0, 0, -0.224951, 0.97437, 7200, 7200, 100, 1),
(@CGUID+337, 106319, 0, -10720.5, 1851.11, 34.3774, 1.18682, 0, 0, 0.559193, 0.829038, 7200, 7200, 100, 1),
(@CGUID+338, 106319, 0, -9584.66, 1508.62, -2.25849, 3.56047, 0, 0, -0.978148, 0.207912, 7200, 7200, 100, 1),
(@CGUID+339, 106319, 0, -10995, 1477.86, 50.5872, 0.610863, 0, 0, 0.300705, 0.953717, 7200, 7200, 100, 1),
(@CGUID+340, 106319, 0, -9579.93, 1445.71, 0.427918, 4.66003, 0, 0, -0.725374, 0.688355, 7200, 7200, 100, 1),
(@CGUID+341, 106319, 0, -11006.6, 1538.17, 44.07, 4.7473, 0, 0, -0.694658, 0.71934, 7200, 7200, 100, 1),
(@CGUID+342, 106319, 0, -10504.4, 1980.73, 10.7782, 5.13127, 0, 0, -0.544639, 0.838671, 7200, 7200, 100, 1),
(@CGUID+343, 106319, 0, -9845.5, 1040.19, 34.0109, 3.94445, 0, 0, -0.920505, 0.390732, 7200, 7200, 100, 1),
(@CGUID+344, 106319, 0, -9884.88, 1423.31, 39.9257, 3.05433, 0, 0, 0.999048, 0.0436193, 7200, 7200, 100, 1),
(@CGUID+345, 106319, 0, -10430.5, 1929.75, 9.43948, 0.087266, 0, 0, 0.0436192, 0.999048, 7200, 7200, 100, 1),
(@CGUID+346, 106319, 0, -10537.5, 1995.89, -8.45719, 1.72787, 0, 0, 0.760406, 0.649449, 7200, 7200, 100, 1),
(@CGUID+347, 106319, 0, -10204.2, 1181.17, 37.5443, 0.645772, 0, 0, 0.317305, 0.948324, 7200, 7200, 100, 1),
(@CGUID+348, 106319, 0, -10820.5, 1320.3, 34.2893, 2.9496, 0, 0, 0.995396, 0.0958512, 7200, 7200, 100, 1),
(@CGUID+349, 106319, 0, -10300.4, 1402.69, 40.1549, 0.087266, 0, 0, 0.0436192, 0.999048, 7200, 7200, 100, 1),
(@CGUID+350, 106319, 0, -10469.7, 1997.04, 8.38445, 4.67748, 0, 0, -0.719339, 0.694659, 7200, 7200, 100, 1),
(@CGUID+351, 106319, 0, -9872.5, 1327.28, 43.0347, 4.41568, 0, 0, -0.803857, 0.594823, 7200, 7200, 100, 1),
(@CGUID+352, 106319, 0, -9847.33, 1409.7, 38.8322, 5.91667, 0, 0, -0.182235, 0.983255, 7200, 7200, 100, 1),
(@CGUID+353, 106319, 0, -10646.8, 1381, 41.2197, 5.00909, 0, 0, -0.594823, 0.803857, 7200, 7200, 100, 1),
(@CGUID+354, 106319, 0, -10853.5, 1158.33, 37.1684, 3.71755, 0, 0, -0.958819, 0.284016, 7200, 7200, 100, 1),
(@CGUID+355, 106319, 0, -9576.99, 1069.09, 1.29648, 1.71042, 0, 0, 0.754709, 0.656059, 7200, 7200, 100, 1),
(@CGUID+356, 106319, 0, -11039.1, 1460.17, 45.3211, 3.7001, 0, 0, -0.961261, 0.27564, 7200, 7200, 100, 1),
(@CGUID+357, 106319, 0, -10500, 1330.48, 42.5685, 5.65487, 0, 0, -0.309016, 0.951057, 7200, 7200, 100, 1),
(@CGUID+358, 106319, 0, -11027.1, 1661.24, 42.6791, 3.80482, 0, 0, -0.945518, 0.325568, 7200, 7200, 100, 1),
(@CGUID+359, 106319, 0, -10355.7, 1563.4, 41.7598, 1.09956, 0, 0, 0.522498, 0.85264, 7200, 7200, 100, 1),
(@CGUID+1008, 2849, 0, -11136, 892.776, 38.6893, 5.20108, 0, 0, -0.515038, 0.857168, 7200, 7200, 100, 1),
(@CGUID+1009, 106319, 0, -9711.97, 1043.76, 35.4919, 5.77704, 0, 0, -0.25038, 0.968148, 7200, 7200, 100, 1),
(@CGUID+1010, 106319, 0, -9946.81, 1477.11, 39.8371, 4.69494, 0, 0, -0.71325, 0.70091, 7200, 7200, 100, 1),
(@CGUID+1011, 106319, 0, -10557.7, 1990.01, -14.0808, 3.24635, 0, 0, -0.998629, 0.0523532, 7200, 7200, 100, 1),
(@CGUID+1012, 106319, 0, -10069.6, 1680.55, 34.7274, 5.63741, 0, 0, -0.317305, 0.948324, 7200, 7200, 100, 1);
INSERT INTO `pool_gameobject` (`guid`, `pool_entry`, `chance`, `description`) VALUES
(@CGUID+327, @POOLID+15, 0, 'Chests in Westfall'),
(@CGUID+328, @POOLID+15, 0, 'Chests in Westfall'),
(@CGUID+329, @POOLID+15, 0, 'Chests in Westfall'),
(@CGUID+330, @POOLID+15, 0, 'Chests in Westfall'),
(@CGUID+331, @POOLID+15, 0, 'Chests in Westfall'),
(@CGUID+332, @POOLID+15, 0, 'Chests in Westfall'),
(@CGUID+333, @POOLID+15, 0, 'Chests in Westfall'),
(@CGUID+334, @POOLID+15, 0, 'Chests in Westfall'),
(@CGUID+335, @POOLID+15, 0, 'Chests in Westfall'),
(@CGUID+336, @POOLID+15, 0, 'Chests in Westfall'),
(@CGUID+337, @POOLID+15, 0, 'Chests in Westfall'),
(@CGUID+338, @POOLID+15, 0, 'Chests in Westfall'),
(@CGUID+339, @POOLID+15, 0, 'Chests in Westfall'),
(@CGUID+340, @POOLID+15, 0, 'Chests in Westfall'),
(@CGUID+341, @POOLID+15, 0, 'Chests in Westfall'),
(@CGUID+342, @POOLID+15, 0, 'Chests in Westfall'),
(@CGUID+343, @POOLID+15, 0, 'Chests in Westfall'),
(@CGUID+344, @POOLID+15, 0, 'Chests in Westfall'),
(@CGUID+345, @POOLID+15, 0, 'Chests in Westfall'),
(@CGUID+346, @POOLID+15, 0, 'Chests in Westfall'),
(@CGUID+347, @POOLID+15, 0, 'Chests in Westfall'),
(@CGUID+348, @POOLID+15, 0, 'Chests in Westfall'),
(@CGUID+349, @POOLID+15, 0, 'Chests in Westfall'),
(@CGUID+350, @POOLID+15, 0, 'Chests in Westfall'),
(@CGUID+351, @POOLID+15, 0, 'Chests in Westfall'),
(@CGUID+352, @POOLID+15, 0, 'Chests in Westfall'),
(@CGUID+353, @POOLID+15, 0, 'Chests in Westfall'),
(@CGUID+354, @POOLID+15, 0, 'Chests in Westfall'),
(@CGUID+355, @POOLID+15, 0, 'Chests in Westfall'),
(@CGUID+356, @POOLID+15, 0, 'Chests in Westfall'),
(@CGUID+357, @POOLID+15, 0, 'Chests in Westfall'),
(@CGUID+358, @POOLID+15, 0, 'Chests in Westfall'),
(@CGUID+359, @POOLID+15, 0, 'Chests in Westfall'),
(@CGUID+1008, @POOLID+15, 0, 'Chests in Westfall'),
(@CGUID+1009, @POOLID+15, 0, 'Chests in Westfall'),
(@CGUID+1010, @POOLID+15, 0, 'Chests in Westfall'),
(@CGUID+1011, @POOLID+15, 0, 'Chests in Westfall'),
(@CGUID+1012, @POOLID+15, 0, 'Chests in Westfall');

-- Chests in Redridge Mountains
INSERT INTO `pool_template` (`entry`, `max_limit`, `description`) VALUES (@POOLID+16, 10, 'Chests in Redridge Mountains');
INSERT INTO `gameobject` (`guid`, `id`, `map`, `position_x`, `position_y`, `position_z`, `orientation`, `rotation0`, `rotation1`, `rotation2`, `rotation3`, `spawntimesecsmin`, `spawntimesecsmax`, `animprogress`, `state`) VALUES
(@CGUID+360, 2849, 0, -9251.55, -2707.21, 88.8043, 1.93731, 0, 0, 0.824125, 0.566408, 7200, 7200, 100, 1),
(@CGUID+361, 2849, 0, -8839.22, -1942.85, 132.651, 6.07375, 0, 0, -0.104528, 0.994522, 7200, 7200, 100, 1),
(@CGUID+362, 2849, 0, -9098.88, -2025.8, 128.651, 4.50295, 0, 0, -0.777145, 0.629321, 7200, 7200, 100, 1),
(@CGUID+363, 2849, 0, -9779.8, -2270.56, 59.3705, 2.65289, 0, 0, 0.970295, 0.241925, 7200, 7200, 100, 1),
(@CGUID+364, 2849, 0, -9503.47, -1896.73, 79.2749, 0.174532, 0, 0, 0.0871553, 0.996195, 7200, 7200, 100, 1),
(@CGUID+365, 2849, 0, -9494.6, -1939.51, 79.0554, 5.32326, 0, 0, -0.461748, 0.887011, 7200, 7200, 100, 1),
(@CGUID+366, 2849, 0, -9791.08, -2175.86, 60.1929, 2.16421, 0, 0, 0.882947, 0.469473, 7200, 7200, 100, 1),
(@CGUID+367, 2849, 0, -9602.7, -2524.01, 60.5327, 0.610863, 0, 0, 0.300705, 0.953717, 7200, 7200, 100, 1),
(@CGUID+368, 2849, 0, -8985.03, -2179.1, 132.621, 5.34071, 0, 0, -0.45399, 0.891007, 7200, 7200, 100, 1),
(@CGUID+369, 2849, 0, -9405.47, -2786.26, 37.7474, 2.87979, 0, 0, 0.991445, 0.130528, 7200, 7200, 100, 1),
(@CGUID+370, 2849, 0, -8949.61, -2309.69, 132.443, 2.72271, 0, 0, 0.978148, 0.207912, 7200, 7200, 100, 1),
(@CGUID+371, 2849, 0, -8883.47, -2002.71, 134.528, 2.07694, 0, 0, 0.861629, 0.507539, 7200, 7200, 100, 1),
(@CGUID+372, 2849, 0, -8884.3, -2160.68, 132.445, 6.23083, 0, 0, -0.0261765, 0.999657, 7200, 7200, 100, 1),
(@CGUID+373, 2849, 0, -9470.98, -1887.11, 83.2995, 5.68977, 0, 0, -0.292372, 0.956305, 7200, 7200, 100, 1),
(@CGUID+374, 2850, 0, -8694.73, -2143.48, 158.255, 4.76475, 0, 0, -0.688354, 0.725374, 7200, 7200, 100, 1),
(@CGUID+375, 2850, 0, -9355.05, -3053.42, 136.687, 5.75959, 0, 0, -0.258819, 0.965926, 7200, 7200, 100, 1),
(@CGUID+376, 2850, 0, -8792.6, -2175.8, 146.436, 1.01229, 0, 0, 0.484809, 0.87462, 7200, 7200, 100, 1),
(@CGUID+377, 2850, 0, -9223.85, -3300.4, 101.32, 6.26573, 0, 0, -0.00872612, 0.999962, 7200, 7200, 100, 1),
(@CGUID+378, 2850, 0, -9450.65, -3338.25, 6.44141, 3.73501, 0, 0, -0.956305, 0.292372, 7200, 7200, 100, 1),
(@CGUID+379, 2850, 0, -9373.04, -3079.24, 158.072, 3.78737, 0, 0, -0.948323, 0.317306, 7200, 7200, 100, 1),
(@CGUID+380, 2850, 0, -9210.75, -2898.86, 112.972, 0.575957, 0, 0, 0.284015, 0.95882, 7200, 7200, 100, 1),
(@CGUID+381, 2850, 0, -8831.21, -2198.59, 139.95, 1.88495, 0, 0, 0.809016, 0.587786, 7200, 7200, 100, 1),
(@CGUID+382, 2850, 0, -8720.19, -2338.02, 155.916, 5.63741, 0, 0, -0.317305, 0.948324, 7200, 7200, 100, 1),
(@CGUID+383, 2850, 0, -8686.61, -2301.04, 156.814, 4.38078, 0, 0, -0.814116, 0.580703, 7200, 7200, 100, 1),
(@CGUID+384, 2850, 0, -9406.75, -3008.83, 136.687, 0.087266, 0, 0, 0.0436192, 0.999048, 7200, 7200, 100, 1),
(@CGUID+385, 2850, 0, -9117.6, -3225.17, 100.786, 3.68265, 0, 0, -0.96363, 0.267241, 7200, 7200, 100, 1),
(@CGUID+386, 2850, 0, -8686.87, -2364.43, 159.694, 2.79252, 0, 0, 0.984807, 0.173652, 7200, 7200, 100, 1),
(@CGUID+387, 2850, 0, -9246.9, -3418.03, 109.538, 4.01426, 0, 0, -0.906307, 0.422619, 7200, 7200, 100, 1),
(@CGUID+388, 2850, 0, -9324.92, -2830.86, 69.0098, 5.02655, 0, 0, -0.587785, 0.809017, 7200, 7200, 100, 1),
(@CGUID+389, 2850, 0, -9373.07, -3168.83, 83.5116, 1.79769, 0, 0, 0.782608, 0.622515, 7200, 7200, 100, 1),
(@CGUID+390, 2850, 0, -9542.22, -3255.59, 48.8464, 3.57793, 0, 0, -0.976295, 0.216442, 7200, 7200, 100, 1),
(@CGUID+391, 2850, 0, -9363.87, -3052.83, 164.757, 4.81711, 0, 0, -0.66913, 0.743145, 7200, 7200, 100, 1),
(@CGUID+1013, 2849, 0, -9799.3, -2215.58, 58.6601, 5.63741, 0, 0, -0.317305, 0.948324, 7200, 7200, 100, 1),
(@CGUID+1014, 2850, 0, -9278.63, -3312.23, 125.985, 2.58308, 0, 0, 0.961261, 0.27564, 7200, 7200, 100, 1),
(@CGUID+1015, 2850, 0, -9367.5, -3311.05, 92.4461, 2.25147, 0, 0, 0.902585, 0.430512, 7200, 7200, 100, 1),
(@CGUID+1016, 2850, 0, -9407.21, -3094.34, 139.773, 0.95993, 0, 0, 0.461748, 0.887011, 7200, 7200, 100, 1),
(@CGUID+1017, 2850, 0, -9261.14, -3212.76, 101.674, 4.83456, 0, 0, -0.66262, 0.748956, 7200, 7200, 100, 1),
(@CGUID+1018, 2850, 0, -9158.28, -3288.89, 101.998, 5.79449, 0, 0, -0.241921, 0.970296, 7200, 7200, 100, 1),
(@CGUID+1019, 2850, 0, -9444.99, -3073.69, 136.687, 0.0698117, 0, 0, 0.0348988, 0.999391, 7200, 7200, 100, 1),
(@CGUID+1020, 2850, 0, -9417.32, -3387.52, 88.857, 0.0349062, 0, 0, 0.0174522, 0.999848, 7200, 7200, 100, 1),
(@CGUID+1021, 2850, 0, -9302.46, -3193.25, 103.914, 6.0912, 0, 0, -0.0958452, 0.995396, 7200, 7200, 100, 1);
INSERT INTO `pool_gameobject` (`guid`, `pool_entry`, `chance`, `description`) VALUES
(@CGUID+360, @POOLID+16, 0, 'Chests in Redridge Mountains'),
(@CGUID+361, @POOLID+16, 0, 'Chests in Redridge Mountains'),
(@CGUID+362, @POOLID+16, 0, 'Chests in Redridge Mountains'),
(@CGUID+363, @POOLID+16, 0, 'Chests in Redridge Mountains'),
(@CGUID+364, @POOLID+16, 0, 'Chests in Redridge Mountains'),
(@CGUID+365, @POOLID+16, 0, 'Chests in Redridge Mountains'),
(@CGUID+366, @POOLID+16, 0, 'Chests in Redridge Mountains'),
(@CGUID+367, @POOLID+16, 0, 'Chests in Redridge Mountains'),
(@CGUID+368, @POOLID+16, 0, 'Chests in Redridge Mountains'),
(@CGUID+369, @POOLID+16, 0, 'Chests in Redridge Mountains'),
(@CGUID+370, @POOLID+16, 0, 'Chests in Redridge Mountains'),
(@CGUID+371, @POOLID+16, 0, 'Chests in Redridge Mountains'),
(@CGUID+372, @POOLID+16, 0, 'Chests in Redridge Mountains'),
(@CGUID+373, @POOLID+16, 0, 'Chests in Redridge Mountains'),
(@CGUID+374, @POOLID+16, 0, 'Chests in Redridge Mountains'),
(@CGUID+375, @POOLID+16, 0, 'Chests in Redridge Mountains'),
(@CGUID+376, @POOLID+16, 0, 'Chests in Redridge Mountains'),
(@CGUID+377, @POOLID+16, 0, 'Chests in Redridge Mountains'),
(@CGUID+378, @POOLID+16, 0, 'Chests in Redridge Mountains'),
(@CGUID+379, @POOLID+16, 0, 'Chests in Redridge Mountains'),
(@CGUID+380, @POOLID+16, 0, 'Chests in Redridge Mountains'),
(@CGUID+381, @POOLID+16, 0, 'Chests in Redridge Mountains'),
(@CGUID+382, @POOLID+16, 0, 'Chests in Redridge Mountains'),
(@CGUID+383, @POOLID+16, 0, 'Chests in Redridge Mountains'),
(@CGUID+384, @POOLID+16, 0, 'Chests in Redridge Mountains'),
(@CGUID+385, @POOLID+16, 0, 'Chests in Redridge Mountains'),
(@CGUID+386, @POOLID+16, 0, 'Chests in Redridge Mountains'),
(@CGUID+387, @POOLID+16, 0, 'Chests in Redridge Mountains'),
(@CGUID+388, @POOLID+16, 0, 'Chests in Redridge Mountains'),
(@CGUID+389, @POOLID+16, 0, 'Chests in Redridge Mountains'),
(@CGUID+390, @POOLID+16, 0, 'Chests in Redridge Mountains'),
(@CGUID+391, @POOLID+16, 0, 'Chests in Redridge Mountains'),
(@CGUID+1013, @POOLID+16, 0, 'Chests in Redridge Mountains'),
(@CGUID+1014, @POOLID+16, 0, 'Chests in Redridge Mountains'),
(@CGUID+1015, @POOLID+16, 0, 'Chests in Redridge Mountains'),
(@CGUID+1016, @POOLID+16, 0, 'Chests in Redridge Mountains'),
(@CGUID+1017, @POOLID+16, 0, 'Chests in Redridge Mountains'),
(@CGUID+1018, @POOLID+16, 0, 'Chests in Redridge Mountains'),
(@CGUID+1019, @POOLID+16, 0, 'Chests in Redridge Mountains'),
(@CGUID+1020, @POOLID+16, 0, 'Chests in Redridge Mountains'),
(@CGUID+1021, @POOLID+16, 0, 'Chests in Redridge Mountains');

-- Chests in Arathi Highlands
INSERT INTO `pool_template` (`entry`, `max_limit`, `description`) VALUES (@POOLID+17, 11, 'Chests in Arathi Highlands');
INSERT INTO `gameobject` (`guid`, `id`, `map`, `position_x`, `position_y`, `position_z`, `orientation`, `rotation0`, `rotation1`, `rotation2`, `rotation3`, `spawntimesecsmin`, `spawntimesecsmax`, `animprogress`, `state`) VALUES
(@CGUID+392, 2855, 0, -878.108, -2069.24, 35.637, 0.383971, 0, 0, 0.190808, 0.981627, 7200, 7200, 100, 1),
(@CGUID+393, 2855, 0, -1664.05, -3244.07, 25.7617, 4.20625, 0, 0, -0.861629, 0.507539, 7200, 7200, 100, 1),
(@CGUID+394, 2855, 0, -1883.55, -3068.64, 57.881, 4.34587, 0, 0, -0.824126, 0.566406, 7200, 7200, 100, 1),
(@CGUID+395, 2855, 0, -1813.15, -3409.62, 45.5308, 1.01229, 0, 0, 0.484809, 0.87462, 7200, 7200, 100, 1),
(@CGUID+396, 2855, 0, -2011.8, -3318.34, 54.4797, 0.925024, 0, 0, 0.446198, 0.894935, 7200, 7200, 100, 1),
(@CGUID+397, 2855, 0, -1762.35, -3156.06, 31.0001, 0.087266, 0, 0, 0.0436192, 0.999048, 7200, 7200, 100, 1),
(@CGUID+398, 2855, 0, -1697.28, -3524.51, 61.3946, 0.541051, 0, 0, 0.267238, 0.963631, 7200, 7200, 100, 1),
(@CGUID+399, 2855, 0, -2062.35, -3330.59, 38.5965, 3.00195, 0, 0, 0.997563, 0.0697661, 7200, 7200, 100, 1),
(@CGUID+400, 2855, 0, -755.206, -1986.03, 34.6415, 2.58308, 0, 0, 0.961261, 0.27564, 7200, 7200, 100, 1),
(@CGUID+401, 2855, 0, -1906.28, -3194.22, 56.5897, 5.74214, 0, 0, -0.267238, 0.963631, 7200, 7200, 100, 1),
(@CGUID+402, 2855, 0, -776.629, -2028.77, 34.105, 1.06465, 0, 0, 0.507538, 0.861629, 7200, 7200, 100, 1),
(@CGUID+403, 2855, 0, -793.025, -2082.12, 34.9696, 2.28638, 0, 0, 0.909961, 0.414694, 7200, 7200, 100, 1),
(@CGUID+404, 2857, 0, -1712.67, -1793.71, 101.708, 3.85718, 0, 0, -0.936671, 0.35021, 7200, 7200, 100, 1),
(@CGUID+405, 2857, 0, -1713.7, -1885.76, 81.3151, 4.69494, 0, 0, -0.71325, 0.70091, 7200, 7200, 100, 1),
(@CGUID+406, 2857, 0, -2092.36, -2817.31, 81.4316, 0.174532, 0, 0, 0.0871553, 0.996195, 7200, 7200, 100, 1),
(@CGUID+407, 2857, 0, -1677.67, -1769.35, 81.2149, 4.59022, 0, 0, -0.748956, 0.66262, 7200, 7200, 100, 1),
(@CGUID+408, 2857, 0, -1986.08, -2782.04, 81.5256, 0.925024, 0, 0, 0.446198, 0.894935, 7200, 7200, 100, 1),
(@CGUID+409, 2857, 0, -862.458, -3948.8, 152.344, 6.26573, 0, 0, -0.00872612, 0.999962, 7200, 7200, 100, 1),
(@CGUID+410, 2857, 0, -908.155, -3949.08, 152.215, 3.35105, 0, 0, -0.994521, 0.104536, 7200, 7200, 100, 1),
(@CGUID+411, 2857, 0, -1749.69, -1682.1, 52.7428, 4.7473, 0, 0, -0.694658, 0.71934, 7200, 7200, 100, 1),
(@CGUID+412, 2857, 0, -2168.59, -1621.15, -48.458, 4.32842, 0, 0, -0.829037, 0.559194, 7200, 7200, 100, 1),
(@CGUID+413, 2857, 0, -1732.96, -1522.51, 55.1346, 4.32842, 0, 0, -0.829037, 0.559194, 7200, 7200, 100, 1),
(@CGUID+414, 2857, 0, -1690.85, -1662.12, 59.7234, 1.44862, 0, 0, 0.66262, 0.748956, 7200, 7200, 100, 1),
(@CGUID+415, 2857, 0, -1789.1, -1580.76, 52.8563, 0.314158, 0, 0, 0.156434, 0.987688, 7200, 7200, 100, 1),
(@CGUID+416, 2857, 0, -2051.7, -2796.66, 72.4766, 5.20108, 0, 0, -0.515038, 0.857168, 7200, 7200, 100, 1),
(@CGUID+417, 2857, 0, -1692.7, -1539.71, 55.2293, 5.3058, 0, 0, -0.469471, 0.882948, 7200, 7200, 100, 1),
(@CGUID+418, 2857, 0, -2283.33, -1611.53, -66.2569, 6.21337, 0, 0, -0.0348988, 0.999391, 7200, 7200, 100, 1),
(@CGUID+419, 2857, 0, -1950.47, -2803.63, 80.7643, 3.83973, 0, 0, -0.939692, 0.34202, 7200, 7200, 100, 1),
(@CGUID+420, 2857, 0, -934.741, -3846.92, 147.729, 5.93412, 0, 0, -0.173648, 0.984808, 7200, 7200, 100, 1),
(@CGUID+421, 2857, 0, -2169.96, -1708.87, -46.6102, 1.18682, 0, 0, 0.559193, 0.829038, 7200, 7200, 100, 1),
(@CGUID+422, 2857, 0, -1641.21, -1894.65, 81.4397, 3.00195, 0, 0, 0.997563, 0.0697661, 7200, 7200, 100, 1),
(@CGUID+423, 2857, 0, -2230.21, -1469.4, -46.3219, 3.85718, 0, 0, -0.936671, 0.35021, 7200, 7200, 100, 1),
(@CGUID+424, 105578, 0, -1542.43, -3033.22, 12.9804, 6.23083, 0, 0, -0.0261765, 0.999657, 7200, 7200, 100, 1),
(@CGUID+425, 105578, 0, -1466.3, -3081.7, 13.2939, 2.89725, 0, 0, 0.992546, 0.12187, 7200, 7200, 100, 1),
(@CGUID+426, 105578, 0, -1475.17, -3030.71, 12.4011, 4.5204, 0, 0, -0.771625, 0.636078, 7200, 7200, 100, 1),
(@CGUID+427, 105578, 0, -1487.69, -3124.46, 13.3643, 5.48033, 0, 0, -0.390731, 0.920505, 7200, 7200, 100, 1),
(@CGUID+428, 105579, 0, -1047.6, -2811.98, 42.197, 3.85718, 0, 0, -0.936671, 0.35021, 7200, 7200, 100, 1),
(@CGUID+429, 105579, 0, -1007.02, -2896.23, 62.8136, 3.38594, 0, 0, -0.992546, 0.12187, 7200, 7200, 100, 1),
(@CGUID+430, 105579, 0, -1086.51, -2931.57, 42.8673, 2.02458, 0, 0, 0.848047, 0.529921, 7200, 7200, 100, 1),
(@CGUID+431, 105579, 0, -1106.34, -2921.2, 42.197, 4.66003, 0, 0, -0.725374, 0.688355, 7200, 7200, 100, 1),
(@CGUID+432, 105581, 0, -1660.19, -1681.47, 69.2164, 4.90438, 0, 0, -0.636078, 0.771625, 7200, 7200, 100, 1),
(@CGUID+433, 105581, 0, -1601.2, -1645, 68.1097, 2.9845, 0, 0, 0.996917, 0.0784664, 7200, 7200, 100, 1),
(@CGUID+434, 105581, 0, -1544.81, -1751.48, 68.1662, 1.11701, 0, 0, 0.529919, 0.848048, 7200, 7200, 100, 1),
(@CGUID+435, 105581, 0, -1509.78, -1689.98, 68.8217, 4.90438, 0, 0, -0.636078, 0.771625, 7200, 7200, 100, 1),
(@CGUID+1022, 2857, 0, -1918.29, -2790.39, 71.2649, 5.20108, 0, 0, -0.515038, 0.857168, 7200, 7200, 100, 1);
INSERT INTO `pool_gameobject` (`guid`, `pool_entry`, `chance`, `description`) VALUES
(@CGUID+392, @POOLID+17, 0, 'Chests in Arathi Highlands'),
(@CGUID+393, @POOLID+17, 0, 'Chests in Arathi Highlands'),
(@CGUID+394, @POOLID+17, 0, 'Chests in Arathi Highlands'),
(@CGUID+395, @POOLID+17, 0, 'Chests in Arathi Highlands'),
(@CGUID+396, @POOLID+17, 0, 'Chests in Arathi Highlands'),
(@CGUID+397, @POOLID+17, 0, 'Chests in Arathi Highlands'),
(@CGUID+398, @POOLID+17, 0, 'Chests in Arathi Highlands'),
(@CGUID+399, @POOLID+17, 0, 'Chests in Arathi Highlands'),
(@CGUID+400, @POOLID+17, 0, 'Chests in Arathi Highlands'),
(@CGUID+401, @POOLID+17, 0, 'Chests in Arathi Highlands'),
(@CGUID+402, @POOLID+17, 0, 'Chests in Arathi Highlands'),
(@CGUID+403, @POOLID+17, 0, 'Chests in Arathi Highlands'),
(@CGUID+404, @POOLID+17, 0, 'Chests in Arathi Highlands'),
(@CGUID+405, @POOLID+17, 0, 'Chests in Arathi Highlands'),
(@CGUID+406, @POOLID+17, 0, 'Chests in Arathi Highlands'),
(@CGUID+407, @POOLID+17, 0, 'Chests in Arathi Highlands'),
(@CGUID+408, @POOLID+17, 0, 'Chests in Arathi Highlands'),
(@CGUID+409, @POOLID+17, 0, 'Chests in Arathi Highlands'),
(@CGUID+410, @POOLID+17, 0, 'Chests in Arathi Highlands'),
(@CGUID+411, @POOLID+17, 0, 'Chests in Arathi Highlands'),
(@CGUID+412, @POOLID+17, 0, 'Chests in Arathi Highlands'),
(@CGUID+413, @POOLID+17, 0, 'Chests in Arathi Highlands'),
(@CGUID+414, @POOLID+17, 0, 'Chests in Arathi Highlands'),
(@CGUID+415, @POOLID+17, 0, 'Chests in Arathi Highlands'),
(@CGUID+416, @POOLID+17, 0, 'Chests in Arathi Highlands'),
(@CGUID+417, @POOLID+17, 0, 'Chests in Arathi Highlands'),
(@CGUID+418, @POOLID+17, 0, 'Chests in Arathi Highlands'),
(@CGUID+419, @POOLID+17, 0, 'Chests in Arathi Highlands'),
(@CGUID+420, @POOLID+17, 0, 'Chests in Arathi Highlands'),
(@CGUID+421, @POOLID+17, 0, 'Chests in Arathi Highlands'),
(@CGUID+422, @POOLID+17, 0, 'Chests in Arathi Highlands'),
(@CGUID+423, @POOLID+17, 0, 'Chests in Arathi Highlands'),
(@CGUID+424, @POOLID+17, 0, 'Chests in Arathi Highlands'),
(@CGUID+425, @POOLID+17, 0, 'Chests in Arathi Highlands'),
(@CGUID+426, @POOLID+17, 0, 'Chests in Arathi Highlands'),
(@CGUID+427, @POOLID+17, 0, 'Chests in Arathi Highlands'),
(@CGUID+428, @POOLID+17, 0, 'Chests in Arathi Highlands'),
(@CGUID+429, @POOLID+17, 0, 'Chests in Arathi Highlands'),
(@CGUID+430, @POOLID+17, 0, 'Chests in Arathi Highlands'),
(@CGUID+431, @POOLID+17, 0, 'Chests in Arathi Highlands'),
(@CGUID+432, @POOLID+17, 0, 'Chests in Arathi Highlands'),
(@CGUID+433, @POOLID+17, 0, 'Chests in Arathi Highlands'),
(@CGUID+434, @POOLID+17, 0, 'Chests in Arathi Highlands'),
(@CGUID+435, @POOLID+17, 0, 'Chests in Arathi Highlands'),
(@CGUID+1022, @POOLID+17, 0, 'Chests in Arathi Highlands');

-- Chests in Burning Steppes
INSERT INTO `pool_template` (`entry`, `max_limit`, `description`) VALUES (@POOLID+18, 5, 'Chests in Burning Steppes');
INSERT INTO `gameobject` (`guid`, `id`, `map`, `position_x`, `position_y`, `position_z`, `orientation`, `rotation0`, `rotation1`, `rotation2`, `rotation3`, `spawntimesecsmin`, `spawntimesecsmax`, `animprogress`, `state`) VALUES
(@CGUID+436, 153453, 0, -8170.18, -1574.75, 138.857, 1.39626, 0, 0, 0.642787, 0.766045, 259200, 259200, 100, 1),
(@CGUID+437, 153453, 0, -7956.8, -904.648, 131.554, 0.383971, 0, 0, 0.190808, 0.981627, 259200, 259200, 100, 1),
(@CGUID+438, 153453, 0, -7769.91, -2852.65, 133.439, 6.07375, 0, 0, -0.104528, 0.994522, 259200, 259200, 100, 1),
(@CGUID+439, 153453, 0, -8249.01, -1181.16, 143.007, 6.0912, 0, 0, -0.0958452, 0.995396, 259200, 259200, 100, 1),
(@CGUID+440, 153453, 0, -8122.53, -2498.15, 139.938, 2.42601, 0, 0, 0.936672, 0.350207, 259200, 259200, 100, 1),
(@CGUID+441, 153453, 0, -7932.06, -2693.91, 146.367, 3.10665, 0, 0, 0.999847, 0.0174693, 259200, 259200, 100, 1),
(@CGUID+442, 153453, 0, -7694.8, -1534.44, 131.682, 3.47321, 0, 0, -0.986285, 0.16505, 259200, 259200, 100, 1),
(@CGUID+443, 153453, 0, -7763.62, -1524.23, 131.932, 0.401425, 0, 0, 0.199368, 0.979925, 259200, 259200, 100, 1),
(@CGUID+444, 153453, 0, -7971.75, -1322.26, 132.953, 4.2237, 0, 0, -0.857167, 0.515038, 259200, 259200, 100, 1),
(@CGUID+445, 153453, 0, -8080.28, -1891.26, 147.863, 4.7473, 0, 0, -0.694658, 0.71934, 259200, 259200, 100, 1),
(@CGUID+446, 153453, 0, -8092.34, -1403.27, 130.926, 4.41568, 0, 0, -0.803857, 0.594823, 259200, 259200, 100, 1),
(@CGUID+447, 153453, 0, -8239.28, -2523.26, 140.573, 0.523598, 0, 0, 0.258819, 0.965926, 259200, 259200, 100, 1),
(@CGUID+448, 153453, 0, -7985.18, -2630.35, 166.192, 1.309, 0, 0, 0.608761, 0.793354, 259200, 259200, 100, 1),
(@CGUID+449, 153453, 0, -8073.49, -2968.62, 134.251, 4.01426, 0, 0, -0.906307, 0.422619, 259200, 259200, 100, 1),
(@CGUID+450, 153453, 0, -8225.17, -1954.8, 142.569, 0.645772, 0, 0, 0.317305, 0.948324, 259200, 259200, 100, 1),
(@CGUID+451, 153453, 0, -7702.62, -1460.46, 140.932, 1.29154, 0, 0, 0.601814, 0.798636, 259200, 259200, 100, 1),
(@CGUID+452, 153453, 0, -8068.42, -1762.72, 138.351, 1.88495, 0, 0, 0.809016, 0.587786, 259200, 259200, 100, 1),
(@CGUID+453, 153453, 0, -7550.28, -2740.63, 136.647, 3.21142, 0, 0, -0.999391, 0.0349061, 259200, 259200, 100, 1),
(@CGUID+454, 153453, 0, -7905.95, -2664.47, 168.279, 0.401425, 0, 0, 0.199368, 0.979925, 259200, 259200, 100, 1),
(@CGUID+1023, 4149, 0, -7438.18, -2317.32, 237.041, 5.60251, 0, 0, -0.333807, 0.942641, 7200, 7200, 100, 1);
INSERT INTO `pool_gameobject` (`guid`, `pool_entry`, `chance`, `description`) VALUES
(@CGUID+436, @POOLID+18, 0, 'Chests in Burning Steppes'),
(@CGUID+437, @POOLID+18, 0, 'Chests in Burning Steppes'),
(@CGUID+438, @POOLID+18, 0, 'Chests in Burning Steppes'),
(@CGUID+439, @POOLID+18, 0, 'Chests in Burning Steppes'),
(@CGUID+440, @POOLID+18, 0, 'Chests in Burning Steppes'),
(@CGUID+441, @POOLID+18, 0, 'Chests in Burning Steppes'),
(@CGUID+442, @POOLID+18, 0, 'Chests in Burning Steppes'),
(@CGUID+443, @POOLID+18, 0, 'Chests in Burning Steppes'),
(@CGUID+444, @POOLID+18, 0, 'Chests in Burning Steppes'),
(@CGUID+445, @POOLID+18, 0, 'Chests in Burning Steppes'),
(@CGUID+446, @POOLID+18, 0, 'Chests in Burning Steppes'),
(@CGUID+447, @POOLID+18, 0, 'Chests in Burning Steppes'),
(@CGUID+448, @POOLID+18, 0, 'Chests in Burning Steppes'),
(@CGUID+449, @POOLID+18, 0, 'Chests in Burning Steppes'),
(@CGUID+450, @POOLID+18, 0, 'Chests in Burning Steppes'),
(@CGUID+451, @POOLID+18, 0, 'Chests in Burning Steppes'),
(@CGUID+452, @POOLID+18, 0, 'Chests in Burning Steppes'),
(@CGUID+453, @POOLID+18, 0, 'Chests in Burning Steppes'),
(@CGUID+454, @POOLID+18, 0, 'Chests in Burning Steppes'),
(@CGUID+1023, @POOLID+18, 0, 'Chests in Burning Steppes');

-- Chests in The Hinterlands
INSERT INTO `pool_template` (`entry`, `max_limit`, `description`) VALUES (@POOLID+19, 7, 'Chests in The Hinterlands');
INSERT INTO `gameobject` (`guid`, `id`, `map`, `position_x`, `position_y`, `position_z`, `orientation`, `rotation0`, `rotation1`, `rotation2`, `rotation3`, `spawntimesecsmin`, `spawntimesecsmax`, `animprogress`, `state`) VALUES
(@CGUID+455, 4149, 0, -477.565, -2814.38, 110.539, 3.4383, 0, 0, -0.989016, 0.147811, 7200, 7200, 100, 1),
(@CGUID+456, 4149, 0, -305.712, -3402.4, 165.572, 6.16101, 0, 0, -0.0610485, 0.998135, 7200, 7200, 100, 1),
(@CGUID+457, 4149, 0, -249.456, -2551.53, 117.288, 0.226892, 0, 0, 0.113203, 0.993572, 7200, 7200, 100, 1),
(@CGUID+458, 4149, 0, -382.985, -3008.53, 109.563, 1.09956, 0, 0, 0.522498, 0.85264, 7200, 7200, 100, 1),
(@CGUID+459, 4149, 0, -268.738, -2792.09, 111.674, 1.16937, 0, 0, 0.551936, 0.833886, 7200, 7200, 100, 1),
(@CGUID+460, 4149, 0, -294.901, -3471.44, 192.46, 0.95993, 0, 0, 0.461748, 0.887011, 7200, 7200, 100, 1),
(@CGUID+461, 4149, 0, -57.3702, -3162.79, 95.2744, 4.46804, 0, 0, -0.788011, 0.615662, 7200, 7200, 100, 1),
(@CGUID+462, 4149, 0, -41.2321, -2810.77, 122.291, 3.50812, 0, 0, -0.983254, 0.182238, 7200, 7200, 100, 1),
(@CGUID+463, 4149, 0, -233.413, -3120.78, 125.667, 3.33359, 0, 0, -0.995396, 0.0958512, 7200, 7200, 100, 1),
(@CGUID+464, 153451, 0, -189.69, -3919.23, 215.861, 3.75246, 0, 0, -0.953716, 0.300708, 7200, 7200, 100, 1),
(@CGUID+465, 153451, 0, 445.376, -3321.57, 120.824, 1.01229, 0, 0, 0.484809, 0.87462, 7200, 7200, 100, 1),
(@CGUID+466, 153451, 0, 476.848, -3619.85, 118.363, 2.30383, 0, 0, 0.913545, 0.406738, 7200, 7200, 100, 1),
(@CGUID+467, 153451, 0, -355.508, -4077.57, 177.515, 6.23083, 0, 0, -0.0261765, 0.999657, 7200, 7200, 100, 1),
(@CGUID+468, 153451, 0, -343.456, -4220.94, 152.02, 6.14356, 0, 0, -0.0697556, 0.997564, 7200, 7200, 100, 1),
(@CGUID+469, 153451, 0, 381.921, -3787.64, 168.509, 5.58505, 0, 0, -0.34202, 0.939693, 7200, 7200, 100, 1),
(@CGUID+470, 153451, 0, 213.652, -4312.45, 117.838, 4.90438, 0, 0, -0.636078, 0.771625, 7200, 7200, 100, 1),
(@CGUID+471, 153451, 0, 322.28, -4134.71, 120.035, 0.523598, 0, 0, 0.258819, 0.965926, 7200, 7200, 100, 1),
(@CGUID+472, 153451, 0, 98.6047, -3510.1, 108.363, 3.03684, 0, 0, 0.998629, 0.0523532, 7200, 7200, 100, 1),
(@CGUID+473, 153451, 0, -517.781, -4180.18, 215.861, 1.36136, 0, 0, 0.62932, 0.777146, 7200, 7200, 100, 1),
(@CGUID+474, 153451, 0, -200.11, -4048.97, 177.774, 1.27409, 0, 0, 0.594822, 0.803857, 7200, 7200, 100, 1),
(@CGUID+475, 153451, 0, -161.006, -3784.68, 239.553, 1.13446, 0, 0, 0.537299, 0.843392, 7200, 7200, 100, 1),
(@CGUID+476, 153451, 0, -417.437, -4015.41, 195.178, 4.08407, 0, 0, -0.891006, 0.453991, 7200, 7200, 100, 1),
(@CGUID+477, 153451, 0, -402.939, -3824.5, 238.351, 2.56563, 0, 0, 0.958819, 0.284016, 7200, 7200, 100, 1),
(@CGUID+478, 153451, 0, -245.525, -4179.18, 121.946, 6.21337, 0, 0, -0.0348988, 0.999391, 7200, 7200, 100, 1),
(@CGUID+479, 153451, 0, -416.233, -4202.66, 174.142, 4.83456, 0, 0, -0.66262, 0.748956, 7200, 7200, 100, 1),
(@CGUID+480, 153451, 0, -204.854, -3964.76, 195.571, 5.39307, 0, 0, -0.430511, 0.902586, 7200, 7200, 100, 1),
(@CGUID+481, 153451, 0, -678.642, -4035.07, 238.373, 4.57276, 0, 0, -0.754709, 0.656059, 7200, 7200, 100, 1),
(@CGUID+1024, 4149, 0, -43.0638, -2478.95, 119.087, 2.25147, 0, 0, 0.902585, 0.430512, 7200, 7200, 100, 1);
INSERT INTO `pool_gameobject` (`guid`, `pool_entry`, `chance`, `description`) VALUES
(@CGUID+455, @POOLID+19, 0, 'Chests in The Hinterlands'),
(@CGUID+456, @POOLID+19, 0, 'Chests in The Hinterlands'),
(@CGUID+457, @POOLID+19, 0, 'Chests in The Hinterlands'),
(@CGUID+458, @POOLID+19, 0, 'Chests in The Hinterlands'),
(@CGUID+459, @POOLID+19, 0, 'Chests in The Hinterlands'),
(@CGUID+460, @POOLID+19, 0, 'Chests in The Hinterlands'),
(@CGUID+461, @POOLID+19, 0, 'Chests in The Hinterlands'),
(@CGUID+462, @POOLID+19, 0, 'Chests in The Hinterlands'),
(@CGUID+463, @POOLID+19, 0, 'Chests in The Hinterlands'),
(@CGUID+464, @POOLID+19, 0, 'Chests in The Hinterlands'),
(@CGUID+465, @POOLID+19, 0, 'Chests in The Hinterlands'),
(@CGUID+466, @POOLID+19, 0, 'Chests in The Hinterlands'),
(@CGUID+467, @POOLID+19, 0, 'Chests in The Hinterlands'),
(@CGUID+468, @POOLID+19, 0, 'Chests in The Hinterlands'),
(@CGUID+469, @POOLID+19, 0, 'Chests in The Hinterlands'),
(@CGUID+470, @POOLID+19, 0, 'Chests in The Hinterlands'),
(@CGUID+471, @POOLID+19, 0, 'Chests in The Hinterlands'),
(@CGUID+472, @POOLID+19, 0, 'Chests in The Hinterlands'),
(@CGUID+473, @POOLID+19, 0, 'Chests in The Hinterlands'),
(@CGUID+474, @POOLID+19, 0, 'Chests in The Hinterlands'),
(@CGUID+475, @POOLID+19, 0, 'Chests in The Hinterlands'),
(@CGUID+476, @POOLID+19, 0, 'Chests in The Hinterlands'),
(@CGUID+477, @POOLID+19, 0, 'Chests in The Hinterlands'),
(@CGUID+478, @POOLID+19, 0, 'Chests in The Hinterlands'),
(@CGUID+479, @POOLID+19, 0, 'Chests in The Hinterlands'),
(@CGUID+480, @POOLID+19, 0, 'Chests in The Hinterlands'),
(@CGUID+481, @POOLID+19, 0, 'Chests in The Hinterlands'),
(@CGUID+1024, @POOLID+19, 0, 'Chests in The Hinterlands');

-- Chests in Searing Gorge
INSERT INTO `pool_template` (`entry`, `max_limit`, `description`) VALUES (@POOLID+20, 3, 'Chests in Searing Gorge');
INSERT INTO `gameobject` (`guid`, `id`, `map`, `position_x`, `position_y`, `position_z`, `orientation`, `rotation0`, `rotation1`, `rotation2`, `rotation3`, `spawntimesecsmin`, `spawntimesecsmax`, `animprogress`, `state`) VALUES
(@CGUID+482, 4149, 0, -6666.43, -716.584, 238.184, 5.2709, 0, 0, -0.484809, 0.87462, 7200, 7200, 100, 1),
(@CGUID+483, 4149, 0, -6831.52, -1161.4, 241.089, 2.65289, 0, 0, 0.970295, 0.241925, 7200, 7200, 100, 1),
(@CGUID+484, 4149, 0, -6469.97, -1368.05, 212.107, 6.24828, 0, 0, -0.0174522, 0.999848, 7200, 7200, 100, 1),
(@CGUID+485, 4149, 0, -7033.53, -1311.28, 256.868, 1.85005, 0, 0, 0.798635, 0.601815, 7200, 7200, 100, 1),
(@CGUID+486, 4149, 0, -6467.37, -900.228, 324.337, 3.82227, 0, 0, -0.942641, 0.333808, 7200, 7200, 100, 1),
(@CGUID+487, 4149, 0, -6974.81, -1124.58, 256.031, 2.80998, 0, 0, 0.986285, 0.16505, 7200, 7200, 100, 1),
(@CGUID+488, 4149, 0, -7031.12, -1712.23, 241.667, 0.436332, 0, 0, 0.216439, 0.976296, 7200, 7200, 100, 1),
(@CGUID+489, 4149, 0, -6469.35, -962.396, 335.602, 2.72271, 0, 0, 0.978148, 0.207912, 7200, 7200, 100, 1),
(@CGUID+490, 4149, 0, -6717.42, -1218.2, 181.432, 4.93928, 0, 0, -0.622514, 0.782609, 7200, 7200, 100, 1),
(@CGUID+491, 4149, 0, -6602.92, -1312.25, 208.743, 5.42797, 0, 0, -0.414693, 0.909961, 7200, 7200, 100, 1),
(@CGUID+492, 4149, 0, -6676.9, -1337.2, 247.961, 0.541051, 0, 0, 0.267238, 0.963631, 7200, 7200, 100, 1),
(@CGUID+493, 4149, 0, -6679.84, -1169.02, 240.224, 2.87979, 0, 0, 0.991445, 0.130528, 7200, 7200, 100, 1),
(@CGUID+494, 4149, 0, -6918.89, -1412.95, 256.107, 3.54302, 0, 0, -0.979924, 0.19937, 7200, 7200, 100, 1),
(@CGUID+495, 4149, 0, -6873.67, -1321.84, 243.05, 2.68781, 0, 0, 0.97437, 0.224951, 7200, 7200, 100, 1),
(@CGUID+496, 4149, 0, -6414.12, -1253.51, 180.939, 1.43117, 0, 0, 0.656058, 0.75471, 7200, 7200, 100, 1);
INSERT INTO `pool_gameobject` (`guid`, `pool_entry`, `chance`, `description`) VALUES
(@CGUID+482, @POOLID+20, 0, 'Chests in Searing Gorge'),
(@CGUID+483, @POOLID+20, 0, 'Chests in Searing Gorge'),
(@CGUID+484, @POOLID+20, 0, 'Chests in Searing Gorge'),
(@CGUID+485, @POOLID+20, 0, 'Chests in Searing Gorge'),
(@CGUID+486, @POOLID+20, 0, 'Chests in Searing Gorge'),
(@CGUID+487, @POOLID+20, 0, 'Chests in Searing Gorge'),
(@CGUID+488, @POOLID+20, 0, 'Chests in Searing Gorge'),
(@CGUID+489, @POOLID+20, 0, 'Chests in Searing Gorge'),
(@CGUID+490, @POOLID+20, 0, 'Chests in Searing Gorge'),
(@CGUID+491, @POOLID+20, 0, 'Chests in Searing Gorge'),
(@CGUID+492, @POOLID+20, 0, 'Chests in Searing Gorge'),
(@CGUID+493, @POOLID+20, 0, 'Chests in Searing Gorge'),
(@CGUID+494, @POOLID+20, 0, 'Chests in Searing Gorge'),
(@CGUID+495, @POOLID+20, 0, 'Chests in Searing Gorge'),
(@CGUID+496, @POOLID+20, 0, 'Chests in Searing Gorge');

-- Chests in Tirisfal Glades
INSERT INTO `pool_template` (`entry`, `max_limit`, `description`) VALUES (@POOLID+21, 5, 'Chests in Tirisfal Glades');
INSERT INTO `gameobject` (`guid`, `id`, `map`, `position_x`, `position_y`, `position_z`, `orientation`, `rotation0`, `rotation1`, `rotation2`, `rotation3`, `spawntimesecsmin`, `spawntimesecsmax`, `animprogress`, `state`) VALUES
(@CGUID+497, 2843, 0, 1965.06, 1617.98, 88.2024, 4.92183, 0, 0, -0.62932, 0.777146, 36000, 40000, 100, 1),
(@CGUID+498, 2843, 0, 2019.49, 1853.65, 102.669, 4.18879, 0, 0, -0.866025, 0.500001, 36000, 40000, 100, 1),
(@CGUID+499, 2843, 0, 2081.69, 1967.03, 101.193, 2.82743, 0, 0, 0.987688, 0.156436, 36000, 40000, 100, 1),
(@CGUID+500, 2843, 0, 2041.63, 1935.11, 106.99, 4.67748, 0, 0, -0.719339, 0.694659, 36000, 40000, 100, 1),
(@CGUID+501, 2843, 0, 1900.49, 1487.23, 93.9514, 1.44862, 0, 0, 0.66262, 0.748956, 36000, 40000, 100, 1),
(@CGUID+502, 2843, 0, 1788.8, 1345.5, 89.2825, 5.34071, 0, 0, -0.45399, 0.891007, 36000, 40000, 100, 1),
(@CGUID+503, 2843, 0, 1963.66, 1383.45, 64.1756, 4.99164, 0, 0, -0.601814, 0.798636, 36000, 40000, 100, 1),
(@CGUID+504, 106318, 0, 2762.72, 788.501, 114.367, 1.95477, 0, 0, 0.829038, 0.559193, 309, 909, 100, 1),
(@CGUID+505, 106318, 0, 2036.27, -455.528, 35.8657, 2.25147, 0, 0, 0.902585, 0.430512, 309, 909, 100, 1),
(@CGUID+506, 106318, 0, 3026.86, 373.43, -1.28392, 3.26377, 0, 0, -0.998135, 0.0610518, 309, 909, 100, 1),
(@CGUID+507, 106318, 0, 2826.1, 808.456, 113.606, 5.07891, 0, 0, -0.566406, 0.824126, 309, 909, 100, 1),
(@CGUID+508, 106318, 0, 2155.44, -510.988, 81.639, 3.99681, 0, 0, -0.909961, 0.414694, 309, 909, 100, 1),
(@CGUID+509, 106318, 0, 3058.92, -257.522, 1.97371, 1.76278, 0, 0, 0.771625, 0.636078, 309, 909, 100, 1),
(@CGUID+510, 106318, 0, 2342.99, 1319.23, 34.0111, 4.55531, 0, 0, -0.760406, 0.649449, 309, 909, 100, 1),
(@CGUID+511, 106318, 0, 2603.06, 1464.46, -10.673, 2.53072, 0, 0, 0.953716, 0.300708, 309, 909, 100, 1),
(@CGUID+512, 106318, 0, 1807.04, 728.572, 53.7584, 2.35619, 0, 0, 0.92388, 0.382683, 309, 909, 100, 1),
(@CGUID+513, 106318, 0, 2550.12, 783.427, 110.544, 3.07177, 0, 0, 0.999391, 0.0349061, 309, 909, 100, 1),
(@CGUID+514, 106318, 0, 2914.1, 377.418, 31.4822, 3.57793, 0, 0, -0.976295, 0.216442, 309, 909, 100, 1),
(@CGUID+515, 106318, 0, 3058.99, 2.03689, -1.59202, 3.71755, 0, 0, -0.958819, 0.284016, 309, 909, 100, 1),
(@CGUID+516, 106318, 0, 2846.95, 416.488, 20.8466, 1.3439, 0, 0, 0.622514, 0.782609, 309, 909, 100, 1),
(@CGUID+1025, 106318, 0, 2597.65, -24.9518, 21.4965, 3.38594, 0, 0, -0.992546, 0.12187, 309, 909, 100, 1);
INSERT INTO `pool_gameobject` (`guid`, `pool_entry`, `chance`, `description`) VALUES
(@CGUID+497, @POOLID+21, 0, 'Chests in Tirisfal Glades'),
(@CGUID+498, @POOLID+21, 0, 'Chests in Tirisfal Glades'),
(@CGUID+499, @POOLID+21, 0, 'Chests in Tirisfal Glades'),
(@CGUID+500, @POOLID+21, 0, 'Chests in Tirisfal Glades'),
(@CGUID+501, @POOLID+21, 0, 'Chests in Tirisfal Glades'),
(@CGUID+502, @POOLID+21, 0, 'Chests in Tirisfal Glades'),
(@CGUID+503, @POOLID+21, 0, 'Chests in Tirisfal Glades'),
(@CGUID+504, @POOLID+21, 0, 'Chests in Tirisfal Glades'),
(@CGUID+505, @POOLID+21, 0, 'Chests in Tirisfal Glades'),
(@CGUID+506, @POOLID+21, 0, 'Chests in Tirisfal Glades'),
(@CGUID+507, @POOLID+21, 0, 'Chests in Tirisfal Glades'),
(@CGUID+508, @POOLID+21, 0, 'Chests in Tirisfal Glades'),
(@CGUID+509, @POOLID+21, 0, 'Chests in Tirisfal Glades'),
(@CGUID+510, @POOLID+21, 0, 'Chests in Tirisfal Glades'),
(@CGUID+511, @POOLID+21, 0, 'Chests in Tirisfal Glades'),
(@CGUID+512, @POOLID+21, 0, 'Chests in Tirisfal Glades'),
(@CGUID+513, @POOLID+21, 0, 'Chests in Tirisfal Glades'),
(@CGUID+514, @POOLID+21, 0, 'Chests in Tirisfal Glades'),
(@CGUID+515, @POOLID+21, 0, 'Chests in Tirisfal Glades'),
(@CGUID+516, @POOLID+21, 0, 'Chests in Tirisfal Glades'),
(@CGUID+1025, @POOLID+21, 0, 'Chests in Tirisfal Glades');

-- Chests in Silverpine Forest
INSERT INTO `pool_template` (`entry`, `max_limit`, `description`) VALUES (@POOLID+22, 11, 'Chests in Silverpine Forest');
INSERT INTO `gameobject` (`guid`, `id`, `map`, `position_x`, `position_y`, `position_z`, `orientation`, `rotation0`, `rotation1`, `rotation2`, `rotation3`, `spawntimesecsmin`, `spawntimesecsmax`, `animprogress`, `state`) VALUES
(@CGUID+517, 2849, 0, 987.957, 600.792, 54.9516, 2.56563, 0, 0, 0.958819, 0.284016, 7200, 7200, 100, 1),
(@CGUID+518, 2849, 0, 805.334, 165.878, 33.9496, 1.85005, 0, 0, 0.798635, 0.601815, 7200, 7200, 100, 1),
(@CGUID+519, 2849, 0, 1016, 719.293, 60.975, 3.10665, 0, 0, 0.999847, 0.0174693, 7200, 7200, 100, 1),
(@CGUID+520, 2849, 0, 1016.97, 708.279, 74.0034, 1.41372, 0, 0, 0.649447, 0.760406, 7200, 7200, 100, 1),
(@CGUID+521, 2849, 0, 999.366, 699.265, 53.8207, 1.02974, 0, 0, 0.492423, 0.870356, 7200, 7200, 100, 1),
(@CGUID+522, 2849, 0, 1007.49, 686.36, 53.8181, 0.977383, 0, 0, 0.469471, 0.882948, 7200, 7200, 100, 1),
(@CGUID+523, 2849, 0, 489.196, 722.214, 31.3016, 6.02139, 0, 0, -0.130526, 0.991445, 7200, 7200, 100, 1),
(@CGUID+524, 2849, 0, 1024, 727.992, 59.3686, 0.733038, 0, 0, 0.358368, 0.93358, 7200, 7200, 100, 1),
(@CGUID+525, 2849, 0, 273.66, 741.958, 45.9023, 5.044, 0, 0, -0.580703, 0.814116, 7200, 7200, 100, 1),
(@CGUID+526, 2849, 0, 389.709, 645.387, 35.1687, 3.89209, 0, 0, -0.930417, 0.366502, 7200, 7200, 100, 1),
(@CGUID+527, 106319, 0, 1036.52, 1620.64, 25.1019, 0.820303, 0, 0, 0.398748, 0.91706, 7200, 7200, 100, 1),
(@CGUID+528, 106319, 0, 996.038, 1571.19, 28.7842, 1.11701, 0, 0, 0.529919, 0.848048, 7200, 7200, 100, 1),
(@CGUID+529, 106319, 0, 874.681, 1237.96, 52.6016, 6.00393, 0, 0, -0.139173, 0.990268, 7200, 7200, 100, 1),
(@CGUID+530, 106319, 0, 778.225, 1620.16, 30.3357, 1.44862, 0, 0, 0.66262, 0.748956, 7200, 7200, 100, 1),
(@CGUID+531, 106319, 0, 1115.22, 1107.16, 41.4903, 4.38078, 0, 0, -0.814116, 0.580703, 7200, 7200, 100, 1),
(@CGUID+532, 106319, 0, 875.372, 1241.4, 46.9581, 5.63741, 0, 0, -0.317305, 0.948324, 7200, 7200, 100, 1),
(@CGUID+533, 106319, 0, 969.376, 1225.46, 48.1095, 4.83456, 0, 0, -0.66262, 0.748956, 7200, 7200, 100, 1),
(@CGUID+534, 106319, 0, 1054.63, 1601.91, 29.0636, 5.02655, 0, 0, -0.587785, 0.809017, 7200, 7200, 100, 1),
(@CGUID+535, 106319, 0, 1324.06, 729.208, 32.3627, 2.93214, 0, 0, 0.994521, 0.104536, 7200, 7200, 100, 1),
(@CGUID+536, 106319, 0, 1208.59, 896.665, 33.4174, 2.61799, 0, 0, 0.965925, 0.258821, 7200, 7200, 100, 1),
(@CGUID+537, 106319, 0, 110.101, 1446.49, 114.696, 4.86947, 0, 0, -0.649447, 0.760406, 7200, 7200, 100, 1),
(@CGUID+538, 106319, 0, 844.727, 1920.26, -4.62497, 2.44346, 0, 0, 0.939692, 0.34202, 7200, 7200, 100, 1),
(@CGUID+539, 106319, 0, -338.33, 1597.92, 17.0153, 5.68977, 0, 0, -0.292372, 0.956305, 7200, 7200, 100, 1),
(@CGUID+540, 106319, 0, 1175.96, 931.949, 33.0883, 3.89209, 0, 0, -0.930417, 0.366502, 7200, 7200, 100, 1),
(@CGUID+541, 106319, 0, 1093.89, 1575.27, 28.1143, 3.6652, 0, 0, -0.965925, 0.258821, 7200, 7200, 100, 1),
(@CGUID+542, 106319, 0, 1007.36, 1566.84, 28.9856, 1.32645, 0, 0, 0.615661, 0.788011, 7200, 7200, 100, 1),
(@CGUID+543, 106319, 0, 134.839, 1506.64, 114.412, 3.76991, 0, 0, -0.951056, 0.309017, 7200, 7200, 100, 1),
(@CGUID+544, 106319, 0, 895.424, 1089.89, 32.2036, 0.994837, 0, 0, 0.477159, 0.878817, 7200, 7200, 100, 1),
(@CGUID+545, 106319, 0, 983.86, 1199.85, 48.4682, 0.680677, 0, 0, 0.333806, 0.942642, 7200, 7200, 100, 1),
(@CGUID+546, 106319, 0, 981.954, 1425.01, 38.3619, 0.226892, 0, 0, 0.113203, 0.993572, 7200, 7200, 100, 1),
(@CGUID+547, 106319, 0, 1298.63, 665.104, 32.3069, 0.855211, 0, 0, 0.414693, 0.909961, 7200, 7200, 100, 1),
(@CGUID+548, 106319, 0, -401.628, 1467.65, 26.1344, 5.89921, 0, 0, -0.190808, 0.981627, 7200, 7200, 100, 1),
(@CGUID+549, 106319, 0, -336.079, 1516.02, 16.8309, 5.07891, 0, 0, -0.566406, 0.824126, 7200, 7200, 100, 1),
(@CGUID+550, 106319, 0, 1158.05, 965.709, 32.3014, 3.07177, 0, 0, 0.999391, 0.0349061, 7200, 7200, 100, 1),
(@CGUID+551, 111095, 0, 73.6614, 767.879, 63.6439, 4.88692, 0, 0, -0.642787, 0.766045, 7200, 7200, 100, 1),
(@CGUID+552, 111095, 0, -225.795, 807.346, 75.4164, 1.20428, 0, 0, 0.566406, 0.824126, 7200, 7200, 100, 1),
(@CGUID+553, 111095, 0, -105.879, 810.486, 63.712, 0.087266, 0, 0, 0.0436192, 0.999048, 7200, 7200, 100, 1),
(@CGUID+554, 111095, 0, 62.7082, 789.352, 64.0437, 2.42601, 0, 0, 0.936672, 0.350207, 7200, 7200, 100, 1),
(@CGUID+555, 111095, 0, 38.3443, 792.112, 64.9459, 6.16101, 0, 0, -0.0610485, 0.998135, 7200, 7200, 100, 1),
(@CGUID+556, 111095, 0, -470.033, 826.422, 96.8248, 5.67232, 0, 0, -0.300705, 0.953717, 7200, 7200, 100, 1),
(@CGUID+557, 111095, 0, -348.764, 949.185, 129.781, 0.767944, 0, 0, 0.374606, 0.927184, 7200, 7200, 100, 1),
(@CGUID+558, 111095, 0, -71.4637, 808.973, 64.8878, 3.14159, 0, 0, -1, 0, 7200, 7200, 100, 1),
(@CGUID+559, 111095, 0, -83.4207, 802.136, 63.7815, 5.32326, 0, 0, -0.461748, 0.887011, 7200, 7200, 100, 1),
(@CGUID+1026, 106319, 0, 700.455, 1159.61, 57.115, 2.87979, 0, 0, 0.991445, 0.130528, 7200, 7200, 100, 1),
(@CGUID+1027, 111095, 0, -151.1, 799.07, 63.9039, 1.97222, 0, 0, 0.833885, 0.551938, 7200, 7200, 100, 1);
INSERT INTO `pool_gameobject` (`guid`, `pool_entry`, `chance`, `description`) VALUES
(@CGUID+517, @POOLID+22, 0, 'Chests in Silverpine Forest'),
(@CGUID+518, @POOLID+22, 0, 'Chests in Silverpine Forest'),
(@CGUID+519, @POOLID+22, 0, 'Chests in Silverpine Forest'),
(@CGUID+520, @POOLID+22, 0, 'Chests in Silverpine Forest'),
(@CGUID+521, @POOLID+22, 0, 'Chests in Silverpine Forest'),
(@CGUID+522, @POOLID+22, 0, 'Chests in Silverpine Forest'),
(@CGUID+523, @POOLID+22, 0, 'Chests in Silverpine Forest'),
(@CGUID+524, @POOLID+22, 0, 'Chests in Silverpine Forest'),
(@CGUID+525, @POOLID+22, 0, 'Chests in Silverpine Forest'),
(@CGUID+526, @POOLID+22, 0, 'Chests in Silverpine Forest'),
(@CGUID+527, @POOLID+22, 0, 'Chests in Silverpine Forest'),
(@CGUID+528, @POOLID+22, 0, 'Chests in Silverpine Forest'),
(@CGUID+529, @POOLID+22, 0, 'Chests in Silverpine Forest'),
(@CGUID+530, @POOLID+22, 0, 'Chests in Silverpine Forest'),
(@CGUID+531, @POOLID+22, 0, 'Chests in Silverpine Forest'),
(@CGUID+532, @POOLID+22, 0, 'Chests in Silverpine Forest'),
(@CGUID+533, @POOLID+22, 0, 'Chests in Silverpine Forest'),
(@CGUID+534, @POOLID+22, 0, 'Chests in Silverpine Forest'),
(@CGUID+535, @POOLID+22, 0, 'Chests in Silverpine Forest'),
(@CGUID+536, @POOLID+22, 0, 'Chests in Silverpine Forest'),
(@CGUID+537, @POOLID+22, 0, 'Chests in Silverpine Forest'),
(@CGUID+538, @POOLID+22, 0, 'Chests in Silverpine Forest'),
(@CGUID+539, @POOLID+22, 0, 'Chests in Silverpine Forest'),
(@CGUID+540, @POOLID+22, 0, 'Chests in Silverpine Forest'),
(@CGUID+541, @POOLID+22, 0, 'Chests in Silverpine Forest'),
(@CGUID+542, @POOLID+22, 0, 'Chests in Silverpine Forest'),
(@CGUID+543, @POOLID+22, 0, 'Chests in Silverpine Forest'),
(@CGUID+544, @POOLID+22, 0, 'Chests in Silverpine Forest'),
(@CGUID+545, @POOLID+22, 0, 'Chests in Silverpine Forest'),
(@CGUID+546, @POOLID+22, 0, 'Chests in Silverpine Forest'),
(@CGUID+547, @POOLID+22, 0, 'Chests in Silverpine Forest'),
(@CGUID+548, @POOLID+22, 0, 'Chests in Silverpine Forest'),
(@CGUID+549, @POOLID+22, 0, 'Chests in Silverpine Forest'),
(@CGUID+550, @POOLID+22, 0, 'Chests in Silverpine Forest'),
(@CGUID+551, @POOLID+22, 0, 'Chests in Silverpine Forest'),
(@CGUID+552, @POOLID+22, 0, 'Chests in Silverpine Forest'),
(@CGUID+553, @POOLID+22, 0, 'Chests in Silverpine Forest'),
(@CGUID+554, @POOLID+22, 0, 'Chests in Silverpine Forest'),
(@CGUID+555, @POOLID+22, 0, 'Chests in Silverpine Forest'),
(@CGUID+556, @POOLID+22, 0, 'Chests in Silverpine Forest'),
(@CGUID+557, @POOLID+22, 0, 'Chests in Silverpine Forest'),
(@CGUID+558, @POOLID+22, 0, 'Chests in Silverpine Forest'),
(@CGUID+559, @POOLID+22, 0, 'Chests in Silverpine Forest'),
(@CGUID+1026, @POOLID+22, 0, 'Chests in Silverpine Forest'),
(@CGUID+1027, @POOLID+22, 0, 'Chests in Silverpine Forest');

-- Chests in Eastern Plaguelands
INSERT INTO `pool_template` (`entry`, `max_limit`, `description`) VALUES (@POOLID+23, 6, 'Chests in Eastern Plaguelands');
INSERT INTO `gameobject` (`guid`, `id`, `map`, `position_x`, `position_y`, `position_z`, `orientation`, `rotation0`, `rotation1`, `rotation2`, `rotation3`, `spawntimesecsmin`, `spawntimesecsmax`, `animprogress`, `state`) VALUES
(@CGUID+560, 153453, 0, 1845.01, -3719.17, 162.225, 3.94445, 0, 0, -0.920505, 0.390732, 259200, 259200, 100, 1),
(@CGUID+561, 153453, 0, 1964.44, -4475.61, 74.2907, 4.13643, 0, 0, -0.878817, 0.47716, 259200, 259200, 100, 1),
(@CGUID+562, 153453, 0, 1418.05, -3662, 77.246, 6.00393, 0, 0, -0.139173, 0.990268, 259200, 259200, 100, 1),
(@CGUID+563, 153453, 0, 2068.44, -4474.16, 75.8982, 0.506145, 0, 0, 0.25038, 0.968148, 259200, 259200, 100, 1),
(@CGUID+564, 153453, 0, 2027.14, -4550.41, 74.9888, 5.25344, 0, 0, -0.492423, 0.870356, 259200, 259200, 100, 1),
(@CGUID+565, 153453, 0, 1602.33, -3233.98, 67.0181, 3.927, 0, 0, -0.923879, 0.382686, 259200, 259200, 100, 1),
(@CGUID+566, 153453, 0, 3027.25, -3230.02, 146.529, 0.209439, 0, 0, 0.104528, 0.994522, 259200, 259200, 100, 1),
(@CGUID+567, 153453, 0, 2929.34, -3728.45, 114.777, 1.41372, 0, 0, 0.649447, 0.760406, 259200, 259200, 100, 1),
(@CGUID+568, 153454, 0, 2780.84, -5550.98, 160.7, 0.698131, 0, 0, 0.34202, 0.939693, 7200, 7200, 100, 1),
(@CGUID+569, 153454, 0, 3333.82, -5000.1, 168.712, 4.36332, 0, 0, -0.819152, 0.573577, 7200, 7200, 100, 1),
(@CGUID+570, 153454, 0, 2416.02, -3709.41, 177.675, 4.46804, 0, 0, -0.788011, 0.615662, 7200, 7200, 100, 1),
(@CGUID+571, 153454, 0, 2560.83, -4806.04, 114.984, 0.261798, 0, 0, 0.130526, 0.991445, 7200, 7200, 100, 1),
(@CGUID+572, 153454, 0, 3459.3, -4918.52, 170.455, 4.59022, 0, 0, -0.748956, 0.66262, 7200, 7200, 100, 1),
(@CGUID+573, 153454, 0, 3021.77, -4980.58, 106.656, 1.83259, 0, 0, 0.793353, 0.608762, 7200, 7200, 100, 1),
(@CGUID+574, 153454, 0, 2601.59, -5512.31, 158.713, 6.24828, 0, 0, -0.0174522, 0.999848, 7200, 7200, 100, 1),
(@CGUID+575, 153454, 0, 2796.36, -5403.23, 162.927, 2.56563, 0, 0, 0.958819, 0.284016, 7200, 7200, 100, 1),
(@CGUID+576, 153454, 0, 3003.64, -4886.26, 108.384, 0.506145, 0, 0, 0.25038, 0.968148, 7200, 7200, 100, 1),
(@CGUID+577, 153454, 0, 2506.89, -3804.47, 177.654, 1.62316, 0, 0, 0.725374, 0.688355, 7200, 7200, 100, 1),
(@CGUID+578, 153454, 0, 3191.12, -4639.98, 119.947, 3.33359, 0, 0, -0.995396, 0.0958512, 7200, 7200, 100, 1),
(@CGUID+579, 153454, 0, 1829.56, -5210.25, 113.105, 5.21854, 0, 0, -0.507538, 0.861629, 7200, 7200, 100, 1),
(@CGUID+580, 153454, 0, 1599.41, -5315.48, 91.1041, 2.23402, 0, 0, 0.898793, 0.438373, 7200, 7200, 100, 1),
(@CGUID+581, 153454, 0, 1555.62, -5595.14, 111.171, 6.24828, 0, 0, -0.0174522, 0.999848, 7200, 7200, 100, 1),
(@CGUID+582, 153454, 0, 1753.27, -5410.36, 113.525, 5.91667, 0, 0, -0.182235, 0.983255, 7200, 7200, 100, 1),
(@CGUID+1028, 153454, 0, 2544.61, -3704.67, 179.64, 0.244346, 0, 0, 0.121869, 0.992546, 7200, 7200, 100, 1),
(@CGUID+1029, 153454, 0, 1608.74, -5415.46, 76.3989, 0.663223, 0, 0, 0.325567, 0.945519, 7200, 7200, 100, 1);
INSERT INTO `pool_gameobject` (`guid`, `pool_entry`, `chance`, `description`) VALUES
(@CGUID+560, @POOLID+23, 0, 'Chests in Eastern Plaguelands'),
(@CGUID+561, @POOLID+23, 0, 'Chests in Eastern Plaguelands'),
(@CGUID+562, @POOLID+23, 0, 'Chests in Eastern Plaguelands'),
(@CGUID+563, @POOLID+23, 0, 'Chests in Eastern Plaguelands'),
(@CGUID+564, @POOLID+23, 0, 'Chests in Eastern Plaguelands'),
(@CGUID+565, @POOLID+23, 0, 'Chests in Eastern Plaguelands'),
(@CGUID+566, @POOLID+23, 0, 'Chests in Eastern Plaguelands'),
(@CGUID+567, @POOLID+23, 0, 'Chests in Eastern Plaguelands'),
(@CGUID+568, @POOLID+23, 0, 'Chests in Eastern Plaguelands'),
(@CGUID+569, @POOLID+23, 0, 'Chests in Eastern Plaguelands'),
(@CGUID+570, @POOLID+23, 0, 'Chests in Eastern Plaguelands'),
(@CGUID+571, @POOLID+23, 0, 'Chests in Eastern Plaguelands'),
(@CGUID+572, @POOLID+23, 0, 'Chests in Eastern Plaguelands'),
(@CGUID+573, @POOLID+23, 0, 'Chests in Eastern Plaguelands'),
(@CGUID+574, @POOLID+23, 0, 'Chests in Eastern Plaguelands'),
(@CGUID+575, @POOLID+23, 0, 'Chests in Eastern Plaguelands'),
(@CGUID+576, @POOLID+23, 0, 'Chests in Eastern Plaguelands'),
(@CGUID+577, @POOLID+23, 0, 'Chests in Eastern Plaguelands'),
(@CGUID+578, @POOLID+23, 0, 'Chests in Eastern Plaguelands'),
(@CGUID+579, @POOLID+23, 0, 'Chests in Eastern Plaguelands'),
(@CGUID+580, @POOLID+23, 0, 'Chests in Eastern Plaguelands'),
(@CGUID+581, @POOLID+23, 0, 'Chests in Eastern Plaguelands'),
(@CGUID+582, @POOLID+23, 0, 'Chests in Eastern Plaguelands'),
(@CGUID+1028, @POOLID+23, 0, 'Chests in Eastern Plaguelands'),
(@CGUID+1029, @POOLID+23, 0, 'Chests in Eastern Plaguelands');

-- Chests in Teldrassil
INSERT INTO `pool_template` (`entry`, `max_limit`, `description`) VALUES (@POOLID+24, 7, 'Chests in Teldrassil');
INSERT INTO `gameobject` (`guid`, `id`, `map`, `position_x`, `position_y`, `position_z`, `orientation`, `rotation0`, `rotation1`, `rotation2`, `rotation3`, `spawntimesecsmin`, `spawntimesecsmax`, `animprogress`, `state`) VALUES
(@CGUID+758, 2843, 1, 10816.9, 896.036, 1336.03, 0.349065, 0, 0, 0.173648, 0.984808, 36000, 40000, 100, 1),
(@CGUID+759, 2843, 1, 10952.6, 945.797, 1340.77, 4.2237, 0, 0, -0.857167, 0.515038, 36000, 40000, 100, 1),
(@CGUID+760, 2843, 1, 10911.3, 848.826, 1329.36, 2.04204, 0, 0, 0.85264, 0.522499, 36000, 40000, 100, 1),
(@CGUID+761, 2843, 1, 10908.4, 977.762, 1338.32, 2.82743, 0, 0, 0.987688, 0.156436, 36000, 40000, 100, 1),
(@CGUID+762, 2843, 1, 10504.8, 1064.71, 1325.83, 6.00393, 0, 0, -0.139173, 0.990268, 36000, 40000, 100, 1),
(@CGUID+763, 2843, 1, 10485.3, 1059.98, 1325.47, 5.23599, 0, 0, -0.5, 0.866025, 36000, 40000, 100, 1),
(@CGUID+764, 106318, 1, 9188.62, 1410.32, 1311.97, 1.79769, 0, 0, 0.782608, 0.622515, 309, 909, 100, 1),
(@CGUID+765, 106318, 1, 9183.7, 1372.79, 1315.07, 3.59538, 0, 0, -0.97437, 0.224951, 309, 909, 100, 1),
(@CGUID+766, 106318, 1, 10863.5, 2125.58, 1327.06, 2.63544, 0, 0, 0.968147, 0.250381, 309, 909, 100, 1),
(@CGUID+767, 106318, 1, 10419.7, 1908.99, 1321.27, 2.61799, 0, 0, 0.965925, 0.258821, 309, 909, 100, 1),
(@CGUID+768, 106318, 1, 9673.75, 454.109, 1309.88, 1.64061, 0, 0, 0.731353, 0.681999, 309, 909, 100, 1),
(@CGUID+769, 106318, 1, 10548, 1966.69, 1327.98, 3.73501, 0, 0, -0.956305, 0.292372, 309, 909, 100, 1),
(@CGUID+770, 106318, 1, 10890.4, 1968.21, 1321.79, 4.95674, 0, 0, -0.615661, 0.788011, 309, 909, 100, 1),
(@CGUID+771, 106318, 1, 10663.3, 2073.06, 1330.61, 2.21657, 0, 0, 0.894934, 0.446199, 309, 909, 100, 1),
(@CGUID+772, 106318, 1, 9831.43, 1533.49, 1257.5, 1.36136, 0, 0, 0.62932, 0.777146, 309, 909, 100, 1),
(@CGUID+773, 106318, 1, 10134.8, 1183.48, 1323.54, 5.37562, 0, 0, -0.438371, 0.898794, 309, 909, 100, 1),
(@CGUID+774, 106318, 1, 9631.6, 463.32, 1312.8, 2.67035, 0, 0, 0.972369, 0.233448, 309, 909, 100, 1),
(@CGUID+775, 106318, 1, 10876.1, 2073.31, 1328.25, 6.17847, 0, 0, -0.0523357, 0.99863, 309, 909, 100, 1),
(@CGUID+776, 106318, 1, 10751.3, 2214.46, 1331.51, 4.69494, 0, 0, -0.71325, 0.70091, 309, 909, 100, 1),
(@CGUID+777, 106318, 1, 10652.6, 2016.06, 1326.44, 3.61284, 0, 0, -0.972369, 0.233448, 309, 909, 100, 1),
(@CGUID+778, 106318, 1, 9800.56, 1581.16, 1291.2, 5.65487, 0, 0, -0.309016, 0.951057, 309, 909, 100, 1),
(@CGUID+779, 106318, 1, 9755.57, 1525.02, 1279.5, 0.401425, 0, 0, 0.199368, 0.979925, 309, 909, 100, 1),
(@CGUID+780, 106318, 1, 10087.8, 1164.73, 1300.36, 1.46608, 0, 0, 0.66913, 0.743145, 309, 909, 100, 1),
(@CGUID+781, 106318, 1, 9695.68, 1268.06, 1290.39, 2.37364, 0, 0, 0.927183, 0.374608, 309, 909, 100, 1),
(@CGUID+782, 106318, 1, 10620.3, 2089.35, 1336.54, 4.7822, 0, 0, -0.681998, 0.731354, 309, 909, 100, 1),
(@CGUID+783, 106318, 1, 10511.2, 2002.39, 1327.38, 0.279252, 0, 0, 0.139173, 0.990268, 309, 909, 100, 1),
(@CGUID+784, 106318, 1, 9776.05, 1547.38, 1299.49, 0.715585, 0, 0, 0.350207, 0.936672, 309, 909, 100, 1),
(@CGUID+785, 106318, 1, 9730.49, 1576.73, 1269.44, 3.07177, 0, 0, 0.999391, 0.0349061, 309, 909, 100, 1),
(@CGUID+1052, 2843, 1, 10328, 1033.01, 1339.31, 1.74533, 0, 0, 0.766044, 0.642789, 36000, 40000, 100, 1),
(@CGUID+1053, 106318, 1, 10371.9, 1923.33, 1319.97, 0.977383, 0, 0, 0.469471, 0.882948, 309, 909, 100, 1);
INSERT INTO `pool_gameobject` (`guid`, `pool_entry`, `chance`, `description`) VALUES
(@CGUID+758, @POOLID+24, 0, 'Chests in Teldrassil'),
(@CGUID+759, @POOLID+24, 0, 'Chests in Teldrassil'),
(@CGUID+760, @POOLID+24, 0, 'Chests in Teldrassil'),
(@CGUID+761, @POOLID+24, 0, 'Chests in Teldrassil'),
(@CGUID+762, @POOLID+24, 0, 'Chests in Teldrassil'),
(@CGUID+763, @POOLID+24, 0, 'Chests in Teldrassil'),
(@CGUID+764, @POOLID+24, 0, 'Chests in Teldrassil'),
(@CGUID+765, @POOLID+24, 0, 'Chests in Teldrassil'),
(@CGUID+766, @POOLID+24, 0, 'Chests in Teldrassil'),
(@CGUID+767, @POOLID+24, 0, 'Chests in Teldrassil'),
(@CGUID+768, @POOLID+24, 0, 'Chests in Teldrassil'),
(@CGUID+769, @POOLID+24, 0, 'Chests in Teldrassil'),
(@CGUID+770, @POOLID+24, 0, 'Chests in Teldrassil'),
(@CGUID+771, @POOLID+24, 0, 'Chests in Teldrassil'),
(@CGUID+772, @POOLID+24, 0, 'Chests in Teldrassil'),
(@CGUID+773, @POOLID+24, 0, 'Chests in Teldrassil'),
(@CGUID+774, @POOLID+24, 0, 'Chests in Teldrassil'),
(@CGUID+775, @POOLID+24, 0, 'Chests in Teldrassil'),
(@CGUID+776, @POOLID+24, 0, 'Chests in Teldrassil'),
(@CGUID+777, @POOLID+24, 0, 'Chests in Teldrassil'),
(@CGUID+778, @POOLID+24, 0, 'Chests in Teldrassil'),
(@CGUID+779, @POOLID+24, 0, 'Chests in Teldrassil'),
(@CGUID+780, @POOLID+24, 0, 'Chests in Teldrassil'),
(@CGUID+781, @POOLID+24, 0, 'Chests in Teldrassil'),
(@CGUID+782, @POOLID+24, 0, 'Chests in Teldrassil'),
(@CGUID+783, @POOLID+24, 0, 'Chests in Teldrassil'),
(@CGUID+784, @POOLID+24, 0, 'Chests in Teldrassil'),
(@CGUID+785, @POOLID+24, 0, 'Chests in Teldrassil'),
(@CGUID+1052, @POOLID+24, 0, 'Chests in Teldrassil'),
(@CGUID+1053, @POOLID+24, 0, 'Chests in Teldrassil');

-- Chests in Darkshore
INSERT INTO `pool_template` (`entry`, `max_limit`, `description`) VALUES (@POOLID+25, 8, 'Chests in Darkshore');
INSERT INTO `gameobject` (`guid`, `id`, `map`, `position_x`, `position_y`, `position_z`, `orientation`, `rotation0`, `rotation1`, `rotation2`, `rotation3`, `spawntimesecsmin`, `spawntimesecsmax`, `animprogress`, `state`) VALUES
(@CGUID+786, 2849, 1, 7050.3, 426.994, -5.42405, 5.96903, 0, 0, -0.156434, 0.987688, 7200, 7200, 100, 1),
(@CGUID+787, 2849, 1, 7194.43, -718.407, 94.1232, 4.76475, 0, 0, -0.688354, 0.725374, 7200, 7200, 100, 1),
(@CGUID+788, 2849, 1, 7562.19, -879.454, 17.5976, 2.84488, 0, 0, 0.989016, 0.147811, 7200, 7200, 100, 1),
(@CGUID+789, 2849, 1, 4552.87, 566.422, 1.35074, 0.994837, 0, 0, 0.477159, 0.878817, 7200, 7200, 100, 1),
(@CGUID+790, 2849, 1, 7186.1, -746.374, 69.9667, 5.98648, 0, 0, -0.147809, 0.989016, 7200, 7200, 100, 1),
(@CGUID+791, 2849, 1, 4643.39, 139.273, 58.357, 0.366518, 0, 0, 0.182235, 0.983255, 7200, 7200, 100, 1),
(@CGUID+792, 2849, 1, 4544.61, 425.187, 33.7078, 0.733038, 0, 0, 0.358368, 0.93358, 7200, 7200, 100, 1),
(@CGUID+793, 2849, 1, 7644.49, -909.221, 18.4929, 5.16618, 0, 0, -0.529919, 0.848048, 7200, 7200, 100, 1),
(@CGUID+794, 2849, 1, 7443.65, 49.5524, 1.6797, 4.01426, 0, 0, -0.906307, 0.422619, 7200, 7200, 100, 1),
(@CGUID+795, 2849, 1, 7487.28, -1088.5, 36.0964, 0.767944, 0, 0, 0.374606, 0.927184, 7200, 7200, 100, 1),
(@CGUID+796, 2849, 1, 4547.06, 153.554, 59.6614, 1.81514, 0, 0, 0.788011, 0.615662, 7200, 7200, 100, 1),
(@CGUID+797, 2849, 1, 7355.87, -799.53, 8.23917, 6.24828, 0, 0, -0.0174522, 0.999848, 7200, 7200, 100, 1),
(@CGUID+798, 2849, 1, 4626.42, 624.678, 6.1055, 5.96903, 0, 0, -0.156434, 0.987688, 7200, 7200, 100, 1),
(@CGUID+799, 2849, 1, 4539.07, 9.54525, 88.7888, 2.74016, 0, 0, 0.979924, 0.19937, 7200, 7200, 100, 1),
(@CGUID+800, 2849, 1, 7389.93, -1117.46, 41.8591, 0.541051, 0, 0, 0.267238, 0.963631, 7200, 7200, 100, 1),
(@CGUID+801, 2849, 1, 4617.29, 662.068, 14.514, 4.2237, 0, 0, -0.857167, 0.515038, 7200, 7200, 100, 1),
(@CGUID+802, 2849, 1, 7182.6, -764.209, 56.6323, 4.7822, 0, 0, -0.681998, 0.731354, 7200, 7200, 100, 1),
(@CGUID+803, 2849, 1, 7357.42, -1019.19, 32.0403, 1.81514, 0, 0, 0.788011, 0.615662, 7200, 7200, 100, 1),
(@CGUID+804, 2849, 1, 7461.66, -861.202, 1.05914, 2.11185, 0, 0, 0.870356, 0.492424, 7200, 7200, 100, 1),
(@CGUID+805, 2849, 1, 7531.02, -1008.93, -9.88424, 1.79769, 0, 0, 0.782608, 0.622515, 7200, 7200, 100, 1),
(@CGUID+806, 106319, 1, 7137.15, 537.865, 0.242076, 2.30383, 0, 0, 0.913545, 0.406738, 7200, 7200, 100, 1),
(@CGUID+807, 106319, 1, 6717.44, -147.585, 35.1413, 3.03684, 0, 0, 0.998629, 0.0523532, 7200, 7200, 100, 1),
(@CGUID+808, 106319, 1, 6719.12, -642.526, 69.5251, 5.68977, 0, 0, -0.292372, 0.956305, 7200, 7200, 100, 1),
(@CGUID+809, 106319, 1, 6750.87, -694.535, 89.5886, 5.3058, 0, 0, -0.469471, 0.882948, 7200, 7200, 100, 1),
(@CGUID+810, 106319, 1, 5627.37, 163.007, 32.416, 4.79966, 0, 0, -0.67559, 0.737278, 7200, 7200, 100, 1),
(@CGUID+811, 106319, 1, 6744.83, -207.431, 33.7675, 3.15906, 0, 0, -0.999962, 0.00873464, 7200, 7200, 100, 1),
(@CGUID+812, 106319, 1, 6796.76, -766.649, 69.6736, 0.191985, 0, 0, 0.0958452, 0.995396, 7200, 7200, 100, 1),
(@CGUID+813, 106319, 1, 5792.47, 214.896, 30.0395, 3.03684, 0, 0, 0.998629, 0.0523532, 7200, 7200, 100, 1),
(@CGUID+814, 106319, 1, 4912.58, 343.433, 36.8126, 3.45576, 0, 0, -0.987688, 0.156436, 7200, 7200, 100, 1),
(@CGUID+1054, 106319, 1, 6686.3, -73.2188, 22.682, 4.10153, 0, 0, -0.887011, 0.461749, 7200, 7200, 100, 1),
(@CGUID+1055, 106319, 1, 6967.48, 192.867, -0.657431, 1.46608, 0, 0, 0.66913, 0.743145, 7200, 7200, 100, 1),
(@CGUID+1056, 106319, 1, 6703.56, 12.466, 43.0915, 0.0698117, 0, 0, 0.0348988, 0.999391, 7200, 7200, 100, 1);
INSERT INTO `pool_gameobject` (`guid`, `pool_entry`, `chance`, `description`) VALUES
(@CGUID+786, @POOLID+25, 0, 'Chests in Darkshore'),
(@CGUID+787, @POOLID+25, 0, 'Chests in Darkshore'),
(@CGUID+788, @POOLID+25, 0, 'Chests in Darkshore'),
(@CGUID+789, @POOLID+25, 0, 'Chests in Darkshore'),
(@CGUID+790, @POOLID+25, 0, 'Chests in Darkshore'),
(@CGUID+791, @POOLID+25, 0, 'Chests in Darkshore'),
(@CGUID+792, @POOLID+25, 0, 'Chests in Darkshore'),
(@CGUID+793, @POOLID+25, 0, 'Chests in Darkshore'),
(@CGUID+794, @POOLID+25, 0, 'Chests in Darkshore'),
(@CGUID+795, @POOLID+25, 0, 'Chests in Darkshore'),
(@CGUID+796, @POOLID+25, 0, 'Chests in Darkshore'),
(@CGUID+797, @POOLID+25, 0, 'Chests in Darkshore'),
(@CGUID+798, @POOLID+25, 0, 'Chests in Darkshore'),
(@CGUID+799, @POOLID+25, 0, 'Chests in Darkshore'),
(@CGUID+800, @POOLID+25, 0, 'Chests in Darkshore'),
(@CGUID+801, @POOLID+25, 0, 'Chests in Darkshore'),
(@CGUID+802, @POOLID+25, 0, 'Chests in Darkshore'),
(@CGUID+803, @POOLID+25, 0, 'Chests in Darkshore'),
(@CGUID+804, @POOLID+25, 0, 'Chests in Darkshore'),
(@CGUID+805, @POOLID+25, 0, 'Chests in Darkshore'),
(@CGUID+806, @POOLID+25, 0, 'Chests in Darkshore'),
(@CGUID+807, @POOLID+25, 0, 'Chests in Darkshore'),
(@CGUID+808, @POOLID+25, 0, 'Chests in Darkshore'),
(@CGUID+809, @POOLID+25, 0, 'Chests in Darkshore'),
(@CGUID+810, @POOLID+25, 0, 'Chests in Darkshore'),
(@CGUID+811, @POOLID+25, 0, 'Chests in Darkshore'),
(@CGUID+812, @POOLID+25, 0, 'Chests in Darkshore'),
(@CGUID+813, @POOLID+25, 0, 'Chests in Darkshore'),
(@CGUID+814, @POOLID+25, 0, 'Chests in Darkshore'),
(@CGUID+1054, @POOLID+25, 0, 'Chests in Darkshore'),
(@CGUID+1055, @POOLID+25, 0, 'Chests in Darkshore'),
(@CGUID+1056, @POOLID+25, 0, 'Chests in Darkshore');

-- Chests in Mulgore
INSERT INTO `pool_template` (`entry`, `max_limit`, `description`) VALUES (@POOLID+26, 7, 'Chests in Mulgore');
INSERT INTO `gameobject` (`guid`, `id`, `map`, `position_x`, `position_y`, `position_z`, `orientation`, `rotation0`, `rotation1`, `rotation2`, `rotation3`, `spawntimesecsmin`, `spawntimesecsmax`, `animprogress`, `state`) VALUES
(@CGUID+815, 106318, 1, -1889.33, -1096.98, 90.3293, 2.80998, 0, 0, 0.986285, 0.16505, 309, 909, 100, 1),
(@CGUID+816, 106318, 1, -546.707, 72.7293, 52.2842, 0.802851, 0, 0, 0.390731, 0.920505, 309, 909, 100, 1),
(@CGUID+817, 106318, 1, -779.688, -866.59, 25.9785, 3.97935, 0, 0, -0.913545, 0.406738, 309, 909, 100, 1),
(@CGUID+818, 106318, 1, -2750.03, -430.934, -2.93079, 2.9496, 0, 0, 0.995396, 0.0958512, 309, 909, 100, 1),
(@CGUID+819, 106318, 1, -1922.72, -692.863, 2.61607, 6.19592, 0, 0, -0.0436192, 0.999048, 309, 909, 100, 1),
(@CGUID+820, 106318, 1, -1681.09, -1218.6, 127.419, 0.453785, 0, 0, 0.224951, 0.97437, 309, 909, 100, 1),
(@CGUID+821, 106318, 1, -1925.37, -1050.77, 44.0498, 5.46288, 0, 0, -0.398748, 0.91706, 309, 909, 100, 1),
(@CGUID+822, 106318, 1, -1161.17, 529.54, 28.1938, 5.23599, 0, 0, -0.5, 0.866025, 309, 909, 100, 1),
(@CGUID+823, 106318, 1, -998.083, 589.474, 81.9395, 2.53072, 0, 0, 0.953716, 0.300708, 309, 909, 100, 1),
(@CGUID+824, 106318, 1, -1734.92, 420.683, 97.2078, 0.279252, 0, 0, 0.139173, 0.990268, 309, 909, 100, 1),
(@CGUID+825, 106318, 1, -824.101, -780.587, -2.7132, 4.27606, 0, 0, -0.843391, 0.5373, 309, 909, 100, 1),
(@CGUID+826, 106318, 1, -798.078, -9.66634, -13.1282, 4.13643, 0, 0, -0.878817, 0.47716, 309, 909, 100, 1),
(@CGUID+827, 106318, 1, -1912.49, -712.583, 3.57394, 0.174532, 0, 0, 0.0871553, 0.996195, 309, 909, 100, 1),
(@CGUID+828, 106318, 1, -1931.86, -715.756, 3.48776, 6.07375, 0, 0, -0.104528, 0.994522, 309, 909, 100, 1),
(@CGUID+829, 106318, 1, -1921.73, -1027.15, 43.9631, 1.20428, 0, 0, 0.566406, 0.824126, 309, 909, 100, 1),
(@CGUID+830, 106318, 1, -826.253, -36.7276, -13.1952, 3.927, 0, 0, -0.923879, 0.382686, 309, 909, 100, 1),
(@CGUID+831, 106318, 1, -591.331, -681.56, 27.4432, 5.42797, 0, 0, -0.414693, 0.909961, 309, 909, 100, 1),
(@CGUID+832, 106318, 1, -657.78, 193.815, 46.8042, 0.506145, 0, 0, 0.25038, 0.968148, 309, 909, 100, 1),
(@CGUID+833, 106318, 1, -2635.94, -1249.2, 13.6417, 2.25147, 0, 0, 0.902585, 0.430512, 309, 909, 100, 1),
(@CGUID+834, 106318, 1, -2625.28, -1390.26, 24.5035, 5.72468, 0, 0, -0.275637, 0.961262, 309, 909, 100, 1),
(@CGUID+835, 106318, 1, -2445.71, 438.709, 61.7603, 0.541051, 0, 0, 0.267238, 0.963631, 309, 909, 100, 1),
(@CGUID+836, 106318, 1, -1896.46, 340.195, 105.612, 1.29154, 0, 0, 0.601814, 0.798636, 309, 909, 100, 1),
(@CGUID+837, 106318, 1, -2782.12, -707.654, 6.42457, 2.68781, 0, 0, 0.97437, 0.224951, 309, 909, 100, 1),
(@CGUID+838, 106318, 1, -2402.06, 233.673, 49.2433, 2.80998, 0, 0, 0.986285, 0.16505, 309, 909, 100, 1),
(@CGUID+839, 106318, 1, -2643.49, -1320.99, 12.1203, 0.90757, 0, 0, 0.438371, 0.898794, 309, 909, 100, 1),
(@CGUID+840, 106318, 1, -2716.83, -1188.43, 16.7843, 5.07891, 0, 0, -0.566406, 0.824126, 309, 909, 100, 1),
(@CGUID+841, 106318, 1, -2777.56, -691.963, 7.00819, 3.38594, 0, 0, -0.992546, 0.12187, 309, 909, 100, 1),
(@CGUID+842, 106318, 1, -1893.65, 353.875, 107.361, 5.67232, 0, 0, -0.300705, 0.953717, 309, 909, 100, 1),
(@CGUID+843, 106318, 1, -2413.07, 221.975, 48.8307, 4.95674, 0, 0, -0.615661, 0.788011, 309, 909, 100, 1),
(@CGUID+844, 106318, 1, -2742.5, -445.183, -3.4538, 0.122173, 0, 0, 0.0610485, 0.998135, 309, 909, 100, 1),
(@CGUID+1057, 106318, 1, -1708.91, 433.576, 96.5276, 2.96704, 0, 0, 0.996194, 0.087165, 309, 909, 100, 1);
INSERT INTO `pool_gameobject` (`guid`, `pool_entry`, `chance`, `description`) VALUES
(@CGUID+815, @POOLID+26, 0, 'Chests in Mulgore'),
(@CGUID+816, @POOLID+26, 0, 'Chests in Mulgore'),
(@CGUID+817, @POOLID+26, 0, 'Chests in Mulgore'),
(@CGUID+818, @POOLID+26, 0, 'Chests in Mulgore'),
(@CGUID+819, @POOLID+26, 0, 'Chests in Mulgore'),
(@CGUID+820, @POOLID+26, 0, 'Chests in Mulgore'),
(@CGUID+821, @POOLID+26, 0, 'Chests in Mulgore'),
(@CGUID+822, @POOLID+26, 0, 'Chests in Mulgore'),
(@CGUID+823, @POOLID+26, 0, 'Chests in Mulgore'),
(@CGUID+824, @POOLID+26, 0, 'Chests in Mulgore'),
(@CGUID+825, @POOLID+26, 0, 'Chests in Mulgore'),
(@CGUID+826, @POOLID+26, 0, 'Chests in Mulgore'),
(@CGUID+827, @POOLID+26, 0, 'Chests in Mulgore'),
(@CGUID+828, @POOLID+26, 0, 'Chests in Mulgore'),
(@CGUID+829, @POOLID+26, 0, 'Chests in Mulgore'),
(@CGUID+830, @POOLID+26, 0, 'Chests in Mulgore'),
(@CGUID+831, @POOLID+26, 0, 'Chests in Mulgore'),
(@CGUID+832, @POOLID+26, 0, 'Chests in Mulgore'),
(@CGUID+833, @POOLID+26, 0, 'Chests in Mulgore'),
(@CGUID+834, @POOLID+26, 0, 'Chests in Mulgore'),
(@CGUID+835, @POOLID+26, 0, 'Chests in Mulgore'),
(@CGUID+836, @POOLID+26, 0, 'Chests in Mulgore'),
(@CGUID+837, @POOLID+26, 0, 'Chests in Mulgore'),
(@CGUID+838, @POOLID+26, 0, 'Chests in Mulgore'),
(@CGUID+839, @POOLID+26, 0, 'Chests in Mulgore'),
(@CGUID+840, @POOLID+26, 0, 'Chests in Mulgore'),
(@CGUID+841, @POOLID+26, 0, 'Chests in Mulgore'),
(@CGUID+842, @POOLID+26, 0, 'Chests in Mulgore'),
(@CGUID+843, @POOLID+26, 0, 'Chests in Mulgore'),
(@CGUID+844, @POOLID+26, 0, 'Chests in Mulgore'),
(@CGUID+1057, @POOLID+26, 0, 'Chests in Mulgore');

-- Chests in Hillsbrad Foothills
INSERT INTO `pool_template` (`entry`, `max_limit`, `description`) VALUES (@POOLID+27, 8, 'Chests in Hillsbrad Foothills');
INSERT INTO `gameobject` (`guid`, `id`, `map`, `position_x`, `position_y`, `position_z`, `orientation`, `rotation0`, `rotation1`, `rotation2`, `rotation3`, `spawntimesecsmin`, `spawntimesecsmax`, `animprogress`, `state`) VALUES
(@CGUID+583, 2850, 0, -442.496, -1467.72, 92.9661, 4.38078, 0, 0, -0.814116, 0.580703, 7200, 7200, 100, 1),
(@CGUID+584, 2850, 0, -404.319, -1339.46, 64.8823, 2.9845, 0, 0, 0.996917, 0.0784664, 7200, 7200, 100, 1),
(@CGUID+585, 2850, 0, -483.284, -1343.46, 53.6968, 2.09439, 0, 0, 0.866025, 0.500001, 7200, 7200, 100, 1),
(@CGUID+586, 2850, 0, -427.76, -1408.39, 99.0212, 3.07177, 0, 0, 0.999391, 0.0349061, 7200, 7200, 100, 1),
(@CGUID+587, 2852, 0, -966.952, 323.832, 3.57871, 2.58308, 0, 0, 0.961261, 0.27564, 7200, 7200, 100, 1),
(@CGUID+588, 2852, 0, -949.093, -933.953, 30.3479, 5.8294, 0, 0, -0.224951, 0.97437, 7200, 7200, 100, 1),
(@CGUID+589, 2852, 0, -1171.09, 110.701, 0.876851, 1.71042, 0, 0, 0.754709, 0.656059, 7200, 7200, 100, 1),
(@CGUID+590, 2852, 0, -917.275, -1003.38, 30.3479, 0.715585, 0, 0, 0.350207, 0.936672, 7200, 7200, 100, 1),
(@CGUID+591, 2852, 0, -890.011, -1052.25, 31.2693, 4.69494, 0, 0, -0.71325, 0.70091, 7200, 7200, 100, 1),
(@CGUID+592, 2855, 0, -1144.02, 30.8218, 1.62843, 5.8294, 0, 0, -0.224951, 0.97437, 7200, 7200, 100, 1),
(@CGUID+593, 2855, 0, -202.066, -339.025, 72.8802, 0.506145, 0, 0, 0.25038, 0.968148, 7200, 7200, 100, 1),
(@CGUID+594, 2855, 0, -191.322, -330.404, 53.1275, 5.93412, 0, 0, -0.173648, 0.984808, 7200, 7200, 100, 1),
(@CGUID+595, 2855, 0, -274.94, -293.013, 51.4281, 1.65806, 0, 0, 0.737277, 0.675591, 7200, 7200, 100, 1),
(@CGUID+596, 2855, 0, -1068.21, -78.6024, 1.3575, 1.43117, 0, 0, 0.656058, 0.75471, 7200, 7200, 100, 1),
(@CGUID+597, 2855, 0, -1072.23, -236.136, 2.41571, 0.610863, 0, 0, 0.300705, 0.953717, 7200, 7200, 100, 1),
(@CGUID+598, 2855, 0, -1036.14, -370.85, 2.56879, 5.13127, 0, 0, -0.544639, 0.838671, 7200, 7200, 100, 1),
(@CGUID+599, 2855, 0, -243.951, -378.061, 47.6736, 1.62316, 0, 0, 0.725374, 0.688355, 7200, 7200, 100, 1),
(@CGUID+600, 3715, 0, -526.998, 100.357, 56.8403, 4.2237, 0, 0, -0.857167, 0.515038, 7200, 7200, 100, 1),
(@CGUID+601, 3715, 0, -488.521, 109.981, 60.4183, 6.23083, 0, 0, -0.0261765, 0.999657, 7200, 7200, 100, 1),
(@CGUID+602, 3715, 0, -396.274, -61.4486, 54.4769, 3.24635, 0, 0, -0.998629, 0.0523532, 7200, 7200, 100, 1),
(@CGUID+603, 3715, 0, -336.64, 32.6983, 55.4212, 2.63544, 0, 0, 0.968147, 0.250381, 7200, 7200, 100, 1),
(@CGUID+604, 3715, 0, -566.732, 32.3075, 49.8843, 2.53072, 0, 0, 0.953716, 0.300708, 7200, 7200, 100, 1),
(@CGUID+605, 3715, 0, -553.312, -101.599, 45.8161, 2.96704, 0, 0, 0.996194, 0.087165, 7200, 7200, 100, 1),
(@CGUID+606, 3715, 0, -439.736, 129.825, 56.8404, 4.4855, 0, 0, -0.782608, 0.622515, 7200, 7200, 100, 1),
(@CGUID+607, 3715, 0, -446.851, -105.513, 55.0402, 5.98648, 0, 0, -0.147809, 0.989016, 7200, 7200, 100, 1),
(@CGUID+608, 4096, 0, -801.115, 65.3181, 8.89202, 0.785397, 0, 0, 0.382683, 0.92388, 7200, 7200, 100, 1),
(@CGUID+609, 4096, 0, -1290.25, -1224.9, 22.957, 5.00909, 0, 0, -0.594823, 0.803857, 7200, 7200, 100, 1),
(@CGUID+610, 4096, 0, -842.758, 57.2623, 3.5978, 2.91469, 0, 0, 0.993571, 0.113208, 7200, 7200, 100, 1),
(@CGUID+611, 4096, 0, -1296.34, -1172.98, 38.0041, 1.5708, 0, 0, 0.707107, 0.707107, 7200, 7200, 100, 1),
(@CGUID+612, 4096, 0, -722.055, 131.321, 21.1245, 4.31097, 0, 0, -0.833885, 0.551938, 7200, 7200, 100, 1),
(@CGUID+613, 4096, 0, -1358.34, -1245.93, 40.1805, 4.62512, 0, 0, -0.737277, 0.675591, 7200, 7200, 100, 1),
(@CGUID+1030, 4096, 0, -871.026, 217.223, 8.80425, 2.28638, 0, 0, 0.909961, 0.414694, 7200, 7200, 100, 1);
INSERT INTO `pool_gameobject` (`guid`, `pool_entry`, `chance`, `description`) VALUES
(@CGUID+583, @POOLID+27, 0, 'Chests in Hillsbrad Foothills'),
(@CGUID+584, @POOLID+27, 0, 'Chests in Hillsbrad Foothills'),
(@CGUID+585, @POOLID+27, 0, 'Chests in Hillsbrad Foothills'),
(@CGUID+586, @POOLID+27, 0, 'Chests in Hillsbrad Foothills'),
(@CGUID+587, @POOLID+27, 0, 'Chests in Hillsbrad Foothills'),
(@CGUID+588, @POOLID+27, 0, 'Chests in Hillsbrad Foothills'),
(@CGUID+589, @POOLID+27, 0, 'Chests in Hillsbrad Foothills'),
(@CGUID+590, @POOLID+27, 0, 'Chests in Hillsbrad Foothills'),
(@CGUID+591, @POOLID+27, 0, 'Chests in Hillsbrad Foothills'),
(@CGUID+592, @POOLID+27, 0, 'Chests in Hillsbrad Foothills'),
(@CGUID+593, @POOLID+27, 0, 'Chests in Hillsbrad Foothills'),
(@CGUID+594, @POOLID+27, 0, 'Chests in Hillsbrad Foothills'),
(@CGUID+595, @POOLID+27, 0, 'Chests in Hillsbrad Foothills'),
(@CGUID+596, @POOLID+27, 0, 'Chests in Hillsbrad Foothills'),
(@CGUID+597, @POOLID+27, 0, 'Chests in Hillsbrad Foothills'),
(@CGUID+598, @POOLID+27, 0, 'Chests in Hillsbrad Foothills'),
(@CGUID+599, @POOLID+27, 0, 'Chests in Hillsbrad Foothills'),
(@CGUID+600, @POOLID+27, 0, 'Chests in Hillsbrad Foothills'),
(@CGUID+601, @POOLID+27, 0, 'Chests in Hillsbrad Foothills'),
(@CGUID+602, @POOLID+27, 0, 'Chests in Hillsbrad Foothills'),
(@CGUID+603, @POOLID+27, 0, 'Chests in Hillsbrad Foothills'),
(@CGUID+604, @POOLID+27, 0, 'Chests in Hillsbrad Foothills'),
(@CGUID+605, @POOLID+27, 0, 'Chests in Hillsbrad Foothills'),
(@CGUID+606, @POOLID+27, 0, 'Chests in Hillsbrad Foothills'),
(@CGUID+607, @POOLID+27, 0, 'Chests in Hillsbrad Foothills'),
(@CGUID+608, @POOLID+27, 0, 'Chests in Hillsbrad Foothills'),
(@CGUID+609, @POOLID+27, 0, 'Chests in Hillsbrad Foothills'),
(@CGUID+610, @POOLID+27, 0, 'Chests in Hillsbrad Foothills'),
(@CGUID+611, @POOLID+27, 0, 'Chests in Hillsbrad Foothills'),
(@CGUID+612, @POOLID+27, 0, 'Chests in Hillsbrad Foothills'),
(@CGUID+613, @POOLID+27, 0, 'Chests in Hillsbrad Foothills'),
(@CGUID+1030, @POOLID+27, 0, 'Chests in Hillsbrad Foothills');

-- Chests in Ashenvale
INSERT INTO `pool_template` (`entry`, `max_limit`, `description`) VALUES (@POOLID+28, 8, 'Chests in Ashenvale');
INSERT INTO `gameobject` (`guid`, `id`, `map`, `position_x`, `position_y`, `position_z`, `orientation`, `rotation0`, `rotation1`, `rotation2`, `rotation3`, `spawntimesecsmin`, `spawntimesecsmax`, `animprogress`, `state`) VALUES
(@CGUID+845, 2849, 1, 3458.82, 632.948, 9.48355, 2.30383, 0, 0, 0.913545, 0.406738, 7200, 7200, 100, 1),
(@CGUID+846, 2849, 1, 3450.3, 1033.85, 0.674683, 3.03684, 0, 0, 0.998629, 0.0523532, 7200, 7200, 100, 1),
(@CGUID+847, 2849, 1, 3276.38, 406.608, 3.4269, 1.91986, 0, 0, 0.819152, 0.573577, 7200, 7200, 100, 1),
(@CGUID+848, 2849, 1, 4201.29, 1293.38, 3.48289, 3.12412, 0, 0, 0.999962, 0.00873464, 7200, 7200, 100, 1),
(@CGUID+849, 2849, 1, 3469.9, -141.078, 6.74421, 0.715585, 0, 0, 0.350207, 0.936672, 7200, 7200, 100, 1),
(@CGUID+850, 2850, 1, 2343.71, 261.446, 153.828, 4.55531, 0, 0, -0.760406, 0.649449, 7200, 7200, 100, 1),
(@CGUID+851, 2850, 1, 2322.83, -1419.93, 86.7689, 0.575957, 0, 0, 0.284015, 0.95882, 7200, 7200, 100, 1),
(@CGUID+852, 2850, 1, 2380.96, -1179.1, 91.4765, 3.47321, 0, 0, -0.986285, 0.16505, 7200, 7200, 100, 1),
(@CGUID+853, 2850, 1, 2241.25, -1544.39, 88.66, 0.820303, 0, 0, 0.398748, 0.91706, 7200, 7200, 100, 1),
(@CGUID+854, 2850, 1, 1994.6, -1234.64, 57.3724, 0.523598, 0, 0, 0.258819, 0.965926, 7200, 7200, 100, 1),
(@CGUID+855, 2850, 1, 3288.89, -586.277, 156.085, 0.680677, 0, 0, 0.333806, 0.942642, 7200, 7200, 100, 1),
(@CGUID+856, 2850, 1, 3334.05, -738.619, 165.437, 4.46804, 0, 0, -0.788011, 0.615662, 7200, 7200, 100, 1),
(@CGUID+857, 2850, 1, 1986.38, -960.815, 50.4463, 1.36136, 0, 0, 0.62932, 0.777146, 7200, 7200, 100, 1),
(@CGUID+858, 2850, 1, 3374.5, -485.57, 154.218, 1.16937, 0, 0, 0.551936, 0.833886, 7200, 7200, 100, 1),
(@CGUID+859, 2850, 1, 3198.29, -273.749, 122.521, 1.51844, 0, 0, 0.688354, 0.725374, 7200, 7200, 100, 1),
(@CGUID+860, 2850, 1, 2203.02, -1432.82, 90.4306, 0.872664, 0, 0, 0.422618, 0.906308, 7200, 7200, 100, 1),
(@CGUID+861, 2852, 1, 2762.61, -2939.74, 143.158, 2.32129, 0, 0, 0.91706, 0.39875, 7200, 7200, 100, 1),
(@CGUID+862, 2852, 1, 1799.25, -2696.54, 41.0134, 0.226892, 0, 0, 0.113203, 0.993572, 7200, 7200, 100, 1),
(@CGUID+863, 2852, 1, 1876.36, -2794.27, 37.592, 4.62512, 0, 0, -0.737277, 0.675591, 7200, 7200, 100, 1),
(@CGUID+864, 2852, 1, 2934.9, -2841.09, 212.852, 1.85005, 0, 0, 0.798635, 0.601815, 7200, 7200, 100, 1),
(@CGUID+865, 2852, 1, 2774.58, -3016.76, 154.125, 0.855211, 0, 0, 0.414693, 0.909961, 7200, 7200, 100, 1),
(@CGUID+866, 2852, 1, 1872.33, -2765.32, 62.6937, 2.65289, 0, 0, 0.970295, 0.241925, 7200, 7200, 100, 1),
(@CGUID+867, 2852, 1, 2766.66, -2879.07, 148.959, 4.72984, 0, 0, -0.700909, 0.713251, 7200, 7200, 100, 1),
(@CGUID+868, 2852, 1, 2890.25, -2827.92, 208.831, 3.4383, 0, 0, -0.989016, 0.147811, 7200, 7200, 100, 1),
(@CGUID+869, 2852, 1, 2747.48, -2982.93, 140.794, 5.11382, 0, 0, -0.551936, 0.833886, 7200, 7200, 100, 1),
(@CGUID+870, 2852, 1, 1811.35, -2613.78, 61.9954, 5.60251, 0, 0, -0.333807, 0.942641, 7200, 7200, 100, 1),
(@CGUID+871, 2852, 1, 2603.36, -2135.84, 194.963, 2.30383, 0, 0, 0.913545, 0.406738, 7200, 7200, 100, 1),
(@CGUID+872, 2852, 1, 2766.62, -2265.58, 202.595, 4.79966, 0, 0, -0.67559, 0.737278, 7200, 7200, 100, 1),
(@CGUID+873, 2852, 1, 2500.62, -2121.34, 201.213, 1.93731, 0, 0, 0.824125, 0.566408, 7200, 7200, 100, 1),
(@CGUID+874, 2852, 1, 2887.95, -2658.59, 182.718, 6.00393, 0, 0, -0.139173, 0.990268, 7200, 7200, 100, 1),
(@CGUID+1058, 2850, 1, 2230.04, 312.061, 133.777, 5.84685, 0, 0, -0.216439, 0.976296, 7200, 7200, 100, 1),
(@CGUID+1059, 2850, 1, 3268.57, -345.062, 154.452, 0.104719, 0, 0, 0.0523357, 0.99863, 7200, 7200, 100, 1),
(@CGUID+1060, 2850, 1, 3456.97, -378.668, 136.127, 1.37881, 0, 0, 0.636078, 0.771625, 7200, 7200, 100, 1),
(@CGUID+1061, 2850, 1, 1996.59, -1119.86, 95.3909, 4.39823, 0, 0, -0.809016, 0.587786, 7200, 7200, 100, 1);
INSERT INTO `pool_gameobject` (`guid`, `pool_entry`, `chance`, `description`) VALUES
(@CGUID+845, @POOLID+28, 0, 'Chests in Ashenvale'),
(@CGUID+846, @POOLID+28, 0, 'Chests in Ashenvale'),
(@CGUID+847, @POOLID+28, 0, 'Chests in Ashenvale'),
(@CGUID+848, @POOLID+28, 0, 'Chests in Ashenvale'),
(@CGUID+849, @POOLID+28, 0, 'Chests in Ashenvale'),
(@CGUID+850, @POOLID+28, 0, 'Chests in Ashenvale'),
(@CGUID+851, @POOLID+28, 0, 'Chests in Ashenvale'),
(@CGUID+852, @POOLID+28, 0, 'Chests in Ashenvale'),
(@CGUID+853, @POOLID+28, 0, 'Chests in Ashenvale'),
(@CGUID+854, @POOLID+28, 0, 'Chests in Ashenvale'),
(@CGUID+855, @POOLID+28, 0, 'Chests in Ashenvale'),
(@CGUID+856, @POOLID+28, 0, 'Chests in Ashenvale'),
(@CGUID+857, @POOLID+28, 0, 'Chests in Ashenvale'),
(@CGUID+858, @POOLID+28, 0, 'Chests in Ashenvale'),
(@CGUID+859, @POOLID+28, 0, 'Chests in Ashenvale'),
(@CGUID+860, @POOLID+28, 0, 'Chests in Ashenvale'),
(@CGUID+861, @POOLID+28, 0, 'Chests in Ashenvale'),
(@CGUID+862, @POOLID+28, 0, 'Chests in Ashenvale'),
(@CGUID+863, @POOLID+28, 0, 'Chests in Ashenvale'),
(@CGUID+864, @POOLID+28, 0, 'Chests in Ashenvale'),
(@CGUID+865, @POOLID+28, 0, 'Chests in Ashenvale'),
(@CGUID+866, @POOLID+28, 0, 'Chests in Ashenvale'),
(@CGUID+867, @POOLID+28, 0, 'Chests in Ashenvale'),
(@CGUID+868, @POOLID+28, 0, 'Chests in Ashenvale'),
(@CGUID+869, @POOLID+28, 0, 'Chests in Ashenvale'),
(@CGUID+870, @POOLID+28, 0, 'Chests in Ashenvale'),
(@CGUID+871, @POOLID+28, 0, 'Chests in Ashenvale'),
(@CGUID+872, @POOLID+28, 0, 'Chests in Ashenvale'),
(@CGUID+873, @POOLID+28, 0, 'Chests in Ashenvale'),
(@CGUID+874, @POOLID+28, 0, 'Chests in Ashenvale'),
(@CGUID+1058, @POOLID+28, 0, 'Chests in Ashenvale'),
(@CGUID+1059, @POOLID+28, 0, 'Chests in Ashenvale'),
(@CGUID+1060, @POOLID+28, 0, 'Chests in Ashenvale'),
(@CGUID+1061, @POOLID+28, 0, 'Chests in Ashenvale');

-- Chests in Thousand Needles
INSERT INTO `pool_template` (`entry`, `max_limit`, `description`) VALUES (@POOLID+29, 4, 'Chests in Thousand Needles');
INSERT INTO `gameobject` (`guid`, `id`, `map`, `position_x`, `position_y`, `position_z`, `orientation`, `rotation0`, `rotation1`, `rotation2`, `rotation3`, `spawntimesecsmin`, `spawntimesecsmax`, `animprogress`, `state`) VALUES
(@CGUID+875, 2852, 1, -4952.89, -2295.17, -64.6408, 5.21854, 0, 0, -0.507538, 0.861629, 7200, 7200, 100, 1),
(@CGUID+876, 2852, 1, -5046.39, -2326.3, -52.8083, 6.0912, 0, 0, -0.0958452, 0.995396, 7200, 7200, 100, 1),
(@CGUID+877, 2852, 1, -4591.11, -1218.49, -54.842, 3.49067, 0, 0, -0.984807, 0.173652, 7200, 7200, 100, 1),
(@CGUID+878, 2852, 1, -5192.65, -1209.24, 49.3863, 2.09439, 0, 0, 0.866025, 0.500001, 7200, 7200, 100, 1),
(@CGUID+879, 2852, 1, -5063.35, -2291.98, -53.2819, 1.48353, 0, 0, 0.67559, 0.737278, 7200, 7200, 100, 1),
(@CGUID+880, 2852, 1, -4896.51, -2290.6, -59.8061, 6.17847, 0, 0, -0.0523357, 0.99863, 7200, 7200, 100, 1),
(@CGUID+881, 2852, 1, -4913.32, -2409.45, -51.8143, 4.57276, 0, 0, -0.754709, 0.656059, 7200, 7200, 100, 1),
(@CGUID+882, 2852, 1, -5119.84, -2322.7, -55.3846, 1.15192, 0, 0, 0.544639, 0.838671, 7200, 7200, 100, 1),
(@CGUID+883, 2852, 1, -4648.06, -1265.94, -52.0322, 3.75246, 0, 0, -0.953716, 0.300708, 7200, 7200, 100, 1),
(@CGUID+884, 2852, 1, -5508.08, -1629.43, 25.3012, 0.855211, 0, 0, 0.414693, 0.909961, 7200, 7200, 100, 1),
(@CGUID+885, 2852, 1, -4604.5, -1285.01, -50.5238, 2.75761, 0, 0, 0.981627, 0.190812, 7200, 7200, 100, 1),
(@CGUID+886, 2852, 1, -4579.8, -1250.09, -53.8562, 5.20108, 0, 0, -0.515038, 0.857168, 7200, 7200, 100, 1),
(@CGUID+887, 2855, 1, -6399.73, -3446.07, -77.6406, 0.541051, 0, 0, 0.267238, 0.963631, 7200, 7200, 100, 1),
(@CGUID+888, 2855, 1, -6465.63, -3565.99, -58.7499, 0.575957, 0, 0, 0.284015, 0.95882, 7200, 7200, 100, 1),
(@CGUID+889, 2855, 1, -6484.66, -3499.6, -70.0346, 6.10865, 0, 0, -0.0871553, 0.996195, 7200, 7200, 100, 1),
(@CGUID+1062, 2852, 1, -5105.39, -1046.76, -5.58009, 3.24635, 0, 0, -0.998629, 0.0523532, 7200, 7200, 100, 1),
(@CGUID+1063, 2852, 1, -5585.58, -1629.46, 16.2051, 2.35619, 0, 0, 0.92388, 0.382683, 7200, 7200, 100, 1),
(@CGUID+1064, 2852, 1, -5551.36, -1603.04, 20.8878, 1.309, 0, 0, 0.608761, 0.793354, 7200, 7200, 100, 1),
(@CGUID+1065, 2852, 1, -5070.25, -2351.36, -53.6601, 1.43117, 0, 0, 0.656058, 0.75471, 7200, 7200, 100, 1);
INSERT INTO `pool_gameobject` (`guid`, `pool_entry`, `chance`, `description`) VALUES
(@CGUID+875, @POOLID+29, 0, 'Chests in Thousand Needles'),
(@CGUID+876, @POOLID+29, 0, 'Chests in Thousand Needles'),
(@CGUID+877, @POOLID+29, 0, 'Chests in Thousand Needles'),
(@CGUID+878, @POOLID+29, 0, 'Chests in Thousand Needles'),
(@CGUID+879, @POOLID+29, 0, 'Chests in Thousand Needles'),
(@CGUID+880, @POOLID+29, 0, 'Chests in Thousand Needles'),
(@CGUID+881, @POOLID+29, 0, 'Chests in Thousand Needles'),
(@CGUID+882, @POOLID+29, 0, 'Chests in Thousand Needles'),
(@CGUID+883, @POOLID+29, 0, 'Chests in Thousand Needles'),
(@CGUID+884, @POOLID+29, 0, 'Chests in Thousand Needles'),
(@CGUID+885, @POOLID+29, 0, 'Chests in Thousand Needles'),
(@CGUID+886, @POOLID+29, 0, 'Chests in Thousand Needles'),
(@CGUID+887, @POOLID+29, 0, 'Chests in Thousand Needles'),
(@CGUID+888, @POOLID+29, 0, 'Chests in Thousand Needles'),
(@CGUID+889, @POOLID+29, 0, 'Chests in Thousand Needles'),
(@CGUID+1062, @POOLID+29, 0, 'Chests in Thousand Needles'),
(@CGUID+1063, @POOLID+29, 0, 'Chests in Thousand Needles'),
(@CGUID+1064, @POOLID+29, 0, 'Chests in Thousand Needles'),
(@CGUID+1065, @POOLID+29, 0, 'Chests in Thousand Needles');

-- Chests in Desolace
INSERT INTO `pool_template` (`entry`, `max_limit`, `description`) VALUES (@POOLID+30, 6, 'Chests in Desolace');
INSERT INTO `gameobject` (`guid`, `id`, `map`, `position_x`, `position_y`, `position_z`, `orientation`, `rotation0`, `rotation1`, `rotation2`, `rotation3`, `spawntimesecsmin`, `spawntimesecsmax`, `animprogress`, `state`) VALUES
(@CGUID+890, 2855, 1, -961.253, 880.802, 91.5103, 2.16421, 0, 0, 0.882947, 0.469473, 7200, 7200, 100, 1),
(@CGUID+891, 2855, 1, -403.13, 1876.43, 128.41, 4.83456, 0, 0, -0.66262, 0.748956, 7200, 7200, 100, 1),
(@CGUID+892, 2855, 1, -794.729, 930.161, 90.7574, 2.16421, 0, 0, 0.882947, 0.469473, 7200, 7200, 100, 1),
(@CGUID+893, 2855, 1, -390.962, 1789.9, 127.79, 1.83259, 0, 0, 0.793353, 0.608762, 7200, 7200, 100, 1),
(@CGUID+894, 2855, 1, -339.986, 838.234, 99.0587, 3.85718, 0, 0, -0.936671, 0.35021, 7200, 7200, 100, 1),
(@CGUID+895, 2855, 1, -1020.23, 878.373, 92.5822, 6.00393, 0, 0, -0.139173, 0.990268, 7200, 7200, 100, 1),
(@CGUID+896, 2855, 1, -127.378, 869.742, 119.095, 2.47837, 0, 0, 0.945518, 0.325568, 7200, 7200, 100, 1),
(@CGUID+897, 2855, 1, -330.01, 1768.85, 139.514, 3.54302, 0, 0, -0.979924, 0.19937, 7200, 7200, 100, 1),
(@CGUID+898, 2855, 1, -84.2788, 762.965, 132.892, 3.08918, 0, 0, 0.999657, 0.0262016, 7200, 7200, 100, 1),
(@CGUID+899, 2855, 1, -447.218, 1754.23, 153.488, 3.71755, 0, 0, -0.958819, 0.284016, 7200, 7200, 100, 1),
(@CGUID+900, 2857, 1, -1333.23, 2760.84, 113.199, 2.44346, 0, 0, 0.939692, 0.34202, 7200, 7200, 100, 1),
(@CGUID+901, 2857, 1, -1133.85, 2694.59, 111.414, 2.93214, 0, 0, 0.994521, 0.104536, 7200, 7200, 100, 1),
(@CGUID+902, 2857, 1, -1389.72, 2652.81, 111.556, 4.34587, 0, 0, -0.824126, 0.566406, 7200, 7200, 100, 1),
(@CGUID+903, 2857, 1, -1902.34, 1107.68, 92.3415, 0.122173, 0, 0, 0.0610485, 0.998135, 7200, 7200, 100, 1),
(@CGUID+904, 2857, 1, -1200.01, 2761.32, 111.421, 1.50098, 0, 0, 0.681998, 0.731354, 7200, 7200, 100, 1),
(@CGUID+905, 2857, 1, -1757.97, 911.563, 92.4926, 2.49582, 0, 0, 0.948323, 0.317306, 7200, 7200, 100, 1),
(@CGUID+906, 2857, 1, -2384.47, 2408.75, 76.4762, 3.75246, 0, 0, -0.953716, 0.300708, 7200, 7200, 100, 1),
(@CGUID+907, 2857, 1, -1380.12, 2766.56, 112.532, 0.872664, 0, 0, 0.422618, 0.906308, 7200, 7200, 100, 1),
(@CGUID+908, 2857, 1, -1287.23, 2903.94, 113.557, 4.4855, 0, 0, -0.782608, 0.622515, 7200, 7200, 100, 1),
(@CGUID+909, 2857, 1, -2373.11, 2443, 77.2417, 0.209439, 0, 0, 0.104528, 0.994522, 7200, 7200, 100, 1),
(@CGUID+910, 2857, 1, -1191.4, 2860.78, 139.005, 5.5676, 0, 0, -0.350207, 0.936672, 7200, 7200, 100, 1),
(@CGUID+911, 2857, 1, -1364.17, 2916.2, 127.253, 4.4855, 0, 0, -0.782608, 0.622515, 7200, 7200, 100, 1),
(@CGUID+912, 2857, 1, -1905.2, 998.873, 90.611, 5.67232, 0, 0, -0.300705, 0.953717, 7200, 7200, 100, 1),
(@CGUID+913, 2857, 1, -1696.59, 1021.16, 89.2987, 3.6652, 0, 0, -0.965925, 0.258821, 7200, 7200, 100, 1),
(@CGUID+1066, 2855, 1, -1054.44, 1008.37, 90.526, 1.5708, 0, 0, 0.707107, 0.707107, 7200, 7200, 100, 1),
(@CGUID+1067, 2857, 1, -1968.62, 1268.88, 91.5316, 5.93412, 0, 0, -0.173648, 0.984808, 7200, 7200, 100, 1);
INSERT INTO `pool_gameobject` (`guid`, `pool_entry`, `chance`, `description`) VALUES
(@CGUID+890, @POOLID+30, 0, 'Chests in Desolace'),
(@CGUID+891, @POOLID+30, 0, 'Chests in Desolace'),
(@CGUID+892, @POOLID+30, 0, 'Chests in Desolace'),
(@CGUID+893, @POOLID+30, 0, 'Chests in Desolace'),
(@CGUID+894, @POOLID+30, 0, 'Chests in Desolace'),
(@CGUID+895, @POOLID+30, 0, 'Chests in Desolace'),
(@CGUID+896, @POOLID+30, 0, 'Chests in Desolace'),
(@CGUID+897, @POOLID+30, 0, 'Chests in Desolace'),
(@CGUID+898, @POOLID+30, 0, 'Chests in Desolace'),
(@CGUID+899, @POOLID+30, 0, 'Chests in Desolace'),
(@CGUID+900, @POOLID+30, 0, 'Chests in Desolace'),
(@CGUID+901, @POOLID+30, 0, 'Chests in Desolace'),
(@CGUID+902, @POOLID+30, 0, 'Chests in Desolace'),
(@CGUID+903, @POOLID+30, 0, 'Chests in Desolace'),
(@CGUID+904, @POOLID+30, 0, 'Chests in Desolace'),
(@CGUID+905, @POOLID+30, 0, 'Chests in Desolace'),
(@CGUID+906, @POOLID+30, 0, 'Chests in Desolace'),
(@CGUID+907, @POOLID+30, 0, 'Chests in Desolace'),
(@CGUID+908, @POOLID+30, 0, 'Chests in Desolace'),
(@CGUID+909, @POOLID+30, 0, 'Chests in Desolace'),
(@CGUID+910, @POOLID+30, 0, 'Chests in Desolace'),
(@CGUID+911, @POOLID+30, 0, 'Chests in Desolace'),
(@CGUID+912, @POOLID+30, 0, 'Chests in Desolace'),
(@CGUID+913, @POOLID+30, 0, 'Chests in Desolace'),
(@CGUID+1066, @POOLID+30, 0, 'Chests in Desolace'),
(@CGUID+1067, @POOLID+30, 0, 'Chests in Desolace');

-- Chests in Stonetalon Mountains
INSERT INTO `pool_template` (`entry`, `max_limit`, `description`) VALUES (@POOLID+31, 6, 'Chests in Stonetalon Mountains');
INSERT INTO `gameobject` (`guid`, `id`, `map`, `position_x`, `position_y`, `position_z`, `orientation`, `rotation0`, `rotation1`, `rotation2`, `rotation3`, `spawntimesecsmin`, `spawntimesecsmax`, `animprogress`, `state`) VALUES
(@CGUID+914, 2849, 1, 1262.87, -5.11133, -5.45986, 4.31097, 0, 0, -0.833885, 0.551938, 7200, 7200, 100, 1),
(@CGUID+915, 2849, 1, 998.705, -333.697, 0.770707, 4.72984, 0, 0, -0.700909, 0.713251, 7200, 7200, 100, 1),
(@CGUID+916, 2849, 1, 1489.94, 756.841, 143.941, 1.76278, 0, 0, 0.771625, 0.636078, 7200, 7200, 100, 1),
(@CGUID+917, 2849, 1, 953.074, -279.746, -0.152094, 4.38078, 0, 0, -0.814116, 0.580703, 7200, 7200, 100, 1),
(@CGUID+918, 2849, 1, 963.853, -322.229, -0.674117, 2.72271, 0, 0, 0.978148, 0.207912, 7200, 7200, 100, 1),
(@CGUID+919, 2849, 1, 1656.01, 1133.06, 142.817, 3.49067, 0, 0, -0.984807, 0.173652, 7200, 7200, 100, 1),
(@CGUID+920, 2849, 1, 1751.6, 623.222, 194.972, 5.41052, 0, 0, -0.422618, 0.906308, 7200, 7200, 100, 1),
(@CGUID+921, 2849, 1, -66.701, -517.713, -46.1329, 1.48353, 0, 0, 0.67559, 0.737278, 7200, 7200, 100, 1),
(@CGUID+922, 2849, 1, 1434.8, 3.8839, 25.138, 6.14356, 0, 0, -0.0697556, 0.997564, 7200, 7200, 100, 1),
(@CGUID+923, 2849, 1, 5.11241, -692.71, -19.1304, 3.03684, 0, 0, 0.998629, 0.0523532, 7200, 7200, 100, 1),
(@CGUID+924, 2849, 1, 1608.78, 141.983, 104.847, 5.3058, 0, 0, -0.469471, 0.882948, 7200, 7200, 100, 1),
(@CGUID+925, 2849, 1, 1415.53, 1044.07, 157.556, 0.331611, 0, 0, 0.165047, 0.986286, 7200, 7200, 100, 1),
(@CGUID+926, 2849, 1, 132.013, -349.798, 3.59643, 2.1293, 0, 0, 0.874619, 0.48481, 7200, 7200, 100, 1),
(@CGUID+927, 2850, 1, 628.739, 1822.79, -10.3557, 3.9619, 0, 0, -0.91706, 0.39875, 7200, 7200, 100, 1),
(@CGUID+928, 2850, 1, 767.892, 1653.52, -32.6456, 4.10153, 0, 0, -0.887011, 0.461749, 7200, 7200, 100, 1),
(@CGUID+929, 2850, 1, 676.759, 1439.35, -7.96637, 5.51524, 0, 0, -0.374606, 0.927184, 7200, 7200, 100, 1),
(@CGUID+930, 2850, 1, 898.908, 1559.58, -16.3545, 2.51327, 0, 0, 0.951056, 0.309017, 7200, 7200, 100, 1),
(@CGUID+931, 2850, 1, 673.933, 1535.63, -18.8477, 4.66003, 0, 0, -0.725374, 0.688355, 7200, 7200, 100, 1),
(@CGUID+932, 2850, 1, 651.431, 1917.55, -5.88195, 3.42085, 0, 0, -0.990268, 0.139175, 7200, 7200, 100, 1),
(@CGUID+933, 2850, 1, 1001.33, 1698.48, -5.53388, 0.087266, 0, 0, 0.0436192, 0.999048, 7200, 7200, 100, 1),
(@CGUID+934, 3715, 1, 2419.41, 1791.47, 349.38, 3.17653, 0, 0, -0.999847, 0.0174693, 7200, 7200, 100, 1),
(@CGUID+935, 3715, 1, 2416.15, 1760.86, 347.275, 1.11701, 0, 0, 0.529919, 0.848048, 7200, 7200, 100, 1),
(@CGUID+936, 3715, 1, 2493.49, 1856.61, 365.885, 2.86234, 0, 0, 0.990268, 0.139175, 7200, 7200, 100, 1),
(@CGUID+937, 3715, 1, 2518.13, 1982.36, 348.044, 2.28638, 0, 0, 0.909961, 0.414694, 7200, 7200, 100, 1),
(@CGUID+1068, 2849, 1, 876.255, -262.094, 7.15937, 6.10865, 0, 0, -0.0871553, 0.996195, 7200, 7200, 100, 1),
(@CGUID+1069, 2849, 1, 963.485, -256.297, -4.31736, 3.90954, 0, 0, -0.927183, 0.374608, 7200, 7200, 100, 1),
(@CGUID+1070, 2850, 1, 825.031, 1861.43, 1.89357, 2.79252, 0, 0, 0.984807, 0.173652, 7200, 7200, 100, 1);
INSERT INTO `pool_gameobject` (`guid`, `pool_entry`, `chance`, `description`) VALUES
(@CGUID+914, @POOLID+31, 0, 'Chests in Stonetalon Mountains'),
(@CGUID+915, @POOLID+31, 0, 'Chests in Stonetalon Mountains'),
(@CGUID+916, @POOLID+31, 0, 'Chests in Stonetalon Mountains'),
(@CGUID+917, @POOLID+31, 0, 'Chests in Stonetalon Mountains'),
(@CGUID+918, @POOLID+31, 0, 'Chests in Stonetalon Mountains'),
(@CGUID+919, @POOLID+31, 0, 'Chests in Stonetalon Mountains'),
(@CGUID+920, @POOLID+31, 0, 'Chests in Stonetalon Mountains'),
(@CGUID+921, @POOLID+31, 0, 'Chests in Stonetalon Mountains'),
(@CGUID+922, @POOLID+31, 0, 'Chests in Stonetalon Mountains'),
(@CGUID+923, @POOLID+31, 0, 'Chests in Stonetalon Mountains'),
(@CGUID+924, @POOLID+31, 0, 'Chests in Stonetalon Mountains'),
(@CGUID+925, @POOLID+31, 0, 'Chests in Stonetalon Mountains'),
(@CGUID+926, @POOLID+31, 0, 'Chests in Stonetalon Mountains'),
(@CGUID+927, @POOLID+31, 0, 'Chests in Stonetalon Mountains'),
(@CGUID+928, @POOLID+31, 0, 'Chests in Stonetalon Mountains'),
(@CGUID+929, @POOLID+31, 0, 'Chests in Stonetalon Mountains'),
(@CGUID+930, @POOLID+31, 0, 'Chests in Stonetalon Mountains'),
(@CGUID+931, @POOLID+31, 0, 'Chests in Stonetalon Mountains'),
(@CGUID+932, @POOLID+31, 0, 'Chests in Stonetalon Mountains'),
(@CGUID+933, @POOLID+31, 0, 'Chests in Stonetalon Mountains'),
(@CGUID+934, @POOLID+31, 0, 'Chests in Stonetalon Mountains'),
(@CGUID+935, @POOLID+31, 0, 'Chests in Stonetalon Mountains'),
(@CGUID+936, @POOLID+31, 0, 'Chests in Stonetalon Mountains'),
(@CGUID+937, @POOLID+31, 0, 'Chests in Stonetalon Mountains'),
(@CGUID+1068, @POOLID+31, 0, 'Chests in Stonetalon Mountains'),
(@CGUID+1069, @POOLID+31, 0, 'Chests in Stonetalon Mountains'),
(@CGUID+1070, @POOLID+31, 0, 'Chests in Stonetalon Mountains');

-- Chests in Tanaris
INSERT INTO `pool_template` (`entry`, `max_limit`, `description`) VALUES (@POOLID+32, 6, 'Chests in Tanaris');
INSERT INTO `gameobject` (`guid`, `id`, `map`, `position_x`, `position_y`, `position_z`, `orientation`, `rotation0`, `rotation1`, `rotation2`, `rotation3`, `spawntimesecsmin`, `spawntimesecsmax`, `animprogress`, `state`) VALUES
(@CGUID+938, 4149, 1, -6912.34, -3128.72, 8.79548, 3.42085, 0, 0, -0.990268, 0.139175, 7200, 7200, 100, 1),
(@CGUID+939, 4149, 1, -7550.48, -4734.68, 9.45221, 1.79769, 0, 0, 0.782608, 0.622515, 7200, 7200, 100, 1),
(@CGUID+940, 4149, 1, -7384.69, -4731.94, 9.16363, 2.35619, 0, 0, 0.92388, 0.382683, 7200, 7200, 100, 1),
(@CGUID+941, 4149, 1, -7549.1, -4266.47, 8.87937, 2.1293, 0, 0, 0.874619, 0.48481, 7200, 7200, 100, 1),
(@CGUID+942, 4149, 1, -7686.44, -4269.25, 9.15006, 5.48033, 0, 0, -0.390731, 0.920505, 7200, 7200, 100, 1),
(@CGUID+943, 4149, 1, -6992.11, -2808.41, 10.7516, 5.32326, 0, 0, -0.461748, 0.887011, 7200, 7200, 100, 1),
(@CGUID+944, 4149, 1, -7212.92, -4623.56, 8.8849, 3.05433, 0, 0, 0.999048, 0.0436193, 7200, 7200, 100, 1),
(@CGUID+945, 4149, 1, -7378.62, -4403.74, 9.49297, 4.69494, 0, 0, -0.71325, 0.70091, 7200, 7200, 100, 1),
(@CGUID+946, 4149, 1, -7193.02, -2980.91, 8.79554, 3.64774, 0, 0, -0.968147, 0.250381, 7200, 7200, 100, 1),
(@CGUID+947, 4149, 1, -7414.26, -4583.68, 8.77651, 5.20108, 0, 0, -0.515038, 0.857168, 7200, 7200, 100, 1),
(@CGUID+948, 4149, 1, -7280.29, -4542.58, 8.87676, 1.41372, 0, 0, 0.649447, 0.760406, 7200, 7200, 100, 1),
(@CGUID+949, 4149, 1, -7706.76, -4706.06, 8.87676, 4.67748, 0, 0, -0.719339, 0.694659, 7200, 7200, 100, 1),
(@CGUID+950, 4149, 1, -7720.31, -4632.25, 8.8768, 0.383971, 0, 0, 0.190808, 0.981627, 7200, 7200, 100, 1),
(@CGUID+951, 4149, 1, -7675.42, -4410.94, 8.95528, 1.0472, 0, 0, 0.5, 0.866025, 7200, 7200, 100, 1),
(@CGUID+952, 153451, 1, -8092.79, -5307.67, 0.861935, 3.4383, 0, 0, -0.989016, 0.147811, 7200, 7200, 100, 1),
(@CGUID+953, 153451, 1, -8023.66, -5228.58, 0.592669, 5.58505, 0, 0, -0.34202, 0.939693, 7200, 7200, 100, 1),
(@CGUID+954, 153451, 1, -7901.72, -5206.91, 0.792425, 2.93214, 0, 0, 0.994521, 0.104536, 7200, 7200, 100, 1),
(@CGUID+955, 153451, 1, -7977.4, -5127, 5.78821, 0.0698117, 0, 0, 0.0348988, 0.999391, 7200, 7200, 100, 1),
(@CGUID+956, 153451, 1, -8497.94, -3061.38, 9.52853, 0.994837, 0, 0, 0.477159, 0.878817, 7200, 7200, 100, 1),
(@CGUID+957, 153451, 1, -7960.2, -5245.88, 1.51478, 5.61996, 0, 0, -0.325567, 0.945519, 7200, 7200, 100, 1),
(@CGUID+958, 153451, 1, -8490.85, -2888.62, 8.66692, 0.331611, 0, 0, 0.165047, 0.986286, 7200, 7200, 100, 1),
(@CGUID+959, 153451, 1, -7894.02, -5157.05, 5.622, 4.20625, 0, 0, -0.861629, 0.507539, 7200, 7200, 100, 1),
(@CGUID+960, 153451, 1, -8374.43, -2975.6, 8.52213, 1.50098, 0, 0, 0.681998, 0.731354, 7200, 7200, 100, 1),
(@CGUID+961, 153451, 1, -8079.38, -5251.62, 0.680218, 0, 0, 0, 0, 1, 7200, 7200, 100, 1),
(@CGUID+962, 153451, 1, -7994.46, -5416.43, 1.12043, 0.90757, 0, 0, 0.438371, 0.898794, 7200, 7200, 100, 1),
(@CGUID+963, 153451, 1, -8383.04, -3083.96, 8.62471, 2.23402, 0, 0, 0.898793, 0.438373, 7200, 7200, 100, 1),
(@CGUID+1071, 153451, 1, -7867.49, -5111.42, 5.7001, 1.65806, 0, 0, 0.737277, 0.675591, 7200, 7200, 100, 1);
INSERT INTO `pool_gameobject` (`guid`, `pool_entry`, `chance`, `description`) VALUES
(@CGUID+938, @POOLID+32, 0, 'Chests in Tanaris'),
(@CGUID+939, @POOLID+32, 0, 'Chests in Tanaris'),
(@CGUID+940, @POOLID+32, 0, 'Chests in Tanaris'),
(@CGUID+941, @POOLID+32, 0, 'Chests in Tanaris'),
(@CGUID+942, @POOLID+32, 0, 'Chests in Tanaris'),
(@CGUID+943, @POOLID+32, 0, 'Chests in Tanaris'),
(@CGUID+944, @POOLID+32, 0, 'Chests in Tanaris'),
(@CGUID+945, @POOLID+32, 0, 'Chests in Tanaris'),
(@CGUID+946, @POOLID+32, 0, 'Chests in Tanaris'),
(@CGUID+947, @POOLID+32, 0, 'Chests in Tanaris'),
(@CGUID+948, @POOLID+32, 0, 'Chests in Tanaris'),
(@CGUID+949, @POOLID+32, 0, 'Chests in Tanaris'),
(@CGUID+950, @POOLID+32, 0, 'Chests in Tanaris'),
(@CGUID+951, @POOLID+32, 0, 'Chests in Tanaris'),
(@CGUID+952, @POOLID+32, 0, 'Chests in Tanaris'),
(@CGUID+953, @POOLID+32, 0, 'Chests in Tanaris'),
(@CGUID+954, @POOLID+32, 0, 'Chests in Tanaris'),
(@CGUID+955, @POOLID+32, 0, 'Chests in Tanaris'),
(@CGUID+956, @POOLID+32, 0, 'Chests in Tanaris'),
(@CGUID+957, @POOLID+32, 0, 'Chests in Tanaris'),
(@CGUID+958, @POOLID+32, 0, 'Chests in Tanaris'),
(@CGUID+959, @POOLID+32, 0, 'Chests in Tanaris'),
(@CGUID+960, @POOLID+32, 0, 'Chests in Tanaris'),
(@CGUID+961, @POOLID+32, 0, 'Chests in Tanaris'),
(@CGUID+962, @POOLID+32, 0, 'Chests in Tanaris'),
(@CGUID+963, @POOLID+32, 0, 'Chests in Tanaris'),
(@CGUID+1071, @POOLID+32, 0, 'Chests in Tanaris');

-- Chests in Winterspring
INSERT INTO `pool_template` (`entry`, `max_limit`, `description`) VALUES (@POOLID+33, 3, 'Chests in Winterspring');
INSERT INTO `gameobject` (`guid`, `id`, `map`, `position_x`, `position_y`, `position_z`, `orientation`, `rotation0`, `rotation1`, `rotation2`, `rotation3`, `spawntimesecsmin`, `spawntimesecsmax`, `animprogress`, `state`) VALUES
(@CGUID+964, 153454, 1, 6830.53, -3584.34, 718.537, 0.95993, 0, 0, 0.461748, 0.887011, 7200, 7200, 100, 1),
(@CGUID+965, 153454, 1, 6796.87, -2666.08, 544.784, 2.96704, 0, 0, 0.996194, 0.087165, 7200, 7200, 100, 1),
(@CGUID+966, 153454, 1, 6779, -5047.81, 722.833, 5.37562, 0, 0, -0.438371, 0.898794, 7200, 7200, 100, 1),
(@CGUID+967, 153454, 1, 6520.67, -3264.04, 574.942, 2.93214, 0, 0, 0.994521, 0.104536, 7200, 7200, 100, 1),
(@CGUID+968, 153454, 1, 6863.55, -5118.35, 695.735, 3.94445, 0, 0, -0.920505, 0.390732, 7200, 7200, 100, 1),
(@CGUID+969, 153454, 1, 6491.73, -3132.61, 570.651, 5.11382, 0, 0, -0.551936, 0.833886, 7200, 7200, 100, 1),
(@CGUID+970, 153454, 1, 6617.37, -4081.4, 662.525, 1.50098, 0, 0, 0.681998, 0.731354, 7200, 7200, 100, 1),
(@CGUID+971, 153454, 1, 6313.62, -2395.12, 556.702, 3.52557, 0, 0, -0.981627, 0.190812, 7200, 7200, 100, 1),
(@CGUID+972, 153454, 1, 6843.18, -2482.17, 561.01, 4.29351, 0, 0, -0.83867, 0.54464, 7200, 7200, 100, 1),
(@CGUID+973, 153454, 1, 6796.38, -5150.05, 732.103, 4.20625, 0, 0, -0.861629, 0.507539, 7200, 7200, 100, 1),
(@CGUID+974, 153454, 1, 6834.71, -5028.53, 691.339, 4.60767, 0, 0, -0.743144, 0.669131, 7200, 7200, 100, 1),
(@CGUID+1072, 153454, 1, 6417.92, -4281.62, 666.034, 5.53269, 0, 0, -0.366501, 0.930418, 7200, 7200, 100, 1);
INSERT INTO `pool_gameobject` (`guid`, `pool_entry`, `chance`, `description`) VALUES
(@CGUID+964, @POOLID+33, 0, 'Chests in Winterspring'),
(@CGUID+965, @POOLID+33, 0, 'Chests in Winterspring'),
(@CGUID+966, @POOLID+33, 0, 'Chests in Winterspring'),
(@CGUID+967, @POOLID+33, 0, 'Chests in Winterspring'),
(@CGUID+968, @POOLID+33, 0, 'Chests in Winterspring'),
(@CGUID+969, @POOLID+33, 0, 'Chests in Winterspring'),
(@CGUID+970, @POOLID+33, 0, 'Chests in Winterspring'),
(@CGUID+971, @POOLID+33, 0, 'Chests in Winterspring'),
(@CGUID+972, @POOLID+33, 0, 'Chests in Winterspring'),
(@CGUID+973, @POOLID+33, 0, 'Chests in Winterspring'),
(@CGUID+974, @POOLID+33, 0, 'Chests in Winterspring'),
(@CGUID+1072, @POOLID+33, 0, 'Chests in Winterspring');

-- Chests in The Deadmines
INSERT INTO `pool_template` (`entry`, `max_limit`, `description`) VALUES (@POOLID+34, 1, 'Chests in The Deadmines');
INSERT INTO `gameobject` (`guid`, `id`, `map`, `position_x`, `position_y`, `position_z`, `orientation`, `rotation0`, `rotation1`, `rotation2`, `rotation3`, `spawntimesecsmin`, `spawntimesecsmax`, `animprogress`, `state`) VALUES
(@CGUID+614, 2849, 0, -11186.5, 1471.16, 15.011, 3.15906, 0, 0, -0.999962, 0.00873464, 7200, 7200, 100, 1),
(@CGUID+615, 2849, 0, -11325.4, 1566.37, 26.491, 3.194, 0, 0, -0.999657, 0.0262016, 7200, 7200, 100, 1),
(@CGUID+616, 2849, 0, -11281.2, 1515.82, 37.9021, 1.309, 0, 0, 0.608761, 0.793354, 7200, 7200, 100, 1),
(@CGUID+617, 2849, 0, -11195.7, 1593.99, 28.9737, 4.83456, 0, 0, -0.66262, 0.748956, 7200, 7200, 100, 1),
(@CGUID+618, 106319, 0, -11072.2, 1512.31, 42.9444, 3.12412, 0, 0, 0.999962, 0.00873464, 7200, 7200, 100, 1);
INSERT INTO `pool_gameobject` (`guid`, `pool_entry`, `chance`, `description`) VALUES
(@CGUID+614, @POOLID+34, 0, 'Chests in The Deadmines'),
(@CGUID+615, @POOLID+34, 0, 'Chests in The Deadmines'),
(@CGUID+616, @POOLID+34, 0, 'Chests in The Deadmines'),
(@CGUID+617, @POOLID+34, 0, 'Chests in The Deadmines'),
(@CGUID+618, @POOLID+34, 0, 'Chests in The Deadmines');

-- Add randomness to respawn time of chests.
UPDATE `gameobject` SET `spawntimesecsmin` = `spawntimesecsmin` / 2, `spawntimesecsmax` = `spawntimesecsmax` * 2 WHERE `spawntimesecsmin` = `spawntimesecsmax` && `map` IN (0, 1) && `id` IN (2844, 2849, 2843, 106318, 106319, 75293, 131979, 75297, 75295, 74447, 75296, 153465, 131978, 153469, 153468, 153463, 75300, 75299, 153464, 75298, 74448, 4149, 2852, 153451, 153453, 153454, 2857, 2855, 2850, 105570, 3714, 111095, 3715, 105579, 4096, 105581, 105578);
