REPLACE INTO `creature_display_info_addon` (`display_id`, `bounding_radius`, `combat_reach`, `gender`, `display_id_other_gender`) VALUES
(20253, 0, 0, 0, 0),
(20260, 0, 0, 0, 0),
(20355, 0, 0, 0, 0),
(20356, 0, 0, 0, 0);

REPLACE INTO creature_template VALUES
(61519, 7022, 0, 0, 0, 0, 'Vaenar Hollowstar', 'Sigil Master', 0, 61, 61, 11891, 11891, 0, 0, 3900, 35, 3, 1, 1.14286, 1, 20, 5, 0, 1, 1, 751, 809, 0, 284, 1, 2000, 2000, 1, 0, 0, 0, 0, 0, 0, 0, 203.77, 289.86, 100, 7, 0, 0, 0, 0, 0, 0, 0, 0, 0, 0, 0, 0, 0, 0, 0, 0, 0, NULL, 0, 0, 'EventAI', 0, 3, 0, 0, 3, 0, 0, 0, 0, 0, 0, 0, ''),
(61520, 1706, 0, 0, 0, 0, 'Gaethas Fargaze', 'Wardens of Nordrassil', 0, 58, 58, 3875, 3875, 0, 0, 3435, 35, 3, 1, 1.14286, 1, 18, 5, 0, 0, 1, 154, 184, 0, 262, 1, 2000, 2000, 1, 0, 0, 0, 0, 0, 0, 0, 70.4704, 96.8968, 100, 7, 0, 0, 0, 0, 0, 0, 0, 0, 0, 0, 0, 0, 0, 0, 0, 0, 0, NULL, 0, 0, 'EventAI', 0, 3, 0, 0, 3, 0, 0, 0, 0, 0, 0, 0, ''),
(61521, 20253, 0, 0, 0, 0, 'Danthar Oakmantle', 'Wardens of Nordrassil', 0, 57, 57, 3758, 3758, 0, 0, 3334, 35, 3, 1, 1.14286, 1, 18, 5, 0, 0, 1, 102, 131, 0, 258, 1, 2000, 2000, 1, 0, 0, 0, 0, 0, 0, 0, 72.2304, 99.3168, 100, 7, 0, 0, 0, 0, 0, 0, 0, 0, 0, 0, 0, 0, 0, 0, 0, 0, 0, NULL, 0, 0, 'EventAI', 0, 3, 0, 0, 3, 0, 0, 0, 0, 0, 0, 0, ''),
(61522, 9822, 0, 0, 0, 0, 'Ilsa Hollowstar', 'Wardens of Nordrassil', 0, 58, 58, 3875, 3875, 0, 0, 3435, 35, 3, 1, 1.14286, 1, 18, 5, 0, 0, 1, 154, 184, 0, 262, 1, 2000, 2000, 1, 0, 0, 0, 0, 0, 0, 0, 70.4704, 96.8968, 100, 7, 0, 0, 0, 0, 0, 0, 0, 0, 0, 0, 0, 0, 0, 0, 0, 0, 0, NULL, 0, 0, 'EventAI', 0, 3, 0, 0, 3, 0, 0, 0, 0, 0, 0, 0, ''),
(61523, 20260, 0, 0, 0, 0, 'Naytha Grovelight', 'General Goods', 0, 55, 55, 3643, 3643, 0, 0, 3272, 35, 4, 1, 1.14286, 1, 20, 5, 0, 0, 1, 94, 118, 0, 254, 1, 2000, 2000, 1, 0, 0, 0, 0, 0, 0, 0, 71.2272, 97.9374, 100, 7, 0, 0, 0, 0, 0, 0, 0, 0, 0, 0, 0, 0, 0, 0, 0, 0, 0, NULL, 0, 0, 'EventAI', 0, 3, 0, 0, 3, 0, 0, 0, 0, 0, 0, 0, ''),
(61524, 4484, 0, 0, 0, 0, 'Relthan Highmoon', 'Trade Supplies', 0, 55, 55, 3643, 3643, 0, 0, 3272, 35, 4, 1, 1.14286, 1, 20, 5, 0, 0, 1, 94, 118, 0, 254, 1, 2000, 2000, 1, 0, 0, 0, 0, 0, 0, 0, 71.2272, 97.9374, 100, 7, 0, 0, 0, 0, 0, 0, 0, 0, 0, 0, 0, 0, 0, 0, 0, 0, 0, NULL, 0, 0, 'EventAI', 0, 3, 0, 0, 3, 0, 0, 0, 0, 0, 0, 0, ''),
(61525, 5440, 0, 0, 0, 0, 'Vorthos Everbreeze', 'Repair', 0, 56, 56, 3643, 3643, 0, 0, 3272, 35, 16388, 1, 1.14286, 1, 20, 5, 0, 0, 1, 94, 118, 0, 254, 1, 2000, 2000, 1, 0, 0, 0, 0, 0, 0, 0, 71.2272, 97.9374, 100, 7, 0, 0, 0, 0, 0, 0, 0, 0, 0, 0, 0, 0, 0, 0, 0, 0, 0, NULL, 0, 0, 'EventAI', 0, 3, 0, 0, 3, 0, 0, 0, 0, 0, 0, 0, ''),
(61526, 9590, 0, 0, 0, 0, 'Glade Treant', 'Wardens of Nordrassil', 0, 62, 62, 65151, 65151, 0, 0, 3791, 35, 3, 1, 1.14286, 1, 20, 5, 0, 1, 1, 873, 1039, 0, 278, 1, 2000, 2000, 1, 0, 0, 0, 0, 0, 0, 0, 61.732, 84.8815, 100, 4, 0, 0, 0, 0, 0, 0, 0, 0, 0, 0, 0, 0, 0, 0, 0, 0, 0, NULL, 0, 0, 'EventAI', 0, 3, 0, 0, 3, 0, 0, 0, 0, 0, 0, 0, ''),
(61527, 20355, 20356, 0, 0, 0, 'Nordanaar Guardian', 'Wardens of Nordrassil', 0, 62, 62, 65151, 65151, 0, 0, 3791, 35, 3, 1, 1.14286, 1, 20, 5, 0, 1, 1, 873, 1039, 0, 278, 1, 2000, 2000, 1, 0, 0, 0, 0, 0, 0, 0, 61.732, 84.8815, 100, 7, 0, 0, 0, 0, 0, 0, 0, 0, 0, 0, 0, 0, 0, 0, 0, 0, 0, NULL, 0, 0, 'EventAI', 0, 3, 0, 0, 3, 0, 0, 0, 0, 0, 0, 0, ''),
(61528, 12750, 0, 0, 0, 0, 'Glanthas the Ancient', NULL, 0, 60, 60, 19543, 19543, 0, 0, 3059, 35, 3, 1, 1.14286, 2, 18, 5, 0, 2, 1, 722, 821, 0, 272, 1, 2000, 2000, 1, 0, 0, 0, 0, 0, 0, 0, 65.7432, 90.3969, 100, 4, 0, 0, 0, 0, 0, 0, 0, 0, 0, 0, 0, 0, 0, 0, 0, 0, 0, NULL, 0, 0, 'EventAI', 0, 3, 0, 0, 3, 0, 0, 0, 0, 0, 0, 0, ''),
(61529, 12749, 0, 0, 0, 0, 'Huntress Eldasana', 'Master of the Bow', 0, 62, 62, 65151, 65151, 0, 0, 3791, 35, 3, 1, 1.14286, 1, 20, 5, 0, 1, 1, 873, 1039, 0, 278, 1, 2000, 2000, 1, 0, 0, 0, 0, 0, 0, 0, 61.732, 84.8815, 100, 7, 0, 0, 0, 0, 0, 0, 0, 0, 0, 0, 0, 0, 0, 0, 0, 0, 0, NULL, 0, 0, 'EventAI', 0, 3, 0, 0, 3, 0, 0, 0, 0, 0, 0, 0, ''),
(61530, 7379, 0, 0, 0, 0, 'Rosarth Valebright', 'Innkeeper', 0, 55, 55, 3643, 3643, 0, 0, 3272, 35, 135, 1, 1.14286, 1, 20, 5, 0, 0, 1, 94, 118, 0, 254, 1, 2000, 2000, 1, 0, 0, 0, 0, 0, 0, 0, 71.2272, 97.9374, 100, 7, 0, 0, 0, 0, 0, 0, 0, 0, 0, 0, 0, 0, 0, 0, 0, 0, 0, NULL, 0, 0, 'EventAI', 0, 3, 0, 0, 3, 0, 0, 0, 0, 0, 0, 0, ''),
(61531, 623, 0, 0, 0, 0, 'Slumbnaz', NULL, 0, 58, 58, 3875, 3875, 0, 0, 3435, 35, 3, 1, 1.14286, 1, 18, 5, 0, 0, 1, 154, 184, 0, 262, 1, 2000, 2000, 1, 0, 0, 0, 0, 0, 0, 0, 70.4704, 96.8968, 100, 2, 0, 0, 0, 0, 0, 0, 0, 0, 0, 0, 0, 0, 0, 0, 0, 0, 0, NULL, 0, 0, 'EventAI', 0, 3, 0, 0, 3, 0, 0, 0, 0, 0, 0, 0, ''),
(61532, 2313, 0, 0, 0, 0, 'Levenda Skytalon', 'Hippogryph Master', 0, 55, 55, 7842, 7842, 0, 0, 4500, 35, 8, 1, 1.14286, 0, 20, 5, 0, 1, 1, 310, 400, 0, 248, 1, 2000, 2000, 1, 4608, 0, 0, 0, 0, 0, 0, 58.872, 80.949, 100, 7, 0, 0, 0, 0, 0, 0, 0, 0, 0, 0, 0, 0, 0, 0, 0, 0, 0, NULL, 0, 0, 'EventAI', 0, 3, 0, 0, 3, 0, 0, 0, 0, 0, 524290, 0, ''),
(61533, 14832, 0, 0, 0, 0, 'Shadeflayer Goliath', NULL, 0, 61, 61, 16786, 16786, 0, 0, 4290, 14, 0, 1, 1.14286, 1, 20, 5, 0, 2, 1, 589, 674, 0, 284, 2, 2000, 2000, 1, 0, 0, 0, 0, 0, 0, 0, 203.77, 289.86, 100, 7, 0, 61533, 0, 0, 0, 0, 0, 0, 0, 0, 0, 0, 0, 0, 0, 0, 0, NULL, 503, 2517, 'EventAI', 0, 3, 0, 0, 3, 0, 0, 0, 0, 0, 0, 0, '');

set @equip_template = 20394; set @weapon_1 = 5300; set @weapon_2 = 0; set @weapon_3 = 0; set @creature = 61527;
replace into creature_equip_template values (@equip_template, @weapon_1, @weapon_2, @weapon_3);
update creature_template set equipment_id = @equip_template where entry = @creature;

set @equip_template = 20393; set @weapon_1 = 5956; set @weapon_2 = 0; set @weapon_3 = 0; set @creature = 61525;
replace into creature_equip_template values (@equip_template, @weapon_1, @weapon_2, @weapon_3);
update creature_template set equipment_id = @equip_template where entry = @creature;

set @equip_template = 20392; set @weapon_1 = 1415; set @weapon_2 = 0; set @weapon_3 = 0; set @creature = 61497;
replace into creature_equip_template values (@equip_template, @weapon_1, @weapon_2, @weapon_3);
update creature_template set equipment_id = @equip_template where entry = @creature;

set @gossip_menu_id = 41484; set @magic_number = 61531;
replace into gossip_menu (entry, text_id, condition_id) VALUES (@gossip_menu_id, @magic_number, '0'); 
replace into broadcast_text (entry, Male_Text) values (@magic_number, 'The draw of the Emerald Dream is intense. The emanations of the awakening make it even more difficult to keep on task.');
replace into npc_text (ID, BroadcastTextID0) values (@magic_number, @magic_number);
update creature_template set gossip_menu_id = @gossip_menu_id where entry = @magic_number;

set @gossip_menu_id = 41483; set @magic_number = 61530;
replace into gossip_menu (entry, text_id, condition_id) VALUES (@gossip_menu_id, @magic_number, '0'); 
replace into broadcast_text (entry, Male_Text) values (@magic_number, 'Please, make yourself at home.$B$BThere is great harmony found beneath the shade of Nordrassil.');
replace into npc_text (ID, BroadcastTextID0) values (@magic_number, @magic_number);
update creature_template set gossip_menu_id = @gossip_menu_id where entry = @magic_number;

set @gossip_menu_id = 41482; set @magic_number = 61529;
replace into gossip_menu (entry, text_id, condition_id) VALUES (@gossip_menu_id, @magic_number, '0'); 
replace into broadcast_text (entry, Male_Text) values (@magic_number, 'If it is expertise in the ranged mastery of the bow you seek, you have come to the correct place $c.');
replace into npc_text (ID, BroadcastTextID0) values (@magic_number, @magic_number);
update creature_template set gossip_menu_id = @gossip_menu_id where entry = @magic_number;

set @gossip_menu_id = 41481; set @magic_number = 61528;
replace into gossip_menu (entry, text_id, condition_id) VALUES (@gossip_menu_id, @magic_number, '0'); 
replace into broadcast_text (entry, Male_Text) values (@magic_number, 'This glade is hallowed ground. It is my task to watch over it, and protect it until my final moments.');
replace into npc_text (ID, BroadcastTextID0) values (@magic_number, @magic_number);
update creature_template set gossip_menu_id = @gossip_menu_id where entry = @magic_number;

set @gossip_menu_id = 41480; set @magic_number = 61522;
replace into gossip_menu (entry, text_id, condition_id) VALUES (@gossip_menu_id, @magic_number, '0'); 
replace into broadcast_text (entry, Male_Text) values (@magic_number, 'Mount Hyjal is a sacred place. Be sure to respect it.');
replace into npc_text (ID, BroadcastTextID0) values (@magic_number, @magic_number);
update creature_template set gossip_menu_id = @gossip_menu_id where entry = @magic_number;

set @gossip_menu_id = 41479; set @magic_number = 61521;
replace into gossip_menu (entry, text_id, condition_id) VALUES (@gossip_menu_id, @magic_number, '0'); 
replace into broadcast_text (entry, Male_Text) values (@magic_number, 'It was in this very glade that the Alliance and Horde stood together in unison to defeat the Burning Legion.$B$BSuch an action speaks to the sheer power when politics and old feuds are set aside for the betterment of our world.');
replace into npc_text (ID, BroadcastTextID0) values (@magic_number, @magic_number);
update creature_template set gossip_menu_id = @gossip_menu_id where entry = @magic_number;

set @gossip_menu_id = 41478; set @magic_number = 61520;
replace into gossip_menu (entry, text_id, condition_id) VALUES (@gossip_menu_id, @magic_number, '0'); 
replace into broadcast_text (entry, Male_Text) values (@magic_number, 'Do you feel it? Something foul is lingering upon the air here within Hyjal.');
replace into npc_text (ID, BroadcastTextID0) values (@magic_number, @magic_number);
update creature_template set gossip_menu_id = @gossip_menu_id where entry = @magic_number;

set @gossip_menu_id = 41477; set @magic_number = 61519;
replace into gossip_menu (entry, text_id, condition_id) VALUES (@gossip_menu_id, @magic_number, '0'); 
replace into broadcast_text (entry, Male_Text) values (@magic_number, 'The attunement of sigils is a lost art. There are a spare few of us left in the world. It is said this ancient tradition was first started by our Highborne brethren long ago as a means to infuse ley energy into powerful enchantments.');
replace into npc_text (ID, BroadcastTextID0) values (@magic_number, @magic_number);
update creature_template set gossip_menu_id = @gossip_menu_id where entry = @magic_number;
-- Vendor list: Rosarth Valebright.
REPLACE INTO `npc_vendor` (`entry`, `slot`, `item`, `maxcount`, `incrtime`, `itemflags`, `condition_id`) VALUES (61530, 7, 159, 0, 0, 0, 0);
REPLACE INTO `npc_vendor` (`entry`, `slot`, `item`, `maxcount`, `incrtime`, `itemflags`, `condition_id`) VALUES (61530, 8, 1179, 0, 0, 0, 0);
REPLACE INTO `npc_vendor` (`entry`, `slot`, `item`, `maxcount`, `incrtime`, `itemflags`, `condition_id`) VALUES (61530, 9, 1205, 0, 0, 0, 0);
REPLACE INTO `npc_vendor` (`entry`, `slot`, `item`, `maxcount`, `incrtime`, `itemflags`, `condition_id`) VALUES (61530, 11, 1645, 0, 0, 0, 0);
REPLACE INTO `npc_vendor` (`entry`, `slot`, `item`, `maxcount`, `incrtime`, `itemflags`, `condition_id`) VALUES (61530, 10, 1708, 0, 0, 0, 0);
REPLACE INTO `npc_vendor` (`entry`, `slot`, `item`, `maxcount`, `incrtime`, `itemflags`, `condition_id`) VALUES (61530, 1, 4540, 0, 0, 0, 0);
REPLACE INTO `npc_vendor` (`entry`, `slot`, `item`, `maxcount`, `incrtime`, `itemflags`, `condition_id`) VALUES (61530, 2, 4541, 0, 0, 0, 0);
REPLACE INTO `npc_vendor` (`entry`, `slot`, `item`, `maxcount`, `incrtime`, `itemflags`, `condition_id`) VALUES (61530, 3, 4542, 0, 0, 0, 0);
REPLACE INTO `npc_vendor` (`entry`, `slot`, `item`, `maxcount`, `incrtime`, `itemflags`, `condition_id`) VALUES (61530, 4, 4544, 0, 0, 0, 0);
REPLACE INTO `npc_vendor` (`entry`, `slot`, `item`, `maxcount`, `incrtime`, `itemflags`, `condition_id`) VALUES (61530, 5, 4601, 0, 0, 0, 0);
REPLACE INTO `npc_vendor` (`entry`, `slot`, `item`, `maxcount`, `incrtime`, `itemflags`, `condition_id`) VALUES (61530, 12, 8766, 0, 0, 0, 0);
REPLACE INTO `npc_vendor` (`entry`, `slot`, `item`, `maxcount`, `incrtime`, `itemflags`, `condition_id`) VALUES (61530, 6, 8950, 0, 0, 0, 0);
REPLACE INTO `npc_vendor` (`entry`, `slot`, `item`, `maxcount`, `incrtime`, `itemflags`, `condition_id`) VALUES (61530, 0, 21815, 0, 0, 0, 440);
REPLACE INTO `npc_vendor` (`entry`, `slot`, `item`, `maxcount`, `incrtime`, `itemflags`, `condition_id`) VALUES (61530, 0, 21829, 0, 0, 0, 440);
REPLACE INTO `npc_vendor` (`entry`, `slot`, `item`, `maxcount`, `incrtime`, `itemflags`, `condition_id`) VALUES (61530, 0, 21833, 0, 0, 0, 440);
-- Vendor list: Relthan Highmoon.
REPLACE INTO `npc_vendor` (`entry`, `slot`, `item`, `maxcount`, `incrtime`, `itemflags`, `condition_id`) VALUES (61524, 4, 2320, 0, 0, 0, 0);
REPLACE INTO `npc_vendor` (`entry`, `slot`, `item`, `maxcount`, `incrtime`, `itemflags`, `condition_id`) VALUES (61524, 5, 2321, 0, 0, 0, 0);
REPLACE INTO `npc_vendor` (`entry`, `slot`, `item`, `maxcount`, `incrtime`, `itemflags`, `condition_id`) VALUES (61524, 17, 2325, 0, 0, 0, 0);
REPLACE INTO `npc_vendor` (`entry`, `slot`, `item`, `maxcount`, `incrtime`, `itemflags`, `condition_id`) VALUES (61524, 16, 2604, 0, 0, 0, 0);
REPLACE INTO `npc_vendor` (`entry`, `slot`, `item`, `maxcount`, `incrtime`, `itemflags`, `condition_id`) VALUES (61524, 8, 2678, 0, 0, 0, 0);
REPLACE INTO `npc_vendor` (`entry`, `slot`, `item`, `maxcount`, `incrtime`, `itemflags`, `condition_id`) VALUES (61524, 9, 2692, 0, 0, 0, 0);
REPLACE INTO `npc_vendor` (`entry`, `slot`, `item`, `maxcount`, `incrtime`, `itemflags`, `condition_id`) VALUES (61524, 12, 2880, 0, 0, 0, 0);
REPLACE INTO `npc_vendor` (`entry`, `slot`, `item`, `maxcount`, `incrtime`, `itemflags`, `condition_id`) VALUES (61524, 11, 2901, 0, 0, 0, 0);
REPLACE INTO `npc_vendor` (`entry`, `slot`, `item`, `maxcount`, `incrtime`, `itemflags`, `condition_id`) VALUES (61524, 15, 2928, 0, 0, 0, 0);
REPLACE INTO `npc_vendor` (`entry`, `slot`, `item`, `maxcount`, `incrtime`, `itemflags`, `condition_id`) VALUES (61524, 21, 3371, 0, 0, 0, 0);
REPLACE INTO `npc_vendor` (`entry`, `slot`, `item`, `maxcount`, `incrtime`, `itemflags`, `condition_id`) VALUES (61524, 22, 3372, 0, 0, 0, 0);
REPLACE INTO `npc_vendor` (`entry`, `slot`, `item`, `maxcount`, `incrtime`, `itemflags`, `condition_id`) VALUES (61524, 13, 3466, 0, 0, 0, 0);
REPLACE INTO `npc_vendor` (`entry`, `slot`, `item`, `maxcount`, `incrtime`, `itemflags`, `condition_id`) VALUES (61524, 10, 3713, 0, 0, 0, 0);
REPLACE INTO `npc_vendor` (`entry`, `slot`, `item`, `maxcount`, `incrtime`, `itemflags`, `condition_id`) VALUES (61524, 0, 3777, 0, 0, 0, 0);
REPLACE INTO `npc_vendor` (`entry`, `slot`, `item`, `maxcount`, `incrtime`, `itemflags`, `condition_id`) VALUES (61524, 14, 3857, 0, 0, 0, 0);
REPLACE INTO `npc_vendor` (`entry`, `slot`, `item`, `maxcount`, `incrtime`, `itemflags`, `condition_id`) VALUES (61524, 24, 4289, 0, 0, 0, 0);
REPLACE INTO `npc_vendor` (`entry`, `slot`, `item`, `maxcount`, `incrtime`, `itemflags`, `condition_id`) VALUES (61524, 6, 4291, 0, 0, 0, 0);
REPLACE INTO `npc_vendor` (`entry`, `slot`, `item`, `maxcount`, `incrtime`, `itemflags`, `condition_id`) VALUES (61524, 20, 4340, 0, 0, 0, 0);
REPLACE INTO `npc_vendor` (`entry`, `slot`, `item`, `maxcount`, `incrtime`, `itemflags`, `condition_id`) VALUES (61524, 18, 4341, 0, 0, 0, 0);
REPLACE INTO `npc_vendor` (`entry`, `slot`, `item`, `maxcount`, `incrtime`, `itemflags`, `condition_id`) VALUES (61524, 19, 4342, 0, 0, 0, 0);
REPLACE INTO `npc_vendor` (`entry`, `slot`, `item`, `maxcount`, `incrtime`, `itemflags`, `condition_id`) VALUES (61524, 25, 4399, 0, 0, 0, 0);
REPLACE INTO `npc_vendor` (`entry`, `slot`, `item`, `maxcount`, `incrtime`, `itemflags`, `condition_id`) VALUES (61524, 26, 4400, 0, 0, 0, 0);
REPLACE INTO `npc_vendor` (`entry`, `slot`, `item`, `maxcount`, `incrtime`, `itemflags`, `condition_id`) VALUES (61524, 0, 5956, 0, 0, 0, 0);
REPLACE INTO `npc_vendor` (`entry`, `slot`, `item`, `maxcount`, `incrtime`, `itemflags`, `condition_id`) VALUES (61524, 0, 6183, 0, 0, 0, 0);
REPLACE INTO `npc_vendor` (`entry`, `slot`, `item`, `maxcount`, `incrtime`, `itemflags`, `condition_id`) VALUES (61524, 3, 6217, 0, 0, 0, 0);
REPLACE INTO `npc_vendor` (`entry`, `slot`, `item`, `maxcount`, `incrtime`, `itemflags`, `condition_id`) VALUES (61524, 2, 6256, 0, 0, 0, 0);
REPLACE INTO `npc_vendor` (`entry`, `slot`, `item`, `maxcount`, `incrtime`, `itemflags`, `condition_id`) VALUES (61524, 27, 6530, 0, 0, 0, 0);
REPLACE INTO `npc_vendor` (`entry`, `slot`, `item`, `maxcount`, `incrtime`, `itemflags`, `condition_id`) VALUES (61524, 28, 6532, 0, 0, 0, 0);
REPLACE INTO `npc_vendor` (`entry`, `slot`, `item`, `maxcount`, `incrtime`, `itemflags`, `condition_id`) VALUES (61524, 1, 7005, 0, 0, 0, 0);
REPLACE INTO `npc_vendor` (`entry`, `slot`, `item`, `maxcount`, `incrtime`, `itemflags`, `condition_id`) VALUES (61524, 7, 8343, 0, 0, 0, 0);
REPLACE INTO `npc_vendor` (`entry`, `slot`, `item`, `maxcount`, `incrtime`, `itemflags`, `condition_id`) VALUES (61524, 23, 8925, 0, 0, 0, 0);
REPLACE INTO `npc_vendor` (`entry`, `slot`, `item`, `maxcount`, `incrtime`, `itemflags`, `condition_id`) VALUES (61524, 0, 14341, 0, 0, 0, 0);
REPLACE INTO `npc_vendor` (`entry`, `slot`, `item`, `maxcount`, `incrtime`, `itemflags`, `condition_id`) VALUES (61524, 111, 15756, 1, 3600, 3, 0);
REPLACE INTO `npc_vendor` (`entry`, `slot`, `item`, `maxcount`, `incrtime`, `itemflags`, `condition_id`) VALUES (61524, 0, 18256, 0, 0, 0, 0);
REPLACE INTO `npc_vendor` (`entry`, `slot`, `item`, `maxcount`, `incrtime`, `itemflags`, `condition_id`) VALUES (61524, 0, 50231, 0, 0, 0, 0);
-- Vendor list: Naytha Grovelight.
REPLACE INTO `npc_vendor` (`entry`, `slot`, `item`, `maxcount`, `incrtime`, `itemflags`, `condition_id`) VALUES (61523, 0, 2515, 0, 0, 0, 0);
REPLACE INTO `npc_vendor` (`entry`, `slot`, `item`, `maxcount`, `incrtime`, `itemflags`, `condition_id`) VALUES (61523, 0, 2519, 0, 0, 0, 0);
REPLACE INTO `npc_vendor` (`entry`, `slot`, `item`, `maxcount`, `incrtime`, `itemflags`, `condition_id`) VALUES (61523, 0, 2946, 0, 0, 0, 0);
REPLACE INTO `npc_vendor` (`entry`, `slot`, `item`, `maxcount`, `incrtime`, `itemflags`, `condition_id`) VALUES (61523, 0, 3030, 0, 0, 0, 0);
REPLACE INTO `npc_vendor` (`entry`, `slot`, `item`, `maxcount`, `incrtime`, `itemflags`, `condition_id`) VALUES (61523, 0, 3033, 0, 0, 0, 0);
REPLACE INTO `npc_vendor` (`entry`, `slot`, `item`, `maxcount`, `incrtime`, `itemflags`, `condition_id`) VALUES (61523, 0, 3107, 0, 0, 0, 0);
REPLACE INTO `npc_vendor` (`entry`, `slot`, `item`, `maxcount`, `incrtime`, `itemflags`, `condition_id`) VALUES (61523, 0, 3108, 0, 0, 0, 0);
REPLACE INTO `npc_vendor` (`entry`, `slot`, `item`, `maxcount`, `incrtime`, `itemflags`, `condition_id`) VALUES (61523, 0, 3131, 0, 0, 0, 0);
REPLACE INTO `npc_vendor` (`entry`, `slot`, `item`, `maxcount`, `incrtime`, `itemflags`, `condition_id`) VALUES (61523, 0, 3135, 0, 0, 0, 0);
REPLACE INTO `npc_vendor` (`entry`, `slot`, `item`, `maxcount`, `incrtime`, `itemflags`, `condition_id`) VALUES (61523, 0, 3137, 0, 0, 0, 0);
REPLACE INTO `npc_vendor` (`entry`, `slot`, `item`, `maxcount`, `incrtime`, `itemflags`, `condition_id`) VALUES (61523, 0, 4470, 0, 0, 0, 0);
REPLACE INTO `npc_vendor` (`entry`, `slot`, `item`, `maxcount`, `incrtime`, `itemflags`, `condition_id`) VALUES (61523, 0, 4471, 0, 0, 0, 0);
REPLACE INTO `npc_vendor` (`entry`, `slot`, `item`, `maxcount`, `incrtime`, `itemflags`, `condition_id`) VALUES (61523, 0, 4497, 0, 0, 0, 0);
REPLACE INTO `npc_vendor` (`entry`, `slot`, `item`, `maxcount`, `incrtime`, `itemflags`, `condition_id`) VALUES (61523, 0, 4498, 0, 0, 0, 0);
REPLACE INTO `npc_vendor` (`entry`, `slot`, `item`, `maxcount`, `incrtime`, `itemflags`, `condition_id`) VALUES (61523, 0, 6183, 0, 0, 0, 0);
REPLACE INTO `npc_vendor` (`entry`, `slot`, `item`, `maxcount`, `incrtime`, `itemflags`, `condition_id`) VALUES (61523, 0, 11284, 0, 0, 0, 0);
REPLACE INTO `npc_vendor` (`entry`, `slot`, `item`, `maxcount`, `incrtime`, `itemflags`, `condition_id`) VALUES (61523, 0, 11285, 0, 0, 0, 0);
REPLACE INTO `npc_vendor` (`entry`, `slot`, `item`, `maxcount`, `incrtime`, `itemflags`, `condition_id`) VALUES (61523, 0, 15326, 0, 0, 0, 0);
REPLACE INTO `npc_vendor` (`entry`, `slot`, `item`, `maxcount`, `incrtime`, `itemflags`, `condition_id`) VALUES (61523, 0, 15327, 0, 0, 0, 0);

-- Shadeflayer Goliath
set @creature_entry = 61533;
set @description = ': Shadeflayer Goliath';
set @spell_list_id = 180195;

set @spellid_1 = 11130; -- Knock Away
set @probability_1 = 100;
set @casttarget_1 = 1;
set @castflags_1 = 4;
set @delayinitialmin_1 = 0;
set @delayinitialmax_1 = 0;
set @delayrepeatmin_1 = 15;
set @delayrepeatmax_1 = 15;

set @spellid_2 = 18328; -- Incapacitating Shout
set @probability_2 = 100;
set @casttarget_2 = 1;
set @castflags_2 = 4;
set @delayinitialmin_2 = 6;
set @delayinitialmax_2 = 6;
set @delayrepeatmin_2 = 60;
set @delayrepeatmax_2 = 60;

set @spellid_3 = 0;
set @probability_3 = 0;
set @casttarget_3 = 0;
set @castflags_3 = 0;
set @delayinitialmin_3 = 0;
set @delayinitialmax_3 = 0;
set @delayrepeatmin_3 = 0;
set @delayrepeatmax_3 = 0;

set @spellid_4 = 0;
set @probability_4 = 0;
set @casttarget_4 = 0;
set @castflags_4 = 0;
set @delayinitialmin_4 = 0;
set @delayinitialmax_4 = 0;
set @delayrepeatmin_4 = 0;
set @delayrepeatmax_4 = 0;

set @spellid_5 = 0;
set @probability_5 = 0;
set @casttarget_5 = 0;
set @castflags_5 = 0;
set @delayinitialmin_5 = 0;
set @delayinitialmax_5 = 0;
set @delayrepeatmin_5 = 0;
set @delayrepeatmax_5 = 0;

set @spellid_6 = 0;
set @probability_6 = 0;
set @casttarget_6 = 0;
set @castflags_6 = 0;
set @delayinitialmin_6 = 0;
set @delayinitialmax_6 = 0;
set @delayrepeatmin_6 = 0;
set @delayrepeatmax_6 = 0;

set @spellid_7 = 0;
set @probability_7 = 0;
set @casttarget_7 = 0;
set @castflags_7 = 0;
set @delayinitialmin_7 = 0;
set @delayinitialmax_7 = 0;
set @delayrepeatmin_7 = 0;
set @delayrepeatmax_7 = 0;

set @spellid_8 = 0;
set @probability_8 = 0;
set @casttarget_8 = 0;
set @castflags_8 = 0;
set @delayinitialmin_8 = 0;
set @delayinitialmax_8 = 0;
set @delayrepeatmin_8 = 0;
set @delayrepeatmax_8 = 0;

-- Do not touch this part:
update creature_template set spell_list_id = @spell_list_id, ai_name = '', script_name = '', spell_id1 = 0, spell_id2 = 0, spell_id3 = 0 
where entry = @creature_entry;
replace into creature_spells (entry, name, 
spellid_1, probability_1, casttarget_1, castflags_1, delayinitialmin_1, delayinitialmax_1, delayrepeatmin_1, delayrepeatmax_1, 
spellid_2, probability_2, casttarget_2, castflags_2, delayinitialmin_2, delayinitialmax_2, delayrepeatmin_2, delayrepeatmax_2, 
spellid_3, probability_3, casttarget_3, castflags_3, delayinitialmin_3, delayinitialmax_3, delayrepeatmin_3, delayrepeatmax_3, 
spellid_4, probability_4, casttarget_4, castflags_4, delayinitialmin_4, delayinitialmax_4, delayrepeatmin_4, delayrepeatmax_4, 
spellid_5, probability_5, casttarget_5, castflags_5, delayinitialmin_5, delayinitialmax_5, delayrepeatmin_5, delayrepeatmax_5, 
spellid_6, probability_6, casttarget_6, castflags_6, delayinitialmin_6, delayinitialmax_6, delayrepeatmin_6, delayrepeatmax_6, 
spellid_7, probability_7, casttarget_7, castflags_7, delayinitialmin_7, delayinitialmax_7, delayrepeatmin_7, delayrepeatmax_7, 
spellid_8, probability_8, casttarget_8, castflags_8, delayinitialmin_8, delayinitialmax_8, delayrepeatmin_8, delayrepeatmax_8) 
values (@spell_list_id, @description,
@spellid_1, @probability_1, @casttarget_1, @castflags_1, @delayinitialmin_1, @delayinitialmax_1, @delayrepeatmin_1, @delayrepeatmax_1,
@spellid_2, @probability_2, @casttarget_2, @castflags_2, @delayinitialmin_2, @delayinitialmax_2, @delayrepeatmin_2, @delayrepeatmax_2,
@spellid_3, @probability_3, @casttarget_3, @castflags_3, @delayinitialmin_3, @delayinitialmax_3, @delayrepeatmin_3, @delayrepeatmax_3,
@spellid_4, @probability_4, @casttarget_4, @castflags_4, @delayinitialmin_4, @delayinitialmax_4, @delayrepeatmin_4, @delayrepeatmax_4,
@spellid_5, @probability_5, @casttarget_5, @castflags_5, @delayinitialmin_5, @delayinitialmax_5, @delayrepeatmin_5, @delayrepeatmax_5,
@spellid_6, @probability_6, @casttarget_6, @castflags_6, @delayinitialmin_6, @delayinitialmax_6, @delayrepeatmin_6, @delayrepeatmax_6,
@spellid_7, @probability_7, @casttarget_7, @castflags_7, @delayinitialmin_7, @delayinitialmax_7, @delayrepeatmin_7, @delayrepeatmax_7,
@spellid_8, @probability_8, @casttarget_8, @castflags_8, @delayinitialmin_8, @delayinitialmax_8, @delayrepeatmin_8, @delayrepeatmax_8);

-- Hostile Envoys
delete from quest_template where entry = 40909;
replace into quest_template (prevquestid, entry, method, zoneorsort, questlevel, minlevel, questflags, specialflags, title, details, objectives, requestitemstext, offerrewardtext, reqitemid1, reqitemcount1, reqitemid2, reqitemcount2, reqitemid3, reqitemcount3, reqitemid4, reqitemcount4, reqcreatureorgoid1, reqcreatureorgocount1, reqcreatureorgoid2, reqcreatureorgocount2, reqcreatureorgoid3, reqcreatureorgocount3, reqcreatureorgoid4, reqcreatureorgocount4, srcitemid, srcitemcount, reworreqmoney, RewMoneyMaxLevel, rewxp, rewrepfaction1, rewrepvalue1,  rewrepfaction2, rewrepvalue2, rewrepfaction3, rewrepvalue3, rewrepfaction4, rewrepvalue4, rewspell, rewspellcast, completeemote, rewitemid1, rewitemcount1, rewitemid2, rewitemcount2, rewitemid3, rewitemcount3, rewitemid4, rewitemcount4, rewchoiceitemid1, rewchoiceitemcount1, rewchoiceitemid2, rewchoiceitemcount2, rewchoiceitemid3, rewchoiceitemcount3, rewchoiceitemid4, rewchoiceitemcount4,requiredminrepfaction,requiredminrepvalue,objectivetext1) values (0,40909,2,616,60,55,0,0,'Hostile Envoys','The Winterfall, and Deadwood Tribes have already been lost to madness. Their hatred burns deep and already they have sent speakers to discuss with the corrupt Barkskin. I have no doubt in my mind it will only be a matter of time before they conspire together.$B$BWe Timbermaw cannot stand idle whilst corruption ties hostile factions together in unison.$B$BI require you to travel deep into Barkskin Village to the southwest of here, near the bottom of the summit. Find and slay the Wintefall and Deadwood envoys both.','Slay the Winterfall Envoy and the Deadwood Envoy for Speaker Frulgg at Nordrassil Glade in Hyjal.','Have you killed my corrupt brethren?','I am impressed, you have returned from the depths of Barkskin Village and done as I asked.$B$BHere, as thanks, please take this Bright Dream Shard, as well as this armor.',0,0,0,0,0,0,0,0, 61510,1,61511,1,0,0,0,0, 0,0, 0,43200,7200,0,0,0,0,0,0,0,0,0,0,0, 61456,1,61199,1,0,0,0,0, 0,0,0,0,0,0,0,0, 0,0,'');

replace into creature_questrelation		(id, quest) values (61509, 40909);
replace into creature_involvedrelation	(id, quest) values (61509, 40909);

update quest_template set type = 1 where entry = 40909;

replace into item_template values
 ('61456', '4', '2', 'Timbermaw Battle Vest', '', '19040', '2', '0', '1', '102532', '25633', '5', '-1', '-1', '64',
 '0', '0', '0', '0', '0', '0', '0', '0', '0', '1', '0', '7', '8', '0', '0',
 '0', '0', '0', '0', '0', '0', '0', '0', '0', '0', '0', '0', '0', '0', '0', '0', '0', '0',
 '0', '0', '0', '0', '0', '0', '0', '0', '0', '0', '0', '0', '0', '0', '0', '0', '0', '166', '0', '0', '0',
 '0', '0', '0', '14049', '1', '0', '0', '-1', '0', '-1', '0', '0', '0', '0', '-1', '0', '-1', '0', '0',
 '0', '0', '-1', '0', '-1', '0', '0', '0', '0', '-1', '0', '-1', '0', '0', '0', '0', '-1', '0',
 '-1', '1', '0', '0', '0', '0', '0', '8', '0', '0', '0', '85', '0', '0', '0', '0', '30', '0', '0', '0',
 '0', '1', NULL);

-- The Sigil of Quickness
delete from quest_template where entry = 40910;
replace into quest_template (prevquestid, entry, method, zoneorsort, questlevel, minlevel, questflags, specialflags, title, details, objectives, requestitemstext, offerrewardtext, reqitemid1, reqitemcount1, reqitemid2, reqitemcount2, reqitemid3, reqitemcount3, reqitemid4, reqitemcount4, reqcreatureorgoid1, reqcreatureorgocount1, reqcreatureorgoid2, reqcreatureorgocount2, reqcreatureorgoid3, reqcreatureorgocount3, reqcreatureorgoid4, reqcreatureorgocount4, srcitemid, srcitemcount, reworreqmoney, RewMoneyMaxLevel, rewxp, rewrepfaction1, rewrepvalue1,  rewrepfaction2, rewrepvalue2, rewrepfaction3, rewrepvalue3, rewrepfaction4, rewrepvalue4, rewspell, rewspellcast, completeemote, rewitemid1, rewitemcount1, rewitemid2, rewitemcount2, rewitemid3, rewitemcount3, rewitemid4, rewitemcount4, rewchoiceitemid1, rewchoiceitemcount1, rewchoiceitemid2, rewchoiceitemcount2, rewchoiceitemid3, rewchoiceitemcount3, rewchoiceitemid4, rewchoiceitemcount4,requiredminrepfaction,requiredminrepvalue,objectivetext1) values (0,40910,2,616,60,55,0,1,'The Sigil of Quickness','The Sigil of Quickness is infused with the powers of speed. Upon using its energy, you will find yourself able to strike at a quicker pace.$B$BIf you desire this sigil, I will require thirty Bright Dream Shards. I cannot just give it away without proof of your deeds here in Hyjal.','Gather 30 Bright Dream Shards for Vaenar Hollowstar at Nordanaar in Hyjal.','Have you brought the Dream Shards adventurer?','<Vaenar looks upon the Dream Shards, lost for a moment.>$B$BYou\'ve done well, I am true to my word. Take this Sigil, and may its power prove useful to you.',61199,30,0,0,0,0,0,0, 0,0,0,0,0,0,0,0, 0,0, 0,0,250,0,0,0,0,0,0,0,0,0,0,0, 61437,1,0,0,0,0,0,0, 0,0,0,0,0,0,0,0, 0,0,'');

replace into creature_questrelation		(id, quest) values (61519, 40910);
replace into creature_involvedrelation	(id, quest) values (61519, 40910);

-- The Sigil of Leeching
delete from quest_template where entry = 40911;
replace into quest_template (prevquestid, entry, method, zoneorsort, questlevel, minlevel, questflags, specialflags, title, details, objectives, requestitemstext, offerrewardtext, reqitemid1, reqitemcount1, reqitemid2, reqitemcount2, reqitemid3, reqitemcount3, reqitemid4, reqitemcount4, reqcreatureorgoid1, reqcreatureorgocount1, reqcreatureorgoid2, reqcreatureorgocount2, reqcreatureorgoid3, reqcreatureorgocount3, reqcreatureorgoid4, reqcreatureorgocount4, srcitemid, srcitemcount, reworreqmoney, RewMoneyMaxLevel, rewxp, rewrepfaction1, rewrepvalue1,  rewrepfaction2, rewrepvalue2, rewrepfaction3, rewrepvalue3, rewrepfaction4, rewrepvalue4, rewspell, rewspellcast, completeemote, rewitemid1, rewitemcount1, rewitemid2, rewitemcount2, rewitemid3, rewitemcount3, rewitemid4, rewitemcount4, rewchoiceitemid1, rewchoiceitemcount1, rewchoiceitemid2, rewchoiceitemcount2, rewchoiceitemid3, rewchoiceitemcount3, rewchoiceitemid4, rewchoiceitemcount4,requiredminrepfaction,requiredminrepvalue,objectivetext1) values (0,40911,2,616,60,55,0,1,'The Sigil of Leeching','The Sigil of Leeching is infused with darker powers. Upon using its energy, you will find yourself able to siphon the essence of your opponent.$B$BIf you desire this sigil, I will require thirty Bright Dream Shards. I cannot just give it away without proof of your deeds here in Hyjal.','Gather 30 Bright Dream Shards for Vaenar Hollowstar at Nordanaar in Hyjal.','Have you brought the Dream Shards adventurer?','<Vaenar looks upon the Dream Shards, lost for a moment.>$B$BYou\'ve done well, I am true to my word. Take this Sigil, and may its power prove useful to you.',61199,30,0,0,0,0,0,0, 0,0,0,0,0,0,0,0, 0,0, 0,0,250,0,0,0,0,0,0,0,0,0,0,0, 61436,1,0,0,0,0,0,0, 0,0,0,0,0,0,0,0, 0,0,'');

replace into creature_questrelation		(id, quest) values (61519, 40911);
replace into creature_involvedrelation	(id, quest) values (61519, 40911);

-- The Sigil of Penetration
delete from quest_template where entry = 40912;
replace into quest_template (prevquestid, entry, method, zoneorsort, questlevel, minlevel, questflags, specialflags, title, details, objectives, requestitemstext, offerrewardtext, reqitemid1, reqitemcount1, reqitemid2, reqitemcount2, reqitemid3, reqitemcount3, reqitemid4, reqitemcount4, reqcreatureorgoid1, reqcreatureorgocount1, reqcreatureorgoid2, reqcreatureorgocount2, reqcreatureorgoid3, reqcreatureorgocount3, reqcreatureorgoid4, reqcreatureorgocount4, srcitemid, srcitemcount, reworreqmoney, RewMoneyMaxLevel, rewxp, rewrepfaction1, rewrepvalue1,  rewrepfaction2, rewrepvalue2, rewrepfaction3, rewrepvalue3, rewrepfaction4, rewrepvalue4, rewspell, rewspellcast, completeemote, rewitemid1, rewitemcount1, rewitemid2, rewitemcount2, rewitemid3, rewitemcount3, rewitemid4, rewitemcount4, rewchoiceitemid1, rewchoiceitemcount1, rewchoiceitemid2, rewchoiceitemcount2, rewchoiceitemid3, rewchoiceitemcount3, rewchoiceitemid4, rewchoiceitemcount4,requiredminrepfaction,requiredminrepvalue,objectivetext1) values (0,40912,2,616,60,55,0,1,'The Sigil of Penetration','The Sigil of Penetration is infused with powerful magics. Upon using its energy, you will find yourself able to pierce deeper into tough armor.$B$BIf you desire this sigil, I will require thirty Bright Dream Shards. I cannot just give it away without proof of your deeds here in Hyjal.','Gather 30 Bright Dream Shards for Vaenar Hollowstar at Nordanaar in Hyjal.','Have you brought the Dream Shards adventurer?','<Vaenar looks upon the Dream Shards, lost for a moment.>$B$BYou\'ve done well, I am true to my word. Take this Sigil, and may its power prove useful to you.',61199,30,0,0,0,0,0,0, 0,0,0,0,0,0,0,0, 0,0, 0,0,250,0,0,0,0,0,0,0,0,0,0,0, 61438,1,0,0,0,0,0,0, 0,0,0,0,0,0,0,0, 0,0,'');

replace into creature_questrelation		(id, quest) values (61519, 40912);
replace into creature_involvedrelation	(id, quest) values (61519, 40912);

-- Mastery of the Bow
delete from quest_template where entry = 40913;
replace into quest_template (prevquestid, entry, method, zoneorsort, questlevel, minlevel, questflags, specialflags, title, details, objectives, requestitemstext, offerrewardtext, reqitemid1, reqitemcount1, reqitemid2, reqitemcount2, reqitemid3, reqitemcount3, reqitemid4, reqitemcount4, reqcreatureorgoid1, reqcreatureorgocount1, reqcreatureorgoid2, reqcreatureorgocount2, reqcreatureorgoid3, reqcreatureorgocount3, reqcreatureorgoid4, reqcreatureorgocount4, srcitemid, srcitemcount, reworreqmoney, RewMoneyMaxLevel, rewxp, rewrepfaction1, rewrepvalue1,  rewrepfaction2, rewrepvalue2, rewrepfaction3, rewrepvalue3, rewrepfaction4, rewrepvalue4, rewspell, rewspellcast, completeemote, rewitemid1, rewitemcount1, rewitemid2, rewitemcount2, rewitemid3, rewitemcount3, rewitemid4, rewitemcount4, rewchoiceitemid1, rewchoiceitemcount1, rewchoiceitemid2, rewchoiceitemcount2, rewchoiceitemid3, rewchoiceitemcount3, rewchoiceitemid4, rewchoiceitemcount4,requiredminrepfaction,requiredminrepvalue,objectivetext1) values (0,40913,2,616,60,55,0,0,'Mastery of the Bow','My aim is guided by Elune, for every shot I make is true. Do not believe any naysayers, dedication is truly the greatest teacher.$B$BWhilst I cannot teach you everything, I don\'t mind sharing techniques that will aid you in the long run. Bring me fifty Bright Dream Shards, and in exchange, you can have my knowledge.','Gather 50 Bright Dream Shards for Huntress Eldasana at Nordanaar in Hyjal.','Have you brought the Dream Shards adventurer?','As I have promised, here is the expertise I have learned over the years.$B$BTake time to study and practice. Dedication requires patience after all.',61199,50,0,0,0,0,0,0, 0,0,0,0,0,0,0,0, 0,0, 0,0,250,0,0,0,0,0,0,0,0,0,0,0, 81160,1,0,0,0,0,0,0, 0,0,0,0,0,0,0,0, 0,0,'');

replace into creature_questrelation		(id, quest) values (61529, 40913);
replace into creature_involvedrelation	(id, quest) values (61529, 40913);

-- The loot table for Solnius that contains item 61214 (Mantle of the Wakener) should drop 2 items always on death instead of the 1 it currently drops.
update creature_loot_template set mincountOrRef = 2, maxcount = 2 where entry = 60748 and item = 61214;
-- Solnius, replace item 61445 (Purified Emerald Essence) drop with 61444 (Smoldering Dream Essence) 
update creature_loot_template set item = 61444 where entry = 60748 and item = 61445;

-- Add tailoring recipes.
UPDATE `item_template` SET `spellid_1`=45456, `spellcharges_1`=-1 WHERE `entry`=61432;
UPDATE `item_template` SET `spellid_1`=45458, `spellcharges_1`=-1 WHERE `entry`=61433;
UPDATE `item_template` SET `spellid_1`=45460, `spellcharges_1`=-1 WHERE `entry`=61434;
UPDATE `item_template` SET `spellid_1`=45462, `spellcharges_1`=-1 WHERE `entry`=61435;

-- Add blacksmithing recipes.
UPDATE `item_template` SET `spellid_1`=45464, `spellcharges_1`=-1 WHERE `entry`=61424;
UPDATE `item_template` SET `spellid_1`=45466, `spellcharges_1`=-1 WHERE `entry`=61425;
UPDATE `item_template` SET `spellid_1`=45468, `spellcharges_1`=-1 WHERE `entry`=61426;
UPDATE `item_template` SET `spellid_1`=45470, `spellcharges_1`=-1 WHERE `entry`=61427;

-- Add leatherworking recipes.
UPDATE `item_template` SET `spellid_1`=45472, `spellcharges_1`=-1 WHERE `entry`=61428;
UPDATE `item_template` SET `spellid_1`=45474, `spellcharges_1`=-1 WHERE `entry`=61429;
UPDATE `item_template` SET `spellid_1`=45476, `spellcharges_1`=-1 WHERE `entry`=61430;
UPDATE `item_template` SET `spellid_1`=45478, `spellcharges_1`=-1 WHERE `entry`=61431;

-- Intricate Gyroscope Goggles
UPDATE `item_template` SET `spellid_1`=45480, `spellcharges_1`=-1 WHERE `entry`=61191;

-- Inscribed Runic Bracers
UPDATE `item_template` SET `spellid_1`=45482, `spellcharges_1`=-1 WHERE `entry`=61192;

-- Gloves of Unwinding Mystery
UPDATE `item_template` SET `spellid_1`=45484, `spellcharges_1`=-1 WHERE `entry`=61190;

-- Dawnstone Hammer
UPDATE `item_template` SET `spellid_1`=45486, `spellcharges_1`=-1, `name`='Plans: Dawnstone Hammer' WHERE `entry`=61189;

-- NPC 61526 and 61527, need to have gossip flags removed.
update creature_template set npc_flags = 2 where entry in (61526,61527);
-- Matthias Holtz (entry 61419) add the following loot to his loot table, this should all be under group 1 and have the following % chance to drop, this boss should always drop at least one of the items on this table:
-- Gilneas Shackles(entry 61304) - 20%
-- Darkwatch Pants (entry 61305) - 20%
-- Worgen Hunter Grips (Entry 61306) - 20%
-- Worgen Hunter Musket (Entry 61307) - 2%
REPLACE INTO creature_loot_template (`entry`, `item`, `ChanceOrQuestChance`, `groupid`, `mincountOrRef`, `maxcount`, `condition_id`) VALUES
(61419, 61304, 20, 1, 1, 1, 0),
(61419, 61305, 20, 1, 1, 1, 0),
(61419, 61306, 20, 1, 1, 1, 0),
(61419, 61307, 2 , 1, 1, 1, 0),
-- Packmaster Ragetooth (Entry 61420) add the following loot to his loot table, this should all be under group 1 and have the following % chance to drop, this boss should always drop at least one of the items on this table.
-- Packmaster Gloves(entry 61300) - 20%
-- Shaderun Boots (entry 61301) - 20%
-- Wolfheart Necklace (Entry 61302) - 20%
-- Orb of Aka'thar (Entry 61303) - 2%
(61420, 61300, 20, 1, 1, 1, 0),
(61420, 61301, 20, 1, 1, 1, 0),
(61420, 61302, 20, 1, 1, 1, 0),
(61420, 61303, 2 , 1, 1, 1, 0),
-- Judge Sutherland (Entry 61421) add the following loot to his loot table, this should all be under group 1 and have the following % chance to drop, this boss should always drop at least one of the items on this table.
-- Gavel of Gilnean Justice(entry 61308) - 20%
-- Mantle of Law (entry 61309) - 20%
-- Sash of Conviction (Entry 61310) - 20%
-- Sutherland's Cuffs (Entry 61311) - 20%
-- The Black Pendant (Entry 61312) - 2%
(61421, 61308, 20, 1, 1, 1, 0),
(61421, 61309, 20, 1, 1, 1, 0),
(61421, 61310, 20, 1, 1, 1, 0),
(61421, 61311, 20, 1, 1, 1, 0),
(61421, 61312, 2 , 1, 1, 1, 0),
-- Dustivan Blackcowl (Entry 61422) add the following loot to his loot table, this should all be under group 1 and have the following % chance to drop, this boss should always drop at least one of the items on this table.
-- Dagger of Sinister Secrets (Entry 61330) - 24%
-- Blackcowl Sash (Entry 61331) - 24%
-- Ring of Electrical Binding (Entry 61332) - 24%
-- Hookblade Cleaver (Entry 61333) - 24%
-- Cloak of the Dark Veil (Entry 61334) - 4%
(61422, 61330, 24, 1, 1, 1, 0),
(61422, 61331, 24, 1, 1, 1, 0),
(61422, 61332, 24, 1, 1, 1, 0),
(61422, 61333, 24, 1, 1, 1, 0),
(61422, 61334, 4 , 1, 1, 1, 0),
-- Marshal Magnus Greystone (Entry 61423) add the following loot to his loot table, this should all be under group 1 and have the following % chance to drop, this boss should always drop at least one of the items on this table.
-- Greymane Helmet (Entry 61313) - 24%
-- Marshal's Blocker (Entry 61314) - 24%
-- Band of Piercing Shadows (Entry 61315) - 24%
-- Chainlinked Cloak (Entry 61316) - 24%
-- Scriptures of Blood (Entry 61317) - 4%
(61423, 61313, 24, 1, 1, 1, 0),
(61423, 61314, 24, 1, 1, 1, 0),
(61423, 61315, 24, 1, 1, 1, 0),
(61423, 61316, 24, 1, 1, 1, 0),
(61423, 61317, 4 , 1, 1, 1, 0),
-- Genn Greymane (Entry 61418) add the following loot to his loot table, this should all be under group 1 and have the following % chance to drop, this boss should always drop at least one of the items on this table.
-- Swiftcaster's Chapeau (Entry 61323) - 14%
-- Greymane Shoulders (Entry 61324) - 14%
-- Regal Goldforged Breastplate (Entry 61325) - 14%
-- Robe of Light's Ambassador (Entry 61326) - 14%
-- Boots of Espionage (Entry 61327) - 14%
-- Wolfblood (Entry 61328) - 14%
-- Sack of Gruesome Eminence (Entry 61329) - 14%
(61418, 61323, 14, 1, 1, 1, 0),
(61418, 61324, 14, 1, 1, 1, 0),
(61418, 61325, 14, 1, 1, 1, 0),
(61418, 61326, 14, 1, 1, 1, 0),
(61418, 61327, 14, 1, 1, 1, 0),
(61418, 61328, 14, 1, 1, 1, 0),
(61418, 61329, 14, 1, 1, 1, 0),
-- Genn Greymane should also have a low chance to drop the following item
-- Mark of the Worgen (Entry 61406) 1%
(61418, 61406, 1 , 1, 1, 1, 0);
-- OBJECT Harlow Family Chest (Entry 2020027) add the ofllowing loot to this drop table, all this loot should be under 1 group and have the following %chance to drop, this chest should always drop at least one item on this table.
-- Fleshslasher (Entry 61318) - 24%
-- Regal Robes of the Regent (Entry 61319) - 24%
-- Ashen Leggings (Entry 61320) - 24%
-- Wildfeather Bracers (Entry 61321) - 24%
-- Resurging Necklace (Entry 61322) - 4%
REPLACE INTO gameobject_loot_template (`entry`, `item`, `ChanceOrQuestChance`, `groupid`, `mincountOrRef`, `maxcount`, `condition_id`) VALUES
(2020027, 61318, 24, 0, 1, 1, 0),
(2020027, 61319, 24, 0, 1, 1, 0),
(2020027, 61320, 24, 0, 1, 1, 0),
(2020027, 61321, 24, 0, 1, 1, 0),
(2020027, 61322, 4 , 0, 1, 1, 0);

-- NPC GUID 2577209, 2577210, 2577208, 2577211 should have 4 hour respawn timer. 
update creature set spawntimesecsmin = 14400, spawntimesecsmax = 14400 where guid in (2577208,2577209,2577210,2577211);
-- All NPCs with ID 61317, 61318 and 50106 should have a 4 hour respawn timer.
update creature set spawntimesecsmin = 14400, spawntimesecsmax = 14400 where ID in (61317,61318,50106);
-- NPC GUID 2574788 should have a 3 day respawn timer.
update creature set spawntimesecsmin = 10800, spawntimesecsmax = 10800 where guid = 2574788;
-- NPC ID 61318: Should cast 25055 every 10-12 seconds, casts 15253 every 16 seconds.
-- Echo of Time
set @creature_entry = 61318;
set @description = ': Echo of Time';
set @spell_list_id = 180197;

set @spellid_1 = 25055; -- Arcane Bolt
set @probability_1 = 100;
set @casttarget_1 = 1;
set @castflags_1 = 4;
set @delayinitialmin_1 = 0;
set @delayinitialmax_1 = 0;
set @delayrepeatmin_1 = 10;
set @delayrepeatmax_1 = 12;

set @spellid_2 = 15253; -- Arcane Explosion
set @probability_2 = 100;
set @casttarget_2 = 1;
set @castflags_2 = 4;
set @delayinitialmin_2 = 3;
set @delayinitialmax_2 = 3;
set @delayrepeatmin_2 = 16;
set @delayrepeatmax_2 = 16;

set @spellid_3 = 0;
set @probability_3 = 0;
set @casttarget_3 = 0;
set @castflags_3 = 0;
set @delayinitialmin_3 = 0;
set @delayinitialmax_3 = 0;
set @delayrepeatmin_3 = 0;
set @delayrepeatmax_3 = 0;

set @spellid_4 = 0;
set @probability_4 = 0;
set @casttarget_4 = 0;
set @castflags_4 = 0;
set @delayinitialmin_4 = 0;
set @delayinitialmax_4 = 0;
set @delayrepeatmin_4 = 0;
set @delayrepeatmax_4 = 0;

set @spellid_5 = 0;
set @probability_5 = 0;
set @casttarget_5 = 0;
set @castflags_5 = 0;
set @delayinitialmin_5 = 0;
set @delayinitialmax_5 = 0;
set @delayrepeatmin_5 = 0;
set @delayrepeatmax_5 = 0;

set @spellid_6 = 0;
set @probability_6 = 0;
set @casttarget_6 = 0;
set @castflags_6 = 0;
set @delayinitialmin_6 = 0;
set @delayinitialmax_6 = 0;
set @delayrepeatmin_6 = 0;
set @delayrepeatmax_6 = 0;

set @spellid_7 = 0;
set @probability_7 = 0;
set @casttarget_7 = 0;
set @castflags_7 = 0;
set @delayinitialmin_7 = 0;
set @delayinitialmax_7 = 0;
set @delayrepeatmin_7 = 0;
set @delayrepeatmax_7 = 0;

set @spellid_8 = 0;
set @probability_8 = 0;
set @casttarget_8 = 0;
set @castflags_8 = 0;
set @delayinitialmin_8 = 0;
set @delayinitialmax_8 = 0;
set @delayrepeatmin_8 = 0;
set @delayrepeatmax_8 = 0;

-- Do not touch this part:
update creature_template set spell_list_id = @spell_list_id, ai_name = '', script_name = '', spell_id1 = 0, spell_id2 = 0, spell_id3 = 0 
where entry = @creature_entry;
replace into creature_spells (entry, name, 
spellid_1, probability_1, casttarget_1, castflags_1, delayinitialmin_1, delayinitialmax_1, delayrepeatmin_1, delayrepeatmax_1, 
spellid_2, probability_2, casttarget_2, castflags_2, delayinitialmin_2, delayinitialmax_2, delayrepeatmin_2, delayrepeatmax_2, 
spellid_3, probability_3, casttarget_3, castflags_3, delayinitialmin_3, delayinitialmax_3, delayrepeatmin_3, delayrepeatmax_3, 
spellid_4, probability_4, casttarget_4, castflags_4, delayinitialmin_4, delayinitialmax_4, delayrepeatmin_4, delayrepeatmax_4, 
spellid_5, probability_5, casttarget_5, castflags_5, delayinitialmin_5, delayinitialmax_5, delayrepeatmin_5, delayrepeatmax_5, 
spellid_6, probability_6, casttarget_6, castflags_6, delayinitialmin_6, delayinitialmax_6, delayrepeatmin_6, delayrepeatmax_6, 
spellid_7, probability_7, casttarget_7, castflags_7, delayinitialmin_7, delayinitialmax_7, delayrepeatmin_7, delayrepeatmax_7, 
spellid_8, probability_8, casttarget_8, castflags_8, delayinitialmin_8, delayinitialmax_8, delayrepeatmin_8, delayrepeatmax_8) 
values (@spell_list_id, @description,
@spellid_1, @probability_1, @casttarget_1, @castflags_1, @delayinitialmin_1, @delayinitialmax_1, @delayrepeatmin_1, @delayrepeatmax_1,
@spellid_2, @probability_2, @casttarget_2, @castflags_2, @delayinitialmin_2, @delayinitialmax_2, @delayrepeatmin_2, @delayrepeatmax_2,
@spellid_3, @probability_3, @casttarget_3, @castflags_3, @delayinitialmin_3, @delayinitialmax_3, @delayrepeatmin_3, @delayrepeatmax_3,
@spellid_4, @probability_4, @casttarget_4, @castflags_4, @delayinitialmin_4, @delayinitialmax_4, @delayrepeatmin_4, @delayrepeatmax_4,
@spellid_5, @probability_5, @casttarget_5, @castflags_5, @delayinitialmin_5, @delayinitialmax_5, @delayrepeatmin_5, @delayrepeatmax_5,
@spellid_6, @probability_6, @casttarget_6, @castflags_6, @delayinitialmin_6, @delayinitialmax_6, @delayrepeatmin_6, @delayrepeatmax_6,
@spellid_7, @probability_7, @casttarget_7, @castflags_7, @delayinitialmin_7, @delayinitialmax_7, @delayrepeatmin_7, @delayrepeatmax_7,
@spellid_8, @probability_8, @casttarget_8, @castflags_8, @delayinitialmin_8, @delayinitialmax_8, @delayrepeatmin_8, @delayrepeatmax_8);
-- NPC ID 61317: Should cast 13281 every 8-10 seconds, casts 17207 every 16-18 seconds.
-- Temporal Dust
set @creature_entry = 61317;
set @description = ': Temporal Dust';
set @spell_list_id = 180196;

set @spellid_1 = 13281; -- Earth Shock
set @probability_1 = 100;
set @casttarget_1 = 1;
set @castflags_1 = 4;
set @delayinitialmin_1 = 0;
set @delayinitialmax_1 = 0;
set @delayrepeatmin_1 = 8;
set @delayrepeatmax_1 = 10;

set @spellid_2 = 17207; -- Whirlwind
set @probability_2 = 100;
set @casttarget_2 = 1;
set @castflags_2 = 4;
set @delayinitialmin_2 = 3;
set @delayinitialmax_2 = 3;
set @delayrepeatmin_2 = 16;
set @delayrepeatmax_2 = 18;

set @spellid_3 = 0;
set @probability_3 = 0;
set @casttarget_3 = 0;
set @castflags_3 = 0;
set @delayinitialmin_3 = 0;
set @delayinitialmax_3 = 0;
set @delayrepeatmin_3 = 0;
set @delayrepeatmax_3 = 0;

set @spellid_4 = 0;
set @probability_4 = 0;
set @casttarget_4 = 0;
set @castflags_4 = 0;
set @delayinitialmin_4 = 0;
set @delayinitialmax_4 = 0;
set @delayrepeatmin_4 = 0;
set @delayrepeatmax_4 = 0;

set @spellid_5 = 0;
set @probability_5 = 0;
set @casttarget_5 = 0;
set @castflags_5 = 0;
set @delayinitialmin_5 = 0;
set @delayinitialmax_5 = 0;
set @delayrepeatmin_5 = 0;
set @delayrepeatmax_5 = 0;

set @spellid_6 = 0;
set @probability_6 = 0;
set @casttarget_6 = 0;
set @castflags_6 = 0;
set @delayinitialmin_6 = 0;
set @delayinitialmax_6 = 0;
set @delayrepeatmin_6 = 0;
set @delayrepeatmax_6 = 0;

set @spellid_7 = 0;
set @probability_7 = 0;
set @casttarget_7 = 0;
set @castflags_7 = 0;
set @delayinitialmin_7 = 0;
set @delayinitialmax_7 = 0;
set @delayrepeatmin_7 = 0;
set @delayrepeatmax_7 = 0;

set @spellid_8 = 0;
set @probability_8 = 0;
set @casttarget_8 = 0;
set @castflags_8 = 0;
set @delayinitialmin_8 = 0;
set @delayinitialmax_8 = 0;
set @delayrepeatmin_8 = 0;
set @delayrepeatmax_8 = 0;

-- Do not touch this part:
update creature_template set spell_list_id = @spell_list_id, ai_name = '', script_name = '', spell_id1 = 0, spell_id2 = 0, spell_id3 = 0 
where entry = @creature_entry;
replace into creature_spells (entry, name, 
spellid_1, probability_1, casttarget_1, castflags_1, delayinitialmin_1, delayinitialmax_1, delayrepeatmin_1, delayrepeatmax_1, 
spellid_2, probability_2, casttarget_2, castflags_2, delayinitialmin_2, delayinitialmax_2, delayrepeatmin_2, delayrepeatmax_2, 
spellid_3, probability_3, casttarget_3, castflags_3, delayinitialmin_3, delayinitialmax_3, delayrepeatmin_3, delayrepeatmax_3, 
spellid_4, probability_4, casttarget_4, castflags_4, delayinitialmin_4, delayinitialmax_4, delayrepeatmin_4, delayrepeatmax_4, 
spellid_5, probability_5, casttarget_5, castflags_5, delayinitialmin_5, delayinitialmax_5, delayrepeatmin_5, delayrepeatmax_5, 
spellid_6, probability_6, casttarget_6, castflags_6, delayinitialmin_6, delayinitialmax_6, delayrepeatmin_6, delayrepeatmax_6, 
spellid_7, probability_7, casttarget_7, castflags_7, delayinitialmin_7, delayinitialmax_7, delayrepeatmin_7, delayrepeatmax_7, 
spellid_8, probability_8, casttarget_8, castflags_8, delayinitialmin_8, delayinitialmax_8, delayrepeatmin_8, delayrepeatmax_8) 
values (@spell_list_id, @description,
@spellid_1, @probability_1, @casttarget_1, @castflags_1, @delayinitialmin_1, @delayinitialmax_1, @delayrepeatmin_1, @delayrepeatmax_1,
@spellid_2, @probability_2, @casttarget_2, @castflags_2, @delayinitialmin_2, @delayinitialmax_2, @delayrepeatmin_2, @delayrepeatmax_2,
@spellid_3, @probability_3, @casttarget_3, @castflags_3, @delayinitialmin_3, @delayinitialmax_3, @delayrepeatmin_3, @delayrepeatmax_3,
@spellid_4, @probability_4, @casttarget_4, @castflags_4, @delayinitialmin_4, @delayinitialmax_4, @delayrepeatmin_4, @delayrepeatmax_4,
@spellid_5, @probability_5, @casttarget_5, @castflags_5, @delayinitialmin_5, @delayinitialmax_5, @delayrepeatmin_5, @delayrepeatmax_5,
@spellid_6, @probability_6, @casttarget_6, @castflags_6, @delayinitialmin_6, @delayinitialmax_6, @delayrepeatmin_6, @delayrepeatmax_6,
@spellid_7, @probability_7, @casttarget_7, @castflags_7, @delayinitialmin_7, @delayinitialmax_7, @delayrepeatmin_7, @delayrepeatmax_7,
@spellid_8, @probability_8, @casttarget_8, @castflags_8, @delayinitialmin_8, @delayinitialmax_8, @delayrepeatmin_8, @delayrepeatmax_8);

-- Copy loottables from NPC ID 65114 to 61316.
REPLACE INTO `creature_loot_template` (`entry`, `item`, `ChanceOrQuestChance`, `groupid`, `mincountOrRef`, `maxcount`, `condition_id`) VALUES (61316, 50203, 100, 9, 15, 20, 0);
REPLACE INTO `creature_loot_template` (`entry`, `item`, `ChanceOrQuestChance`, `groupid`, `mincountOrRef`, `maxcount`, `condition_id`) VALUES (61316, 61015, 14, 1, 1, 1, 0);
REPLACE INTO `creature_loot_template` (`entry`, `item`, `ChanceOrQuestChance`, `groupid`, `mincountOrRef`, `maxcount`, `condition_id`) VALUES (61316, 61020, 2, 1, 1, 1, 0);
REPLACE INTO `creature_loot_template` (`entry`, `item`, `ChanceOrQuestChance`, `groupid`, `mincountOrRef`, `maxcount`, `condition_id`) VALUES (61316, 61024, 14, 1, 1, 1, 0);
REPLACE INTO `creature_loot_template` (`entry`, `item`, `ChanceOrQuestChance`, `groupid`, `mincountOrRef`, `maxcount`, `condition_id`) VALUES (61316, 61033, 14, 1, 1, 1, 0);
REPLACE INTO `creature_loot_template` (`entry`, `item`, `ChanceOrQuestChance`, `groupid`, `mincountOrRef`, `maxcount`, `condition_id`) VALUES (61316, 61038, 14, 1, 1, 1, 0);
REPLACE INTO `creature_loot_template` (`entry`, `item`, `ChanceOrQuestChance`, `groupid`, `mincountOrRef`, `maxcount`, `condition_id`) VALUES (61316, 61042, 14, 1, 1, 1, 0);
REPLACE INTO `creature_loot_template` (`entry`, `item`, `ChanceOrQuestChance`, `groupid`, `mincountOrRef`, `maxcount`, `condition_id`) VALUES (61316, 61044, 14, 1, 1, 1, 0);
REPLACE INTO `creature_loot_template` (`entry`, `item`, `ChanceOrQuestChance`, `groupid`, `mincountOrRef`, `maxcount`, `condition_id`) VALUES (61316, 61057, 14, 1, 1, 1, 0);
-- Copy loottables from NPC ID 11744 to 61317.
REPLACE INTO `creature_loot_template` (`entry`, `item`, `ChanceOrQuestChance`, `groupid`, `mincountOrRef`, `maxcount`, `condition_id`) VALUES (61317, 2449, 0.02, 0, 1, 1, 0);
REPLACE INTO `creature_loot_template` (`entry`, `item`, `ChanceOrQuestChance`, `groupid`, `mincountOrRef`, `maxcount`, `condition_id`) VALUES (61317, 2450, 0.02, 0, 1, 1, 0);
REPLACE INTO `creature_loot_template` (`entry`, `item`, `ChanceOrQuestChance`, `groupid`, `mincountOrRef`, `maxcount`, `condition_id`) VALUES (61317, 3357, 0.02, 0, 1, 1, 0);
REPLACE INTO `creature_loot_template` (`entry`, `item`, `ChanceOrQuestChance`, `groupid`, `mincountOrRef`, `maxcount`, `condition_id`) VALUES (61317, 3395, 0.02, 0, 1, 1, 0);
REPLACE INTO `creature_loot_template` (`entry`, `item`, `ChanceOrQuestChance`, `groupid`, `mincountOrRef`, `maxcount`, `condition_id`) VALUES (61317, 3858, 0.02, 0, 1, 1, 0);
REPLACE INTO `creature_loot_template` (`entry`, `item`, `ChanceOrQuestChance`, `groupid`, `mincountOrRef`, `maxcount`, `condition_id`) VALUES (61317, 3864, 0.02, 0, 1, 1, 0);
REPLACE INTO `creature_loot_template` (`entry`, `item`, `ChanceOrQuestChance`, `groupid`, `mincountOrRef`, `maxcount`, `condition_id`) VALUES (61317, 4500, 0.14, 0, 1, 1, 109);
REPLACE INTO `creature_loot_template` (`entry`, `item`, `ChanceOrQuestChance`, `groupid`, `mincountOrRef`, `maxcount`, `condition_id`) VALUES (61317, 5758, 0.0875, 0, 1, 1, 0);
REPLACE INTO `creature_loot_template` (`entry`, `item`, `ChanceOrQuestChance`, `groupid`, `mincountOrRef`, `maxcount`, `condition_id`) VALUES (61317, 5759, 0.136, 0, 1, 1, 0);
REPLACE INTO `creature_loot_template` (`entry`, `item`, `ChanceOrQuestChance`, `groupid`, `mincountOrRef`, `maxcount`, `condition_id`) VALUES (61317, 7069, 11.4326, 0, 1, 1, 0);
REPLACE INTO `creature_loot_template` (`entry`, `item`, `ChanceOrQuestChance`, `groupid`, `mincountOrRef`, `maxcount`, `condition_id`) VALUES (61317, 7081, 10.7815, 0, 1, 1, 0);
REPLACE INTO `creature_loot_template` (`entry`, `item`, `ChanceOrQuestChance`, `groupid`, `mincountOrRef`, `maxcount`, `condition_id`) VALUES (61317, 7082, 7.2322, 5, 1, 1, 0);
REPLACE INTO `creature_loot_template` (`entry`, `item`, `ChanceOrQuestChance`, `groupid`, `mincountOrRef`, `maxcount`, `condition_id`) VALUES (61317, 7909, 0.0996, 0, 1, 1, 0);
REPLACE INTO `creature_loot_template` (`entry`, `item`, `ChanceOrQuestChance`, `groupid`, `mincountOrRef`, `maxcount`, `condition_id`) VALUES (61317, 7910, 0.0923, 0, 1, 1, 0);
REPLACE INTO `creature_loot_template` (`entry`, `item`, `ChanceOrQuestChance`, `groupid`, `mincountOrRef`, `maxcount`, `condition_id`) VALUES (61317, 7911, 0.02, 0, 1, 1, 0);
REPLACE INTO `creature_loot_template` (`entry`, `item`, `ChanceOrQuestChance`, `groupid`, `mincountOrRef`, `maxcount`, `condition_id`) VALUES (61317, 7912, 0.02, 0, 1, 1, 0);
REPLACE INTO `creature_loot_template` (`entry`, `item`, `ChanceOrQuestChance`, `groupid`, `mincountOrRef`, `maxcount`, `condition_id`) VALUES (61317, 7989, 0.02, 0, 1, 1, 0);
REPLACE INTO `creature_loot_template` (`entry`, `item`, `ChanceOrQuestChance`, `groupid`, `mincountOrRef`, `maxcount`, `condition_id`) VALUES (61317, 7990, 0.02, 0, 1, 1, 0);
REPLACE INTO `creature_loot_template` (`entry`, `item`, `ChanceOrQuestChance`, `groupid`, `mincountOrRef`, `maxcount`, `condition_id`) VALUES (61317, 7993, 0.02, 0, 1, 1, 0);
REPLACE INTO `creature_loot_template` (`entry`, `item`, `ChanceOrQuestChance`, `groupid`, `mincountOrRef`, `maxcount`, `condition_id`) VALUES (61317, 8389, 0.02, 0, 1, 1, 0);
REPLACE INTO `creature_loot_template` (`entry`, `item`, `ChanceOrQuestChance`, `groupid`, `mincountOrRef`, `maxcount`, `condition_id`) VALUES (61317, 8390, 0.02, 0, 1, 1, 0);
REPLACE INTO `creature_loot_template` (`entry`, `item`, `ChanceOrQuestChance`, `groupid`, `mincountOrRef`, `maxcount`, `condition_id`) VALUES (61317, 8838, 0.02, 0, 1, 1, 0);
REPLACE INTO `creature_loot_template` (`entry`, `item`, `ChanceOrQuestChance`, `groupid`, `mincountOrRef`, `maxcount`, `condition_id`) VALUES (61317, 8839, 0.02, 0, 1, 1, 0);
REPLACE INTO `creature_loot_template` (`entry`, `item`, `ChanceOrQuestChance`, `groupid`, `mincountOrRef`, `maxcount`, `condition_id`) VALUES (61317, 9295, 0.02, 0, 1, 1, 0);
REPLACE INTO `creature_loot_template` (`entry`, `item`, `ChanceOrQuestChance`, `groupid`, `mincountOrRef`, `maxcount`, `condition_id`) VALUES (61317, 9298, 0.02, 0, 1, 1, 0);
REPLACE INTO `creature_loot_template` (`entry`, `item`, `ChanceOrQuestChance`, `groupid`, `mincountOrRef`, `maxcount`, `condition_id`) VALUES (61317, 10315, 0.02, 0, 1, 1, 0);
REPLACE INTO `creature_loot_template` (`entry`, `item`, `ChanceOrQuestChance`, `groupid`, `mincountOrRef`, `maxcount`, `condition_id`) VALUES (61317, 10320, 0.02, 0, 1, 1, 0);
REPLACE INTO `creature_loot_template` (`entry`, `item`, `ChanceOrQuestChance`, `groupid`, `mincountOrRef`, `maxcount`, `condition_id`) VALUES (61317, 10620, 0.06, 0, 1, 1, 0);
REPLACE INTO `creature_loot_template` (`entry`, `item`, `ChanceOrQuestChance`, `groupid`, `mincountOrRef`, `maxcount`, `condition_id`) VALUES (61317, 11208, 0.02, 0, 1, 1, 0);
REPLACE INTO `creature_loot_template` (`entry`, `item`, `ChanceOrQuestChance`, `groupid`, `mincountOrRef`, `maxcount`, `condition_id`) VALUES (61317, 11225, 0.02, 0, 1, 1, 0);
REPLACE INTO `creature_loot_template` (`entry`, `item`, `ChanceOrQuestChance`, `groupid`, `mincountOrRef`, `maxcount`, `condition_id`) VALUES (61317, 12364, 0.02, 0, 1, 1, 0);
REPLACE INTO `creature_loot_template` (`entry`, `item`, `ChanceOrQuestChance`, `groupid`, `mincountOrRef`, `maxcount`, `condition_id`) VALUES (61317, 12365, 0.02, 0, 1, 1, 0);
REPLACE INTO `creature_loot_template` (`entry`, `item`, `ChanceOrQuestChance`, `groupid`, `mincountOrRef`, `maxcount`, `condition_id`) VALUES (61317, 12682, 0.02, 0, 1, 1, 0);
REPLACE INTO `creature_loot_template` (`entry`, `item`, `ChanceOrQuestChance`, `groupid`, `mincountOrRef`, `maxcount`, `condition_id`) VALUES (61317, 12683, 0.02, 0, 1, 1, 0);
REPLACE INTO `creature_loot_template` (`entry`, `item`, `ChanceOrQuestChance`, `groupid`, `mincountOrRef`, `maxcount`, `condition_id`) VALUES (61317, 12684, 0.02, 0, 1, 1, 0);
REPLACE INTO `creature_loot_template` (`entry`, `item`, `ChanceOrQuestChance`, `groupid`, `mincountOrRef`, `maxcount`, `condition_id`) VALUES (61317, 12689, 0.02, 0, 1, 1, 0);
REPLACE INTO `creature_loot_template` (`entry`, `item`, `ChanceOrQuestChance`, `groupid`, `mincountOrRef`, `maxcount`, `condition_id`) VALUES (61317, 12691, 0.02, 0, 1, 1, 0);
REPLACE INTO `creature_loot_template` (`entry`, `item`, `ChanceOrQuestChance`, `groupid`, `mincountOrRef`, `maxcount`, `condition_id`) VALUES (61317, 12693, 0.02, 0, 1, 1, 0);
REPLACE INTO `creature_loot_template` (`entry`, `item`, `ChanceOrQuestChance`, `groupid`, `mincountOrRef`, `maxcount`, `condition_id`) VALUES (61317, 12694, 0.02, 0, 1, 1, 0);
REPLACE INTO `creature_loot_template` (`entry`, `item`, `ChanceOrQuestChance`, `groupid`, `mincountOrRef`, `maxcount`, `condition_id`) VALUES (61317, 12695, 0.02, 0, 1, 1, 0);
REPLACE INTO `creature_loot_template` (`entry`, `item`, `ChanceOrQuestChance`, `groupid`, `mincountOrRef`, `maxcount`, `condition_id`) VALUES (61317, 12697, 0.02, 0, 1, 1, 0);
REPLACE INTO `creature_loot_template` (`entry`, `item`, `ChanceOrQuestChance`, `groupid`, `mincountOrRef`, `maxcount`, `condition_id`) VALUES (61317, 12703, 0.02, 0, 1, 1, 0);
REPLACE INTO `creature_loot_template` (`entry`, `item`, `ChanceOrQuestChance`, `groupid`, `mincountOrRef`, `maxcount`, `condition_id`) VALUES (61317, 12704, 0.02, 0, 1, 1, 0);
REPLACE INTO `creature_loot_template` (`entry`, `item`, `ChanceOrQuestChance`, `groupid`, `mincountOrRef`, `maxcount`, `condition_id`) VALUES (61317, 12713, 0.02, 0, 1, 1, 0);
REPLACE INTO `creature_loot_template` (`entry`, `item`, `ChanceOrQuestChance`, `groupid`, `mincountOrRef`, `maxcount`, `condition_id`) VALUES (61317, 13463, 0.02, 0, 1, 1, 0);
REPLACE INTO `creature_loot_template` (`entry`, `item`, `ChanceOrQuestChance`, `groupid`, `mincountOrRef`, `maxcount`, `condition_id`) VALUES (61317, 13465, 0.02, 0, 1, 1, 0);
REPLACE INTO `creature_loot_template` (`entry`, `item`, `ChanceOrQuestChance`, `groupid`, `mincountOrRef`, `maxcount`, `condition_id`) VALUES (61317, 13487, 0.02, 0, 1, 1, 0);
REPLACE INTO `creature_loot_template` (`entry`, `item`, `ChanceOrQuestChance`, `groupid`, `mincountOrRef`, `maxcount`, `condition_id`) VALUES (61317, 13490, 0.02, 0, 1, 1, 0);
REPLACE INTO `creature_loot_template` (`entry`, `item`, `ChanceOrQuestChance`, `groupid`, `mincountOrRef`, `maxcount`, `condition_id`) VALUES (61317, 13492, 0.02, 0, 1, 1, 0);
REPLACE INTO `creature_loot_template` (`entry`, `item`, `ChanceOrQuestChance`, `groupid`, `mincountOrRef`, `maxcount`, `condition_id`) VALUES (61317, 13493, 0.02, 0, 1, 1, 0);
REPLACE INTO `creature_loot_template` (`entry`, `item`, `ChanceOrQuestChance`, `groupid`, `mincountOrRef`, `maxcount`, `condition_id`) VALUES (61317, 14466, 0.02, 0, 1, 1, 0);
REPLACE INTO `creature_loot_template` (`entry`, `item`, `ChanceOrQuestChance`, `groupid`, `mincountOrRef`, `maxcount`, `condition_id`) VALUES (61317, 14467, 0.02, 0, 1, 1, 0);
REPLACE INTO `creature_loot_template` (`entry`, `item`, `ChanceOrQuestChance`, `groupid`, `mincountOrRef`, `maxcount`, `condition_id`) VALUES (61317, 14470, 0.02, 0, 1, 1, 0);
REPLACE INTO `creature_loot_template` (`entry`, `item`, `ChanceOrQuestChance`, `groupid`, `mincountOrRef`, `maxcount`, `condition_id`) VALUES (61317, 14474, 0.02, 0, 1, 1, 0);
REPLACE INTO `creature_loot_template` (`entry`, `item`, `ChanceOrQuestChance`, `groupid`, `mincountOrRef`, `maxcount`, `condition_id`) VALUES (61317, 14478, 0.02, 0, 1, 1, 0);
REPLACE INTO `creature_loot_template` (`entry`, `item`, `ChanceOrQuestChance`, `groupid`, `mincountOrRef`, `maxcount`, `condition_id`) VALUES (61317, 14479, 0.02, 0, 1, 1, 0);
REPLACE INTO `creature_loot_template` (`entry`, `item`, `ChanceOrQuestChance`, `groupid`, `mincountOrRef`, `maxcount`, `condition_id`) VALUES (61317, 14484, 0.02, 0, 1, 1, 0);
REPLACE INTO `creature_loot_template` (`entry`, `item`, `ChanceOrQuestChance`, `groupid`, `mincountOrRef`, `maxcount`, `condition_id`) VALUES (61317, 14489, 0.02, 0, 1, 1, 0);
REPLACE INTO `creature_loot_template` (`entry`, `item`, `ChanceOrQuestChance`, `groupid`, `mincountOrRef`, `maxcount`, `condition_id`) VALUES (61317, 14491, 0.02, 0, 1, 1, 0);
REPLACE INTO `creature_loot_template` (`entry`, `item`, `ChanceOrQuestChance`, `groupid`, `mincountOrRef`, `maxcount`, `condition_id`) VALUES (61317, 14492, 0.02, 0, 1, 1, 0);
REPLACE INTO `creature_loot_template` (`entry`, `item`, `ChanceOrQuestChance`, `groupid`, `mincountOrRef`, `maxcount`, `condition_id`) VALUES (61317, 14494, 0.02, 0, 1, 1, 0);
REPLACE INTO `creature_loot_template` (`entry`, `item`, `ChanceOrQuestChance`, `groupid`, `mincountOrRef`, `maxcount`, `condition_id`) VALUES (61317, 14496, 0.02, 0, 1, 1, 0);
REPLACE INTO `creature_loot_template` (`entry`, `item`, `ChanceOrQuestChance`, `groupid`, `mincountOrRef`, `maxcount`, `condition_id`) VALUES (61317, 14498, 0.02, 0, 1, 1, 0);
REPLACE INTO `creature_loot_template` (`entry`, `item`, `ChanceOrQuestChance`, `groupid`, `mincountOrRef`, `maxcount`, `condition_id`) VALUES (61317, 14499, 0.02, 0, 1, 1, 0);
REPLACE INTO `creature_loot_template` (`entry`, `item`, `ChanceOrQuestChance`, `groupid`, `mincountOrRef`, `maxcount`, `condition_id`) VALUES (61317, 14501, 0.02, 0, 1, 1, 0);
REPLACE INTO `creature_loot_template` (`entry`, `item`, `ChanceOrQuestChance`, `groupid`, `mincountOrRef`, `maxcount`, `condition_id`) VALUES (61317, 14504, 0.02, 0, 1, 1, 0);
REPLACE INTO `creature_loot_template` (`entry`, `item`, `ChanceOrQuestChance`, `groupid`, `mincountOrRef`, `maxcount`, `condition_id`) VALUES (61317, 14506, 0.02, 0, 1, 1, 0);
REPLACE INTO `creature_loot_template` (`entry`, `item`, `ChanceOrQuestChance`, `groupid`, `mincountOrRef`, `maxcount`, `condition_id`) VALUES (61317, 14508, 0.02, 0, 1, 1, 0);
REPLACE INTO `creature_loot_template` (`entry`, `item`, `ChanceOrQuestChance`, `groupid`, `mincountOrRef`, `maxcount`, `condition_id`) VALUES (61317, 15731, 0.02, 0, 1, 1, 0);
REPLACE INTO `creature_loot_template` (`entry`, `item`, `ChanceOrQuestChance`, `groupid`, `mincountOrRef`, `maxcount`, `condition_id`) VALUES (61317, 15737, 0.02, 0, 1, 1, 0);
REPLACE INTO `creature_loot_template` (`entry`, `item`, `ChanceOrQuestChance`, `groupid`, `mincountOrRef`, `maxcount`, `condition_id`) VALUES (61317, 15743, 0.02, 0, 1, 1, 0);
REPLACE INTO `creature_loot_template` (`entry`, `item`, `ChanceOrQuestChance`, `groupid`, `mincountOrRef`, `maxcount`, `condition_id`) VALUES (61317, 15745, 0.02, 0, 1, 1, 0);
REPLACE INTO `creature_loot_template` (`entry`, `item`, `ChanceOrQuestChance`, `groupid`, `mincountOrRef`, `maxcount`, `condition_id`) VALUES (61317, 15746, 0.02, 0, 1, 1, 0);
REPLACE INTO `creature_loot_template` (`entry`, `item`, `ChanceOrQuestChance`, `groupid`, `mincountOrRef`, `maxcount`, `condition_id`) VALUES (61317, 15755, 0.02, 0, 1, 1, 0);
REPLACE INTO `creature_loot_template` (`entry`, `item`, `ChanceOrQuestChance`, `groupid`, `mincountOrRef`, `maxcount`, `condition_id`) VALUES (61317, 15757, 0.02, 0, 1, 1, 0);
REPLACE INTO `creature_loot_template` (`entry`, `item`, `ChanceOrQuestChance`, `groupid`, `mincountOrRef`, `maxcount`, `condition_id`) VALUES (61317, 15765, 0.02, 0, 1, 1, 0);
REPLACE INTO `creature_loot_template` (`entry`, `item`, `ChanceOrQuestChance`, `groupid`, `mincountOrRef`, `maxcount`, `condition_id`) VALUES (61317, 16043, 0.02, 0, 1, 1, 0);
REPLACE INTO `creature_loot_template` (`entry`, `item`, `ChanceOrQuestChance`, `groupid`, `mincountOrRef`, `maxcount`, `condition_id`) VALUES (61317, 16051, 0.02, 0, 1, 1, 0);
REPLACE INTO `creature_loot_template` (`entry`, `item`, `ChanceOrQuestChance`, `groupid`, `mincountOrRef`, `maxcount`, `condition_id`) VALUES (61317, 16215, 0.02, 0, 1, 1, 0);
REPLACE INTO `creature_loot_template` (`entry`, `item`, `ChanceOrQuestChance`, `groupid`, `mincountOrRef`, `maxcount`, `condition_id`) VALUES (61317, 16218, 0.02, 0, 1, 1, 0);
REPLACE INTO `creature_loot_template` (`entry`, `item`, `ChanceOrQuestChance`, `groupid`, `mincountOrRef`, `maxcount`, `condition_id`) VALUES (61317, 16220, 0.02, 0, 1, 1, 0);
REPLACE INTO `creature_loot_template` (`entry`, `item`, `ChanceOrQuestChance`, `groupid`, `mincountOrRef`, `maxcount`, `condition_id`) VALUES (61317, 16245, 0.02, 0, 1, 1, 0);
REPLACE INTO `creature_loot_template` (`entry`, `item`, `ChanceOrQuestChance`, `groupid`, `mincountOrRef`, `maxcount`, `condition_id`) VALUES (61317, 16251, 0.02, 0, 1, 1, 0);
REPLACE INTO `creature_loot_template` (`entry`, `item`, `ChanceOrQuestChance`, `groupid`, `mincountOrRef`, `maxcount`, `condition_id`) VALUES (61317, 20400, 0.14, 0, 1, 1, 108);
REPLACE INTO `creature_loot_template` (`entry`, `item`, `ChanceOrQuestChance`, `groupid`, `mincountOrRef`, `maxcount`, `condition_id`) VALUES (61317, 22527, 79.3091, 0, 1, 1, 0);
REPLACE INTO `creature_loot_template` (`entry`, `item`, `ChanceOrQuestChance`, `groupid`, `mincountOrRef`, `maxcount`, `condition_id`) VALUES (61317, 24028, 0.01, 0, -24028, 1, 0);
REPLACE INTO `creature_loot_template` (`entry`, `item`, `ChanceOrQuestChance`, `groupid`, `mincountOrRef`, `maxcount`, `condition_id`) VALUES (61317, 24032, 0.01, 0, -24032, 1, 0);
REPLACE INTO `creature_loot_template` (`entry`, `item`, `ChanceOrQuestChance`, `groupid`, `mincountOrRef`, `maxcount`, `condition_id`) VALUES (61317, 30043, 0.5, 0, -30043, 1, 0);
REPLACE INTO `creature_loot_template` (`entry`, `item`, `ChanceOrQuestChance`, `groupid`, `mincountOrRef`, `maxcount`, `condition_id`) VALUES (61317, 30045, 0.5, 0, -30045, 1, 0);
REPLACE INTO `creature_loot_template` (`entry`, `item`, `ChanceOrQuestChance`, `groupid`, `mincountOrRef`, `maxcount`, `condition_id`) VALUES (61317, 30046, 0.5, 0, -30046, 1, 0);
REPLACE INTO `creature_loot_template` (`entry`, `item`, `ChanceOrQuestChance`, `groupid`, `mincountOrRef`, `maxcount`, `condition_id`) VALUES (61317, 30047, 0.01, 0, -30047, 1, 0);
REPLACE INTO `creature_loot_template` (`entry`, `item`, `ChanceOrQuestChance`, `groupid`, `mincountOrRef`, `maxcount`, `condition_id`) VALUES (61317, 30053, 0.0025, 0, -30053, 1, 0);
REPLACE INTO `creature_loot_template` (`entry`, `item`, `ChanceOrQuestChance`, `groupid`, `mincountOrRef`, `maxcount`, `condition_id`) VALUES (61317, 30079, 0.01, 2, -30079, 1, 0);
REPLACE INTO `creature_loot_template` (`entry`, `item`, `ChanceOrQuestChance`, `groupid`, `mincountOrRef`, `maxcount`, `condition_id`) VALUES (61317, 30080, 0.5, 0, -30080, 1, 0);
REPLACE INTO `creature_loot_template` (`entry`, `item`, `ChanceOrQuestChance`, `groupid`, `mincountOrRef`, `maxcount`, `condition_id`) VALUES (61317, 30081, 0.5, 0, -30081, 1, 0);
REPLACE INTO `creature_loot_template` (`entry`, `item`, `ChanceOrQuestChance`, `groupid`, `mincountOrRef`, `maxcount`, `condition_id`) VALUES (61317, 30082, 0.0025, 0, -30082, 1, 0);
REPLACE INTO `creature_loot_template` (`entry`, `item`, `ChanceOrQuestChance`, `groupid`, `mincountOrRef`, `maxcount`, `condition_id`) VALUES (61317, 30086, 0.0025, 0, -30086, 1, 0);
REPLACE INTO `creature_loot_template` (`entry`, `item`, `ChanceOrQuestChance`, `groupid`, `mincountOrRef`, `maxcount`, `condition_id`) VALUES (61317, 30087, 0.0025, 0, -30087, 1, 0);
REPLACE INTO `creature_loot_template` (`entry`, `item`, `ChanceOrQuestChance`, `groupid`, `mincountOrRef`, `maxcount`, `condition_id`) VALUES (61317, 30088, 0.01, 0, -30088, 1, 0);
REPLACE INTO `creature_loot_template` (`entry`, `item`, `ChanceOrQuestChance`, `groupid`, `mincountOrRef`, `maxcount`, `condition_id`) VALUES (61317, 30103, 0.0025, 0, -30103, 1, 0);

-- OBJECT Harlow Family Chest (Entry 2020027).
update gameobject_loot_template set ChanceOrQuestChance = 25 where entry = 2020027 and item in (61318,61319,61320,61321);
update gameobject_loot_template set ChanceOrQuestChance = 5 where entry = 2020027 and item = 61322;

-- Bosses in Gilneas City currently have a chance to not drop loot, this is unintended, for the bosses below, please change any drop % of 20% to be 33%:
-- Matthias Holtz (entry 61419), Packmaster Ragetooth (Entry 61420).
update creature_loot_template set ChanceOrQuestChance = 33 where entry in (61419,61420) and item in (61300,61301,61302,61304,61305,61306);

-- For the following boss, raise the drop chance of all 20% items to 25%:
-- Judge Sutherland (Entry 61421).
update creature_loot_template set ChanceOrQuestChance = 25 where entry = 61421 and item in (61308,61309,61310,61311);

-- For the following bosses below, raise the drop chance of all items by 1%:
-- Dustivan Blackcowl (Entry 61422).
update creature_loot_template set ChanceOrQuestChance = 25 where entry = 61422 and item in (61330,61331,61332,61333);
update creature_loot_template set ChanceOrQuestChance = 5 where entry = 61422 and item = 61334;
-- Marshal Magnus Greystone (Entry 61423).
update creature_loot_template set ChanceOrQuestChance = 25 where entry = 61423 and item in (61313,61314,61315,61316);
update creature_loot_template set ChanceOrQuestChance = 5 where entry = 61423 and item = 61317;
-- Genn Greymane (Entry 61418).
update creature_loot_template set ChanceOrQuestChance = 15 where entry = 61418 and item in (61323,61324,61325,61326,61327,61328,61329);


-- The loot table for NPCs "Solnius" (60748) has been redone.
delete from reference_loot_template where entry = 60000;
REPLACE INTO `reference_loot_template` (`entry`, `item`, `ChanceOrQuestChance`, `groupid`, `mincountOrRef`, `maxcount`, `condition_id`) VALUES
(60000, 61203, 7.69,  0, 1, 1, 0),
(60000, 61204, 7.69,  0, 1, 1, 0),
(60000, 61205, 7.69,  0, 1, 1, 0),
(60000, 61206, 7.69,  0, 1, 1, 0),
(60000, 61207, 7.69,  0, 1, 1, 0),
(60000, 61208, 7.69,  0, 1, 1, 0),
(60000, 61209, 7.69,  0, 1, 1, 0),
(60000, 61210, 7.69,  0, 1, 1, 0),
(60000, 61211, 7.69,  0, 1, 1, 0),
(60000, 61212, 7.69,  0, 1, 1, 0),
(60000, 61213,  7.7,  0, 1, 1, 0),
(60000, 61214,  7.7,  0, 2, 2, 0),
(60000, 61448,  7.7,  0, 1, 1, 0);

delete from creature_loot_template where entry = 60748;
REPLACE INTO `creature_loot_template` (`entry`, `item`, `ChanceOrQuestChance`, `groupid`, `mincountOrRef`, `maxcount`, `condition_id`) VALUES
(60748, 60000, 100,  0, -60000, 1, 0),
(60748, 60000, 100,  1, -60000, 1, 0),
(60748, 60000, 100,  2, -60000, 1, 0),
(60748, 61444,  20,  3,      1, 1, 0),
(60748, 61196,  15,  4,      1, 1, 0),
(60748, 17962,  20,  5,      1, 1, 0),
(60748, 17963,  20,  5,      1, 1, 0),
(60748, 17964,  20,  5,      1, 1, 0),
(60748, 17965,  20,  5,      1, 1, 0),
(60748, 17969,  20,  5,      1, 1, 0),
(60748, 61217,  10,  6,      1, 1, 0),
(60748, 61218,  10,  6,      1, 1, 0),
(60748, 61424,  10,  6,      1, 1, 0),
(60748, 61428,  10,  6,      1, 1, 0),
(60748, 61432,  10,  6,      1, 1, 0),
(60748, 61215, 100, 10,      1, 1, 0);
