-- Implement new Karazhan quest for Dormilion.

-- The Key to Karazhan VII
REPLACE INTO `quest_template` (`entry`, `Method`, `ZoneOrSort`, `MinLevel`, `MaxLevel`, `QuestLevel`, `Type`, `RequiredClasses`, `RequiredRaces`, `RequiredSkill`, `RequiredSkillValue`, `RepObjectiveFaction`, `RepObjectiveValue`, `RequiredMinRepFaction`, `RequiredMinRepValue`, `RequiredMaxRepFaction`, `RequiredMaxRepValue`, `SuggestedPlayers`, `LimitTime`, `QuestFlags`, `SpecialFlags`, `PrevQuestId`, `NextQuestId`, `ExclusiveGroup`, `NextQuestInChain`, `SrcItemId`, `SrcItemCount`, `SrcSpell`, `Title`, `Details`, `Objectives`, `OfferRewardText`, `RequestItemsText`, `EndText`, `ObjectiveText1`, `ObjectiveText2`, `ObjectiveText3`, `ObjectiveText4`, `ReqItemId1`, `ReqItemId2`, `ReqItemId3`, `ReqItemId4`, `ReqItemCount1`, `ReqItemCount2`, `ReqItemCount3`, `ReqItemCount4`, `ReqSourceId1`, `ReqSourceId2`, `ReqSourceId3`, `ReqSourceId4`, `ReqSourceCount1`, `ReqSourceCount2`, `ReqSourceCount3`, `ReqSourceCount4`, `ReqCreatureOrGOId1`, `ReqCreatureOrGOId2`, `ReqCreatureOrGOId3`, `ReqCreatureOrGOId4`, `ReqCreatureOrGOCount1`, `ReqCreatureOrGOCount2`, `ReqCreatureOrGOCount3`, `ReqCreatureOrGOCount4`, `ReqSpellCast1`, `ReqSpellCast2`, `ReqSpellCast3`, `ReqSpellCast4`, `RewChoiceItemId1`, `RewChoiceItemId2`, `RewChoiceItemId3`, `RewChoiceItemId4`, `RewChoiceItemId5`, `RewChoiceItemId6`, `RewChoiceItemCount1`, `RewChoiceItemCount2`, `RewChoiceItemCount3`, `RewChoiceItemCount4`, `RewChoiceItemCount5`, `RewChoiceItemCount6`, `RewItemId1`, `RewItemId2`, `RewItemId3`, `RewItemId4`, `RewItemCount1`, `RewItemCount2`, `RewItemCount3`, `RewItemCount4`, `RewRepFaction1`, `RewRepFaction2`, `RewRepFaction3`, `RewRepFaction4`, `RewRepFaction5`, `RewRepValue1`, `RewRepValue2`, `RewRepValue3`, `RewRepValue4`, `RewRepValue5`, `RewXP`, `RewOrReqMoney`, `RewMoneyMaxLevel`, `RewSpell`, `RewSpellCast`, `RewMailTemplateId`, `RewMailDelaySecs`, `RewMailMoney`, `PointMapId`, `PointX`, `PointY`, `PointOpt`, `DetailsEmote1`, `DetailsEmote2`, `DetailsEmote3`, `DetailsEmote4`, `DetailsEmoteDelay1`, `DetailsEmoteDelay2`, `DetailsEmoteDelay3`, `DetailsEmoteDelay4`, `IncompleteEmote`, `CompleteEmote`, `OfferRewardEmote1`, `OfferRewardEmote2`, `OfferRewardEmote3`, `OfferRewardEmote4`, `OfferRewardEmoteDelay1`, `OfferRewardEmoteDelay2`, `OfferRewardEmoteDelay3`, `OfferRewardEmoteDelay4`, `StartScript`, `CompleteScript`) VALUES
(40826, 2, 2562, 58, 0, 60, 0, 0, 0, 0, 0, 0, 0, 0, 0, 0, 0, 0, 0, 0, 0, 40825, 0, 0, 0, 0, 0, 0, 'The Key to Karazhan VII', 'Regrettably, my knowledge of the whereabouts of Medivh\'s Echoes is limited. To begin your search, I suggest visiting the locations that Medivh frequented during his second life, when he returned to redeem himself and prepare for the impending Third War. These events are relatively recent, so the Echoes should be easier to locate and more potent.$B$BIt is likely that the Echoes of Medivh\'s presence will be accompanied by objects that once belonged to him. Perhaps a stray feather from his cloak, or some other memento that carries his essence.$B$BHowever, time is of the essence, and you must act quickly. Go forth and begin your search for at least four of his Echoes. I believe this should be enough to recharge the key and unlock the chambers of Karazhan.', 'Find four Echoes of Medivh. They might be found in places of great significance for the mage. Then return to Vandol with the key.', 'Congratulations on locating Medivh\'s Echoes. You have successfully completed the task, but unfortunately, the key remains broken and unusable. It appears that merely fueling it with Medivh\'s Echoes was not enough to restore it to its former state. In retrospect, I should have realized this earlier. Please show me the key so that I can inspect it more closely.', 'I am aware of one location where Medivh had been in the past, and that is the throne room of Lordaeron. Although the place now lies in ruins due to the events of the Third War, it is possible that some remnants of the past still exist there. Perhaps, there are traces of his presence that you can uncover in the form of residual energy or forgotten relics.', NULL, 'Find the first feather', 'Find the second feather', 'Find the third feather', 'Find the fourth feather', 0, 0, 0, 0, 0, 0, 0, 0, 0, 0, 0, 0, 0, 0, 0, 0, 60036, 60037, 60038, 60039, 1, 1, 1, 1, 0, 0, 0, 0, 0, 0, 0, 0, 0, 0, 0, 0, 0, 0, 0, 0, 0, 0, 0, 0, 0, 0, 0, 0, 0, 0, 0, 0, 0, 0, 0, 0, 0, 0, 9150, 0, 38900, 0, 0, 0, 0, 0, 0, 0, 0, 0, 0, 0, 0, 0, 0, 0, 0, 0, 0, 0, 0, 0, 0, 0, 0, 0, 0, 0, 0, 0);

REPLACE INTO `creature_questrelation`		(`id`, `quest`) VALUES (61137, 40826);
REPLACE INTO `creature_involvedrelation`	(`id`, `quest`) VALUES (61137, 40826);

REPLACE INTO `creature_template` VALUES
(60036, 328, 0, 0, 0, 0, 'quest_40826_dummy_triger', NULL, 0, 1, 1, 0, 0, 0, 0, 0, 35, 0, 1, 1.14286, 1, 20, 5, 0, 0, 1, 0, 0, 0, 0, 1, 0, 0, 0, 0, 0, 0, 0, 0, 0, 0, 0, 0, 0, 0, 0, 0, 0, 0, 0, 0, 0, 0, 0, 0, 0, 0, 0, 0, 0, 0, 0, NULL, 0, 0, '', 0, 3, 0, 0, 3, 0, 0, 0, 0, 0, 0, 0, ''),
(60037, 328, 0, 0, 0, 0, 'quest_40826_dummy_triger', NULL, 0, 1, 1, 0, 0, 0, 0, 0, 35, 0, 1, 1.14286, 1, 20, 5, 0, 0, 1, 0, 0, 0, 0, 1, 0, 0, 0, 0, 0, 0, 0, 0, 0, 0, 0, 0, 0, 0, 0, 0, 0, 0, 0, 0, 0, 0, 0, 0, 0, 0, 0, 0, 0, 0, 0, NULL, 0, 0, '', 0, 3, 0, 0, 3, 0, 0, 0, 0, 0, 0, 0, ''),
(60038, 328, 0, 0, 0, 0, 'quest_40826_dummy_triger', NULL, 0, 1, 1, 0, 0, 0, 0, 0, 35, 0, 1, 1.14286, 1, 20, 5, 0, 0, 1, 0, 0, 0, 0, 1, 0, 0, 0, 0, 0, 0, 0, 0, 0, 0, 0, 0, 0, 0, 0, 0, 0, 0, 0, 0, 0, 0, 0, 0, 0, 0, 0, 0, 0, 0, 0, NULL, 0, 0, '', 0, 3, 0, 0, 3, 0, 0, 0, 0, 0, 0, 0, ''),
(60039, 328, 0, 0, 0, 0, 'quest_40826_dummy_triger', NULL, 0, 1, 1, 0, 0, 0, 0, 0, 35, 0, 1, 1.14286, 1, 20, 5, 0, 0, 1, 0, 0, 0, 0, 1, 0, 0, 0, 0, 0, 0, 0, 0, 0, 0, 0, 0, 0, 0, 0, 0, 0, 0, 0, 0, 0, 0, 0, 0, 0, 0, 0, 0, 0, 0, 0, NULL, 0, 0, '', 0, 3, 0, 0, 3, 0, 0, 0, 0, 0, 0, 0, ''),
(61329, 18039, 0, 0, 0, 0, 'Echo of Medivh', NULL, 0, 62, 62, 1024000, 1024000, 826400, 826400, 1866, 35, 0, 1, 1.14286, 1.2, 20, 5, 0, 3, 1, 0, 0, 0, 0, 1, 0, 0, 1, 0, 0, 0, 0, 0, 0, 0, 0, 0, 0, 7, 0, 0, 0, 0, 0, 0, 0, 0, 0, 0, 0, 0, 0, 0, 0, 0, 0, '9617', 0, 0, 'EventAI', 0, 3, 0, 0, 3, 0, 0, 0, 0, 0, 0, 0, '');

REPLACE INTO `gameobject_template` (`entry`, `type`, `displayId`, `name`, `faction`, `flags`, `size`, `data0`, `data1`, `data2`, `data3`, `data4`, `data5`, `data6`, `data7`, `data8`, `data9`, `data10`, `data11`, `data12`, `data13`, `data14`, `data15`, `data16`, `data17`, `data18`, `data19`, `data20`, `data21`, `data22`, `data23`, `mingold`, `maxgold`, `phase_quest_id`, `script_name`) VALUES
(2011045, 2, 25070, 'First Feather of Medivh', 0, 32, 1.4, 0, 0, 0, 20026, 0, 0, 0, 0, 0, 0, 0, 0, 0, 0, 0, 0, 0, 0, 0, 0, 0, 0, 0, 0, 0, 0, 0, ''),
(2011046, 2, 25070, 'Second Feather of Medivh', 0, 32, 1.4, 0, 0, 0, 20027, 0, 0, 0, 0, 0, 0, 0, 0, 0, 0, 0, 0, 0, 0, 0, 0, 0, 0, 0, 0, 0, 0, 0, ''),
(2011047, 2, 25070, 'Third Feather of Medivh', 0, 32, 1.4, 0, 0, 0, 20028, 0, 0, 0, 0, 0, 0, 0, 0, 0, 0, 0, 0, 0, 0, 0, 0, 0, 0, 0, 0, 0, 0, 0, ''),
(2011048, 2, 25070, 'Fourth Feather of Medivh', 0, 32, 1.4, 0, 0, 0, 20029, 0, 0, 0, 0, 0, 0, 0, 0, 0, 0, 0, 0, 0, 0, 0, 0, 0, 0, 0, 0, 0, 0, 0, '');
REPLACE INTO `gameobject` (`guid`, `id`, `map`, `position_x`, `position_y`, `position_z`, `orientation`, `rotation0`, `rotation1`, `rotation2`, `rotation3`, `spawntimesecsmin`, `spawntimesecsmax`, `animprogress`, `state`, `spawn_flags`, `visibility_mod`) VALUES (533203, 2011045, 0, 1624.57, 240.445, 62.5931, 4.6821, 0, 0, 0.717733, -0.696318, 300, 300, 100, 1, 0, 0);
REPLACE INTO `gameobject` (`guid`, `id`, `map`, `position_x`, `position_y`, `position_z`, `orientation`, `rotation0`, `rotation1`, `rotation2`, `rotation3`, `spawntimesecsmin`, `spawntimesecsmax`, `animprogress`, `state`, `spawn_flags`, `visibility_mod`) VALUES (533204, 2011046, 329, 3739.1, -3481.25, 131.404, 3.18479, 0, 0, 0.999767, -0.0215975, 300, 300, 100, 1, 0, 0);
REPLACE INTO `gameobject` (`guid`, `id`, `map`, `position_x`, `position_y`, `position_z`, `orientation`, `rotation0`, `rotation1`, `rotation2`, `rotation3`, `spawntimesecsmin`, `spawntimesecsmax`, `animprogress`, `state`, `spawn_flags`, `visibility_mod`) VALUES (533205, 2011047, 0, -132.764, -78.2431, 146.208, 2.3913, 0, 0, 0.930455, 0.366407, 300, 300, 100, 1, 0, 0);
REPLACE INTO `gameobject` (`guid`, `id`, `map`, `position_x`, `position_y`, `position_z`, `orientation`, `rotation0`, `rotation1`, `rotation2`, `rotation3`, `spawntimesecsmin`, `spawntimesecsmax`, `animprogress`, `state`, `spawn_flags`, `visibility_mod`) VALUES (533206, 2011048, 1, 4614.08, -2097.21, 1236.97, 1.41584, 0, 0, 0.650256, 0.759716, 300, 300, 100, 1, 0, 0);

-- 40826: Target Has Quest 40826 In Log
REPLACE INTO `conditions` (`condition_entry`, `type`, `value1`, `value2`, `value3`, `value4`, `flags`) VALUES (40826, 9, 40826, 0, 0, 0, 0);
REPLACE INTO `broadcast_text` (`entry`, `male_text`, `female_text`, `chat_type`, `sound_id`, `language_id`, `emote_id1`, `emote_id2`, `emote_id3`, `emote_delay1`, `emote_delay2`, `emote_delay3`) VALUES (60701, 'You\'ve found an interesting looking feather.', 'You\'ve found an interesting looking feather.', 0, 0, 0, 0, 0, 0, 0, 0, 0);
REPLACE INTO `broadcast_text` (`entry`, `male_text`, `female_text`, `chat_type`, `sound_id`, `language_id`, `emote_id1`, `emote_id2`, `emote_id3`, `emote_delay1`, `emote_delay2`, `emote_delay3`) VALUES (61191, 'Yet, prisoners they are, good King.', NULL, 0, 0, 0, 0, 0, 0, 0, 0, 0);
REPLACE INTO `broadcast_text` (`entry`, `male_text`, `female_text`, `chat_type`, `sound_id`, `language_id`, `emote_id1`, `emote_id2`, `emote_id3`, `emote_delay1`, `emote_delay2`, `emote_delay3`) VALUES (61192, 'Humanity is in peril! The tides of darkness have come again, and the whole world is poised upon the brink of war.', NULL, 0, 0, 0, 0, 0, 0, 0, 0, 0);
REPLACE INTO `broadcast_text` (`entry`, `male_text`, `female_text`, `chat_type`, `sound_id`, `language_id`, `emote_id1`, `emote_id2`, `emote_id3`, `emote_delay1`, `emote_delay2`, `emote_delay3`) VALUES (61193, 'Hear me! The only hope for your people is to travel west, to the forgotten lands of Kalimdor!', NULL, 0, 0, 0, 0, 0, 0, 0, 0, 0);
REPLACE INTO `broadcast_text` (`entry`, `male_text`, `female_text`, `chat_type`, `sound_id`, `language_id`, `emote_id1`, `emote_id2`, `emote_id3`, `emote_delay1`, `emote_delay2`, `emote_delay3`) VALUES (61194, 'The dead in this land might lie still for the time being, but don\'t be fooled. Your young prince will find only death in the cold north.', NULL, 0, 0, 0, 0, 0, 0, 0, 0, 0);
REPLACE INTO `broadcast_text` (`entry`, `male_text`, `female_text`, `chat_type`, `sound_id`, `language_id`, `emote_id1`, `emote_id2`, `emote_id3`, `emote_delay1`, `emote_delay2`, `emote_delay3`) VALUES (61195, 'Commendable as that may be, his passions will be his undoing. It falls to you now, young sorceress.', NULL, 0, 0, 0, 0, 0, 0, 0, 0, 0);
REPLACE INTO `broadcast_text` (`entry`, `male_text`, `female_text`, `chat_type`, `sound_id`, `language_id`, `emote_id1`, `emote_id2`, `emote_id3`, `emote_delay1`, `emote_delay2`, `emote_delay3`) VALUES (61196, 'You must lead your people west to the ancient lands of Kalimdor. Only there can you combat the shadows and save this world from the flame.', NULL, 0, 0, 0, 0, 0, 0, 0, 0, 0);
REPLACE INTO `broadcast_text` (`entry`, `male_text`, `female_text`, `chat_type`, `sound_id`, `language_id`, `emote_id1`, `emote_id2`, `emote_id3`, `emote_delay1`, `emote_delay2`, `emote_delay3`) VALUES (61197, 'I know many things, young warchief, about you and your people. My identity, at this time, is unimportant. What is important is that you rally your people and leave these shores immediately.', NULL, 0, 0, 0, 0, 0, 0, 0, 0, 0);
REPLACE INTO `broadcast_text` (`entry`, `male_text`, `female_text`, `chat_type`, `sound_id`, `language_id`, `emote_id1`, `emote_id2`, `emote_id3`, `emote_delay1`, `emote_delay2`, `emote_delay3`) VALUES (61198, 'Human? I left my humanity behind long ago. I am something different now. ', NULL, 0, 0, 0, 0, 0, 0, 0, 0, 0);
REPLACE INTO `broadcast_text` (`entry`, `male_text`, `female_text`, `chat_type`, `sound_id`, `language_id`, `emote_id1`, `emote_id2`, `emote_id3`, `emote_delay1`, `emote_delay2`, `emote_delay3`) VALUES (61199, 'Know that I have seen the future and beheld the great Burning Shadow that is coming to consume this world. You sense it as well, don\'t you?', NULL, 0, 0, 0, 0, 0, 0, 0, 0, 0);
REPLACE INTO `broadcast_text` (`entry`, `male_text`, `female_text`, `chat_type`, `sound_id`, `language_id`, `emote_id1`, `emote_id2`, `emote_id3`, `emote_delay1`, `emote_delay2`, `emote_delay3`) VALUES (61200, 'I am the reason for the Legion\'s return.', NULL, 0, 0, 0, 0, 0, 0, 0, 0, 0);
REPLACE INTO `broadcast_text` (`entry`, `male_text`, `female_text`, `chat_type`, `sound_id`, `language_id`, `emote_id1`, `emote_id2`, `emote_id3`, `emote_delay1`, `emote_delay2`, `emote_delay3`) VALUES (61201, 'Years ago, I brought the orcs into this world, and by doing so, I opened a path for the demons as well. For my sins I was murdered by those I cared for most. ', NULL, 0, 0, 0, 0, 0, 0, 0, 0, 0);
REPLACE INTO `broadcast_text` (`entry`, `male_text`, `female_text`, `chat_type`, `sound_id`, `language_id`, `emote_id1`, `emote_id2`, `emote_id3`, `emote_delay1`, `emote_delay2`, `emote_delay3`) VALUES (61202, 'Despite my death, war raged across the lands of the east for many long years, leaving entire kingdoms devastated in its wake. ', NULL, 0, 0, 0, 0, 0, 0, 0, 0, 0);
REPLACE INTO `broadcast_text` (`entry`, `male_text`, `female_text`, `chat_type`, `sound_id`, `language_id`, `emote_id1`, `emote_id2`, `emote_id3`, `emote_delay1`, `emote_delay2`, `emote_delay3`) VALUES (61203, 'Now, at long last, I have returned to set things right. I am Medivh, the Last Guardian.', NULL, 0, 0, 0, 0, 0, 0, 0, 0, 0);
REPLACE INTO `npc_text` (`ID`, `BroadcastTextID0`, `Probability0`, `BroadcastTextID1`, `Probability1`, `BroadcastTextID2`, `Probability2`, `BroadcastTextID3`, `Probability3`, `BroadcastTextID4`, `Probability4`, `BroadcastTextID5`, `Probability5`, `BroadcastTextID6`, `Probability6`, `BroadcastTextID7`, `Probability7`) VALUES (60701, 60701, 100, 0, 0, 0, 0, 0, 0, 0, 0, 0, 0, 0, 0, 0, 0);
REPLACE INTO `gossip_menu` (`entry`, `text_id`, `script_id`, `condition_id`) VALUES (20026, 60701, 0, 0);
REPLACE INTO `gossip_menu` (`entry`, `text_id`, `script_id`, `condition_id`) VALUES (20027, 60701, 0, 0);
REPLACE INTO `gossip_menu` (`entry`, `text_id`, `script_id`, `condition_id`) VALUES (20028, 60701, 0, 0);
REPLACE INTO `gossip_menu` (`entry`, `text_id`, `script_id`, `condition_id`) VALUES (20029, 60701, 0, 0);
REPLACE INTO `gossip_menu_option` (`menu_id`, `id`, `option_icon`, `option_text`, `option_broadcast_text`, `option_id`, `npc_option_npcflag`, `action_menu_id`, `action_poi_id`, `action_script_id`, `box_coded`, `box_money`, `box_text`, `box_broadcast_text`, `condition_id`) VALUES (20026, 0, 0, 'Interact with the feather.', 0, 1, 0, -1, 0, 20026, 0, 0, NULL, 0, 40826);
DELETE FROM `gossip_scripts` WHERE `id`=20026;
REPLACE INTO `gossip_scripts` (`id`, `delay`, `priority`, `command`, `datalong`, `datalong2`, `datalong3`, `datalong4`, `target_param1`, `target_param2`, `target_type`, `data_flags`, `dataint`, `dataint2`, `dataint3`, `dataint4`, `x`, `y`, `z`, `o`, `condition_id`, `comments`) VALUES
(20026, 0, 0, 10, 61329, 35000, 1, 100, 0, 0, 0, 0, 8, 0, 0, 1, 1642.54, 239.886, 62.5915, 3.1323, 0, 'First Feather of Medivh: Summon Creature Echo of Medivh'),
(20026, 0, 0, 4, 9, 16, 1, 0, 0, 0, 0, 1, 0, 0, 0, 0, 0, 0, 0, 0, 0, 'First Feather of Medivh: Add No Interact Flag'),
(20026, 4, 0, 0, 0, 0, 0, 0, 61329, 100, 8, 2, 61191, 0, 0, 0, 0, 0, 0, 0, 0, 'First Feather of Medivh: Echo of Medivh - Say Text'),
(20026, 14, 0, 0, 0, 0, 0, 0, 61329, 100, 8, 2, 61192, 0, 0, 0, 0, 0, 0, 0, 0, 'First Feather of Medivh: Echo of Medivh - Say Text'),
(20026, 24, 0, 0, 0, 0, 0, 0, 61329, 100, 8, 2, 61193, 0, 0, 0, 0, 0, 0, 0, 0, 'First Feather of Medivh: Echo of Medivh - Say Text'),
(20026, 34, 0, 8, 60036, 0, 0, 0, 0, 0, 0, 0, 0, 0, 0, 0, 0, 0, 0, 0, 0, 'First Feather of Medivh: Give Kill Credit'),
(20026, 35, 0, 4, 9, 16, 2, 0, 0, 0, 0, 1, 0, 0, 0, 0, 0, 0, 0, 0, 0, 'First Feather of Medivh: Remove No Interact Flag');
REPLACE INTO `gossip_menu_option` (`menu_id`, `id`, `option_icon`, `option_text`, `option_broadcast_text`, `option_id`, `npc_option_npcflag`, `action_menu_id`, `action_poi_id`, `action_script_id`, `box_coded`, `box_money`, `box_text`, `box_broadcast_text`, `condition_id`) VALUES (20027, 0, 0, 'Interact with the feather.', 0, 1, 0, -1, 0, 20027, 0, 0, NULL, 0, 40826);
DELETE FROM `gossip_scripts` WHERE `id`=20027;
REPLACE INTO `gossip_scripts` (`id`, `delay`, `priority`, `command`, `datalong`, `datalong2`, `datalong3`, `datalong4`, `target_param1`, `target_param2`, `target_type`, `data_flags`, `dataint`, `dataint2`, `dataint3`, `dataint4`, `x`, `y`, `z`, `o`, `condition_id`, `comments`) VALUES
(20027, 0, 0, 10, 61329, 35000, 1, 100, 0, 0, 0, 0, 8, 0, 0, 1, 3731.9851, -3480.2111, 130.8224, 3.3338, 0, 'Second Feather of Medivh: Summon Creature Echo of Medivh'),
(20027, 0, 0, 4, 9, 16, 1, 0, 0, 0, 0, 1, 0, 0, 0, 0, 0, 0, 0, 0, 0, 'Second Feather of Medivh: Add No Interact Flag'),
(20027, 4, 0, 0, 0, 0, 0, 0, 61329, 100, 8, 2, 61194, 0, 0, 0, 0, 0, 0, 0, 0, 'Second Feather of Medivh: Echo of Medivh - Say Text'),
(20027, 14, 0, 0, 0, 0, 0, 0, 61329, 100, 8, 2, 61195, 0, 0, 0, 0, 0, 0, 0, 0, 'Second Feather of Medivh: Echo of Medivh - Say Text'),
(20027, 24, 0, 0, 0, 0, 0, 0, 61329, 100, 8, 2, 61196, 0, 0, 0, 0, 0, 0, 0, 0, 'Second Feather of Medivh: Echo of Medivh - Say Text'),
(20027, 34, 0, 8, 60037, 0, 0, 0, 0, 0, 0, 0, 0, 0, 0, 0, 0, 0, 0, 0, 0, 'Second Feather of Medivh: Give Kill Credit'),
(20027, 35, 0, 4, 9, 16, 2, 0, 0, 0, 0, 1, 0, 0, 0, 0, 0, 0, 0, 0, 0, 'Second Feather of Medivh: Remove No Interact Flag');
REPLACE INTO `gossip_menu_option` (`menu_id`, `id`, `option_icon`, `option_text`, `option_broadcast_text`, `option_id`, `npc_option_npcflag`, `action_menu_id`, `action_poi_id`, `action_script_id`, `box_coded`, `box_money`, `box_text`, `box_broadcast_text`, `condition_id`) VALUES (20028, 0, 0, 'Interact with the feather.', 0, 1, 0, -1, 0, 20028, 0, 0, NULL, 0, 40826);
DELETE FROM `gossip_scripts` WHERE `id`=20028;
REPLACE INTO `gossip_scripts` (`id`, `delay`, `priority`, `command`, `datalong`, `datalong2`, `datalong3`, `datalong4`, `target_param1`, `target_param2`, `target_type`, `data_flags`, `dataint`, `dataint2`, `dataint3`, `dataint4`, `x`, `y`, `z`, `o`, `condition_id`, `comments`) VALUES
(20028, 0, 0, 10, 61329, 35000, 1, 100, 0, 0, 0, 0, 8, 0, 0, 1, -136.6982, -80.8934, 146.3961, 0.6080, 0, 'Third Feather of Medivh: Summon Creature Echo of Medivh'),
(20028, 0, 0, 4, 9, 16, 1, 0, 0, 0, 0, 1, 0, 0, 0, 0, 0, 0, 0, 0, 0, 'Third Feather of Medivh: Add No Interact Flag'),
(20028, 4, 0, 0, 0, 0, 0, 0, 61329, 100, 8, 2, 61197, 0, 0, 0, 0, 0, 0, 0, 0, 'Third Feather of Medivh: Echo of Medivh - Say Text'),
(20028, 14, 0, 0, 0, 0, 0, 0, 61329, 100, 8, 2, 61198, 0, 0, 0, 0, 0, 0, 0, 0, 'Third Feather of Medivh: Echo of Medivh - Say Text'),
(20028, 24, 0, 0, 0, 0, 0, 0, 61329, 100, 8, 2, 61199, 0, 0, 0, 0, 0, 0, 0, 0, 'Third Feather of Medivh: Echo of Medivh - Say Text'),
(20028, 34, 0, 8, 60038, 0, 0, 0, 0, 0, 0, 0, 0, 0, 0, 0, 0, 0, 0, 0, 0, 'Third Feather of Medivh: Give Kill Credit'),
(20028, 35, 0, 4, 9, 16, 2, 0, 0, 0, 0, 1, 0, 0, 0, 0, 0, 0, 0, 0, 0, 'Third Feather of Medivh: Remove No Interact Flag');
REPLACE INTO `gossip_menu_option` (`menu_id`, `id`, `option_icon`, `option_text`, `option_broadcast_text`, `option_id`, `npc_option_npcflag`, `action_menu_id`, `action_poi_id`, `action_script_id`, `box_coded`, `box_money`, `box_text`, `box_broadcast_text`, `condition_id`) VALUES (20029, 0, 0, 'Interact with the feather.', 0, 1, 0, -1, 0, 20029, 0, 0, NULL, 0, 40826);
DELETE FROM `gossip_scripts` WHERE `id`=20029;
REPLACE INTO `gossip_scripts` (`id`, `delay`, `priority`, `command`, `datalong`, `datalong2`, `datalong3`, `datalong4`, `target_param1`, `target_param2`, `target_type`, `data_flags`, `dataint`, `dataint2`, `dataint3`, `dataint4`, `x`, `y`, `z`, `o`, `condition_id`, `comments`) VALUES
(20029, 0, 0, 10, 61329, 45000, 1, 100, 0, 0, 0, 0, 8, 0, 0, 1, 4619.7, -2095.68, 1236.97, 3.3292, 0, 'Fourth Feather of Medivh: Summon Creature Echo of Medivh'),
(20029, 0, 0, 4, 9, 16, 1, 0, 0, 0, 0, 1, 0, 0, 0, 0, 0, 0, 0, 0, 0, 'Fourth Feather of Medivh: Add No Interact Flag'),
(20029, 4, 0, 0, 0, 0, 0, 0, 61329, 100, 8, 2, 61200, 0, 0, 0, 0, 0, 0, 0, 0, 'Fourth Feather of Medivh: Echo of Medivh - Say Text'),
(20029, 14, 0, 0, 0, 0, 0, 0, 61329, 100, 8, 2, 61201, 0, 0, 0, 0, 0, 0, 0, 0, 'Fourth Feather of Medivh: Echo of Medivh - Say Text'),
(20029, 24, 0, 0, 0, 0, 0, 0, 61329, 100, 8, 2, 61202, 0, 0, 0, 0, 0, 0, 0, 0, 'Fourth Feather of Medivh: Echo of Medivh - Say Text'),
(20029, 34, 0, 0, 0, 0, 0, 0, 61329, 100, 8, 2, 61203, 0, 0, 0, 0, 0, 0, 0, 0, 'Fourth Feather of Medivh: Echo of Medivh - Say Text'),
(20029, 44, 0, 8, 60039, 0, 0, 0, 0, 0, 0, 0, 0, 0, 0, 0, 0, 0, 0, 0, 0, 'Fourth Feather of Medivh: Give Kill Credit'),
(20029, 45, 0, 4, 9, 16, 2, 0, 0, 0, 0, 1, 0, 0, 0, 0, 0, 0, 0, 0, 0, 'Fourth Feather of Medivh: Remove No Interact Flag');
