replace INTO creature_template VALUES
(61896, 20604, 0, 0, 0, 0, 'Alix Gres', 'Maison Serendipity', 0, 45, 45, 2217, 2217, 0, 0, 2725, 371, 7, 1, 1.14714, 1, 18, 5, 0, 0, 1, 78, 95, 0, 204, 1, 2000, 2000, 1, 0, 0, 0, 0, 0, 0, 0, 63.7824, 87.7008, 100, 7, 0, 0, 0, 0, 0, 0, 0, 0, 0, 0, 0, 0, 0, 0, 0, 0, 0, NULL, 84, 115, 'EventAI', 0, 3, 0, 0, 3, 0, 0, 0, 0, 0, 0, 0, 0, ''),
(61897, 20602, 0, 0, 0, 0, 'Dior Lagerfield', 'Maison Serendipity', 0, 20, 20, 629, 629, 0, 0, 852, 371, 4, 1, 1.14286, 1, 18, 5, 0, 0, 1, 26, 22, 0, 90, 1, 2000, 2000, 1, 0, 0, 0, 0, 0, 0, 0, 30.096, 41.382, 100, 7, 0, 0, 0, 0, 0, 0, 0, 0, 0, 0, 0, 0, 0, 0, 0, 0, 0, NULL, 0, 0, 'EventAI', 0, 3, 0, 0, 3, 0, 0, 0, 0, 0, 0, 0, 0, ''),
(61898, 20601, 0, 0, 0, 0, 'Lili St. Laurent', 'Maison Serendipity', 0, 20, 20, 629, 629, 0, 0, 852, 12, 4, 1, 1.14286, 1, 18, 5, 0, 0, 1, 26, 22, 0, 90, 1, 2000, 2000, 1, 0, 0, 0, 0, 0, 0, 0, 30.096, 41.382, 100, 7, 0, 0, 0, 0, 0, 0, 0, 0, 0, 0, 0, 0, 0, 0, 0, 0, 0, NULL, 0, 0, 'EventAI', 0, 3, 0, 0, 3, 0, 0, 0, 0, 0, 0, 0, 0, ''),
(61899, 13730, 0, 0, 0, 0, 'Mr.Freeze', NULL, 0, 20, 20, 629, 629, 0, 0, 852, 35, 4, 1, 1.14286, 1.5, 18, 5, 0, 0, 1, 26, 22, 0, 90, 1, 2000, 2000, 1, 0, 0, 0, 0, 0, 0, 0, 30.096, 41.382, 100, 0, 0, 0, 0, 0, 0, 0, 0, 0, 0, 0, 0, 0, 0, 0, 0, 0, 0, NULL, 0, 0, 'EventAI', 0, 3, 0, 0, 3, 0, 0, 0, 0, 0, 0, 0, 0, ''),
(61900, 20598, 0, 0, 0, 0, 'Valentino Westwood', 'Maison Serendipity', 0, 20, 20, 629, 629, 0, 0, 852, 68, 4, 1, 1.14286, 1, 18, 5, 0, 0, 1, 26, 22, 0, 90, 1, 2000, 2000, 1, 0, 0, 0, 0, 0, 0, 0, 30.096, 41.382, 100, 7, 0, 0, 0, 0, 0, 0, 0, 0, 0, 0, 0, 0, 0, 0, 0, 0, 0, NULL, 0, 0, 'EventAI', 0, 3, 0, 0, 3, 0, 0, 0, 0, 0, 0, 0, 0, ''),
(61901, 20599, 0, 0, 0, 0, 'Stella de Givenchy', 'Maison Serendipity', 0, 20, 20, 629, 629, 0, 0, 852, 68, 4, 1, 1.14286, 1, 18, 5, 0, 0, 1, 26, 22, 0, 90, 1, 2000, 2000, 1, 0, 0, 0, 0, 0, 0, 0, 30.096, 41.382, 100, 7, 0, 0, 0, 0, 0, 0, 0, 0, 0, 0, 0, 0, 0, 0, 0, 0, 0, NULL, 0, 0, 'EventAI', 0, 3, 0, 0, 3, 0, 0, 0, 0, 0, 0, 0, 0, ''),
(61902, 20600, 0, 0, 0, 0, 'Coco Gucci', 'Maison Serendipity', 0, 45, 45, 2217, 2217, 0, 0, 2725, 1682, 7, 1, 1.14714, 1, 18, 5, 0, 0, 1, 78, 95, 0, 204, 1, 2000, 2000, 1, 0, 0, 0, 0, 0, 0, 0, 63.7824, 87.7008, 100, 7, 0, 0, 0, 0, 0, 0, 0, 0, 0, 0, 0, 0, 0, 0, 0, 0, 0, NULL, 84, 115, 'EventAI', 0, 3, 0, 0, 3, 0, 0, 0, 0, 0, 0, 0, 0, ''),
(61903, 20603, 0, 0, 0, 0, 'Vera Lauren', 'Maison Serendipity', 0, 35, 35, 1342, 1342, 0, 0, 1373, 35, 3, 1, 1.14286, 1, 18, 5, 0, 0, 1, 51, 65, 0, 138, 1, 2000, 2000, 1, 0, 0, 0, 0, 0, 0, 0, 51.128, 70.301, 100, 7, 0, 0, 0, 0, 0, 0, 0, 0, 0, 0, 0, 0, 0, 0, 0, 0, 0, NULL, 0, 0, 'EventAI', 0, 3, 0, 0, 3, 0, 0, 0, 0, 0, 0, 0, 0, ''),
(61904, 20605, 0, 0, 0, 0, 'Ralph Jacobs', 'Maison Serendipity', 0, 35, 35, 1342, 1342, 0, 0, 1373, 35, 3, 1, 1.14286, 1, 18, 5, 0, 0, 1, 51, 65, 0, 138, 1, 2000, 2000, 1, 0, 0, 0, 0, 0, 0, 0, 51.128, 70.301, 100, 7, 0, 0, 0, 0, 0, 0, 0, 0, 0, 0, 0, 0, 0, 0, 0, 0, 0, NULL, 0, 0, 'EventAI', 0, 3, 0, 0, 3, 0, 0, 0, 0, 0, 0, 0, 0, '');

set @equip_template = 20509; set @weapon_1 = 12751; set @weapon_2 = 0; set @weapon_3 = 0; set @creature = 61896;
replace into creature_equip_template values (@equip_template, @weapon_1, @weapon_2, @weapon_3);
update creature_template set equipment_id = @equip_template where entry = @creature;

set @gossip_menu_id = 41600; set @magic_number = 61904;
replace into gossip_menu (entry, text_id, condition_id) VALUES (@gossip_menu_id, @magic_number, '0'); 
replace into broadcast_text (entry, Male_Text) values (@magic_number, 'The snow always makes me feel festive. Even with my cold, dark soul.');
replace into npc_text (ID, BroadcastTextID0) values (@magic_number, @magic_number);
update creature_template set gossip_menu_id = @gossip_menu_id where entry = @magic_number;

set @gossip_menu_id = 41599; set @magic_number = 61903;
replace into gossip_menu (entry, text_id, condition_id) VALUES (@gossip_menu_id, @magic_number, '0'); 
replace into broadcast_text (entry, Male_Text) values (@magic_number, 'There is no better way to get into the festive spirit than to dress appropriately!');
replace into npc_text (ID, BroadcastTextID0) values (@magic_number, @magic_number);
update creature_template set gossip_menu_id = @gossip_menu_id where entry = @magic_number;

set @gossip_menu_id = 41598; set @magic_number = 61902;
replace into gossip_menu (entry, text_id, condition_id) VALUES (@gossip_menu_id, @magic_number, '0'); 
replace into broadcast_text (entry, Male_Text) values (@magic_number, 'There\'s a thing or two to know about fashion darling. If you aren\'t sporting some designer brands or the newest most up to date threads you\'re not fashionable, it\'s that easy.$B$BI promise if you take one look at what we have, you\'ll be blown away by our quality!');
replace into npc_text (ID, BroadcastTextID0) values (@magic_number, @magic_number);
update creature_template set gossip_menu_id = @gossip_menu_id where entry = @magic_number;

set @gossip_menu_id = 41597; set @magic_number = 61896;
replace into gossip_menu (entry, text_id, condition_id) VALUES (@gossip_menu_id, @magic_number, '0'); 
replace into broadcast_text (entry, Male_Text) values (@magic_number, 'Welcome, darling! In the mood for some new threads? Let me get my measuring tape...');
replace into npc_text (ID, BroadcastTextID0) values (@magic_number, @magic_number);
update creature_template set gossip_menu_id = @gossip_menu_id where entry = @magic_number;

-- Vendor list: Coco Gucci.
replace INTO npc_vendor (`entry`, `item`, `maxcount`, `incrtime`, `itemflags`, `condition_id`) VALUES
(61902, 69153, 0, 0, 0, 0),
(61902, 69154, 0, 0, 0, 0),
(61902, 69155, 0, 0, 0, 0),
(61902, 69156, 0, 0, 0, 0),
(61902, 69157, 0, 0, 0, 0),
(61902, 69158, 0, 0, 0, 0),
(61902, 69159, 0, 0, 0, 0),
(61902, 69160, 0, 0, 0, 0),
(61902, 69161, 0, 0, 0, 0),
(61902, 69162, 0, 0, 0, 0),
(61902, 69163, 0, 0, 0, 0),
(61902, 69164, 0, 0, 0, 0),
(61902, 69165, 0, 0, 0, 0),
(61902, 41258, 0, 0, 0, 0),
(61902, 41259, 0, 0, 0, 0);

-- Vendor list: Stella de Givenchy.
replace INTO npc_vendor (`entry`, `item`, `maxcount`, `incrtime`, `itemflags`, `condition_id`) VALUES
(61901, 69133, 0, 0, 0, 0),
(61901, 69134, 0, 0, 0, 0),
(61901, 69135, 0, 0, 0, 0),
(61901, 69136, 0, 0, 0, 0),
(61901, 69137, 0, 0, 0, 0),
(61901, 69138, 0, 0, 0, 0),
(61901, 69139, 0, 0, 0, 0),
(61901, 69140, 0, 0, 0, 0),
(61901, 69141, 0, 0, 0, 0),
(61901, 69142, 0, 0, 0, 0),
(61901, 69143, 0, 0, 0, 0),
(61901, 69144, 0, 0, 0, 0),
(61901, 69145, 0, 0, 0, 0);

-- Vendor list: Valentino Westwood.
replace INTO npc_vendor (`entry`, `item`, `maxcount`, `incrtime`, `itemflags`, `condition_id`) VALUES
(61900, 41210, 0, 0, 0, 0),
(61900, 41211, 0, 0, 0, 0),
(61900, 41212, 0, 0, 0, 0),
(61900, 41213, 0, 0, 0, 0),
(61900, 41214, 0, 0, 0, 0),
(61900, 41215, 0, 0, 0, 0),
(61900, 41216, 0, 0, 0, 0),
(61900, 41217, 0, 0, 0, 0),
(61900, 41218, 0, 0, 0, 0),
(61900, 41219, 0, 0, 0, 0),
(61900, 41220, 0, 0, 0, 0),
(61900, 41221, 0, 0, 0, 0),
(61900, 41222, 0, 0, 0, 0),
(61900, 41223, 0, 0, 0, 0),
(61900, 41224, 0, 0, 0, 0),
(61900, 41225, 0, 0, 0, 0),
(61900, 41226, 0, 0, 0, 0),
(61900, 41227, 0, 0, 0, 0),
(61900, 41228, 0, 0, 0, 0),
(61900, 41229, 0, 0, 0, 0),
(61900, 41230, 0, 0, 0, 0),
(61900, 41231, 0, 0, 0, 0),
(61900, 41232, 0, 0, 0, 0),
(61900, 41233, 0, 0, 0, 0),
(61900, 41234, 0, 0, 0, 0),
(61900, 41235, 0, 0, 0, 0),
(61900, 41236, 0, 0, 0, 0),
(61900, 41237, 0, 0, 0, 0),
(61900, 41238, 0, 0, 0, 0),
(61900, 41239, 0, 0, 0, 0),
(61900, 41240, 0, 0, 0, 0),
(61900, 41241, 0, 0, 0, 0),
(61900, 41242, 0, 0, 0, 0),
(61900, 41243, 0, 0, 0, 0),
(61900, 41244, 0, 0, 0, 0),
(61900, 41245, 0, 0, 0, 0),
(61900, 41246, 0, 0, 0, 0),
(61900, 41247, 0, 0, 0, 0),
(61900, 41248, 0, 0, 0, 0),
(61900, 41249, 0, 0, 0, 0),
(61900, 41250, 0, 0, 0, 0),
(61900, 41251, 0, 0, 0, 0),
(61900, 41252, 0, 0, 0, 0),
(61900, 41253, 0, 0, 0, 0),
(61900, 41254, 0, 0, 0, 0),
(61900, 41255, 0, 0, 0, 0),
(61900, 41256, 0, 0, 0, 0),
(61900, 41257, 0, 0, 0, 0),
(61900, 41260, 0, 0, 0, 0),
(61900, 41261, 0, 0, 0, 0),
(61900, 41262, 0, 0, 0, 0),
(61900, 41263, 0, 0, 0, 0),
(61900, 41264, 0, 0, 0, 0),
(61900, 41265, 0, 0, 0, 0),
(61900, 41266, 0, 0, 0, 0),
(61900, 41267, 0, 0, 0, 0),
(61900, 41268, 0, 0, 0, 0),
(61900, 41269, 0, 0, 0, 0),
(61900, 41270, 0, 0, 0, 0),
(61900, 41271, 0, 0, 0, 0),
(61900, 41272, 0, 0, 0, 0),
(61900, 41273, 0, 0, 0, 0),
(61900, 41274, 0, 0, 0, 0),
(61900, 41275, 0, 0, 0, 0),
(61900, 41276, 0, 0, 0, 0),
(61900, 41277, 0, 0, 0, 0),
(61900, 41278, 0, 0, 0, 0),
(61900, 41279, 0, 0, 0, 0),
(61900, 41280, 0, 0, 0, 0),
(61900, 41281, 0, 0, 0, 0),
(61900, 41282, 0, 0, 0, 0),
(61900, 41283, 0, 0, 0, 0),
(61900, 41284, 0, 0, 0, 0),
(61900, 41285, 0, 0, 0, 0),
(61900, 41286, 0, 0, 0, 0),
(61900, 41287, 0, 0, 0, 0),
(61900, 41288, 0, 0, 0, 0),
(61900, 41289, 0, 0, 0, 0),
(61900, 41290, 0, 0, 0, 0),
(61900, 41291, 0, 0, 0, 0),
(61900, 41292, 0, 0, 0, 0),
(61900, 41293, 0, 0, 0, 0),
(61900, 41294, 0, 0, 0, 0),
(61900, 41295, 0, 0, 0, 0);

-- Vendor list: Lili St. Laurent.
replace INTO npc_vendor (`entry`, `item`, `maxcount`, `incrtime`, `itemflags`, `condition_id`) VALUES
(61899, 41078, 0, 0, 0, 0),
(61899, 41079, 0, 0, 0, 0),
(61899, 41080, 0, 0, 0, 0),
(61899, 41081, 0, 0, 0, 0),
(61899, 41082, 0, 0, 0, 0),
(61899, 41083, 0, 0, 0, 0),
(61899, 41084, 0, 0, 0, 0),
(61899, 41085, 0, 0, 0, 0),
(61899, 41086, 0, 0, 0, 0),
(61899, 41087, 0, 0, 0, 0),
(61899, 41088, 0, 0, 0, 0),
(61899, 41089, 0, 0, 0, 0),
(61899, 41090, 0, 0, 0, 0),
(61899, 41093, 0, 0, 0, 0),
(61899, 41094, 0, 0, 0, 0),
(61899, 41095, 0, 0, 0, 0),
(61899, 41099, 0, 0, 0, 0),
(61899, 41100, 0, 0, 0, 0),
(61899, 41101, 0, 0, 0, 0),
(61899, 41102, 0, 0, 0, 0);

-- Vendor list: Lili St. Laurent.
replace INTO npc_vendor (`entry`, `item`, `maxcount`, `incrtime`, `itemflags`, `condition_id`) VALUES
(61898, 69133, 0, 0, 0, 0),
(61898, 69134, 0, 0, 0, 0),
(61898, 69135, 0, 0, 0, 0),
(61898, 69136, 0, 0, 0, 0),
(61898, 69137, 0, 0, 0, 0),
(61898, 69138, 0, 0, 0, 0),
(61898, 69139, 0, 0, 0, 0),
(61898, 69140, 0, 0, 0, 0),
(61898, 69141, 0, 0, 0, 0),
(61898, 69142, 0, 0, 0, 0),
(61898, 69143, 0, 0, 0, 0),
(61898, 69144, 0, 0, 0, 0),
(61898, 69145, 0, 0, 0, 0);

-- Vendor list: Dior Lagerfield.
replace INTO npc_vendor (`entry`, `item`, `maxcount`, `incrtime`, `itemflags`, `condition_id`) VALUES
(61897, 41210, 0, 0, 0, 0),
(61897, 41211, 0, 0, 0, 0),
(61897, 41212, 0, 0, 0, 0),
(61897, 41213, 0, 0, 0, 0),
(61897, 41214, 0, 0, 0, 0),
(61897, 41215, 0, 0, 0, 0),
(61897, 41216, 0, 0, 0, 0),
(61897, 41217, 0, 0, 0, 0),
(61897, 41218, 0, 0, 0, 0),
(61897, 41219, 0, 0, 0, 0),
(61897, 41220, 0, 0, 0, 0),
(61897, 41221, 0, 0, 0, 0),
(61897, 41222, 0, 0, 0, 0),
(61897, 41223, 0, 0, 0, 0),
(61897, 41224, 0, 0, 0, 0),
(61897, 41225, 0, 0, 0, 0),
(61897, 41226, 0, 0, 0, 0),
(61897, 41227, 0, 0, 0, 0),
(61897, 41228, 0, 0, 0, 0),
(61897, 41229, 0, 0, 0, 0),
(61897, 41230, 0, 0, 0, 0),
(61897, 41231, 0, 0, 0, 0),
(61897, 41232, 0, 0, 0, 0),
(61897, 41233, 0, 0, 0, 0),
(61897, 41234, 0, 0, 0, 0),
(61897, 41235, 0, 0, 0, 0),
(61897, 41236, 0, 0, 0, 0),
(61897, 41237, 0, 0, 0, 0),
(61897, 41238, 0, 0, 0, 0),
(61897, 41239, 0, 0, 0, 0),
(61897, 41240, 0, 0, 0, 0),
(61897, 41241, 0, 0, 0, 0),
(61897, 41242, 0, 0, 0, 0),
(61897, 41243, 0, 0, 0, 0),
(61897, 41244, 0, 0, 0, 0),
(61897, 41245, 0, 0, 0, 0),
(61897, 41246, 0, 0, 0, 0),
(61897, 41247, 0, 0, 0, 0),
(61897, 41248, 0, 0, 0, 0),
(61897, 41249, 0, 0, 0, 0),
(61897, 41250, 0, 0, 0, 0),
(61897, 41251, 0, 0, 0, 0),
(61897, 41252, 0, 0, 0, 0),
(61897, 41253, 0, 0, 0, 0),
(61897, 41254, 0, 0, 0, 0),
(61897, 41255, 0, 0, 0, 0),
(61897, 41256, 0, 0, 0, 0),
(61897, 41257, 0, 0, 0, 0),
(61897, 41260, 0, 0, 0, 0),
(61897, 41261, 0, 0, 0, 0),
(61897, 41262, 0, 0, 0, 0),
(61897, 41263, 0, 0, 0, 0),
(61897, 41264, 0, 0, 0, 0),
(61897, 41265, 0, 0, 0, 0),
(61897, 41266, 0, 0, 0, 0),
(61897, 41267, 0, 0, 0, 0),
(61897, 41268, 0, 0, 0, 0),
(61897, 41269, 0, 0, 0, 0),
(61897, 41270, 0, 0, 0, 0),
(61897, 41271, 0, 0, 0, 0),
(61897, 41272, 0, 0, 0, 0),
(61897, 41273, 0, 0, 0, 0),
(61897, 41274, 0, 0, 0, 0),
(61897, 41275, 0, 0, 0, 0),
(61897, 41276, 0, 0, 0, 0),
(61897, 41277, 0, 0, 0, 0),
(61897, 41278, 0, 0, 0, 0),
(61897, 41279, 0, 0, 0, 0),
(61897, 41280, 0, 0, 0, 0),
(61897, 41281, 0, 0, 0, 0),
(61897, 41282, 0, 0, 0, 0),
(61897, 41283, 0, 0, 0, 0),
(61897, 41284, 0, 0, 0, 0),
(61897, 41285, 0, 0, 0, 0),
(61897, 41286, 0, 0, 0, 0),
(61897, 41287, 0, 0, 0, 0),
(61897, 41288, 0, 0, 0, 0),
(61897, 41289, 0, 0, 0, 0),
(61897, 41290, 0, 0, 0, 0),
(61897, 41291, 0, 0, 0, 0),
(61897, 41292, 0, 0, 0, 0),
(61897, 41293, 0, 0, 0, 0),
(61897, 41294, 0, 0, 0, 0),
(61897, 41295, 0, 0, 0, 0);

-- Vendor list: Alix Gres.
replace INTO npc_vendor (`entry`, `item`, `maxcount`, `incrtime`, `itemflags`, `condition_id`) VALUES
(61896, 69153, 0, 0, 0, 0),
(61896, 69154, 0, 0, 0, 0),
(61896, 69155, 0, 0, 0, 0),
(61896, 69156, 0, 0, 0, 0),
(61896, 69157, 0, 0, 0, 0),
(61896, 69158, 0, 0, 0, 0),
(61896, 69159, 0, 0, 0, 0),
(61896, 69160, 0, 0, 0, 0),
(61896, 69161, 0, 0, 0, 0),
(61896, 69162, 0, 0, 0, 0),
(61896, 69163, 0, 0, 0, 0),
(61896, 69164, 0, 0, 0, 0),
(61896, 69165, 0, 0, 0, 0),
(61896, 41258, 0, 0, 0, 0),
(61896, 41259, 0, 0, 0, 0);

-- Alliance christmas quests for REN:
-- Restocking the Stockings
delete from quest_template where entry = 41268;
replace into quest_template (prevquestid, entry, method, zoneorsort, questlevel, minlevel, questflags, specialflags, title, details, objectives, requestitemstext, offerrewardtext, reqitemid1, reqitemcount1, reqitemid2, reqitemcount2, reqitemid3, reqitemcount3, reqitemid4, reqitemcount4, reqcreatureorgoid1, reqcreatureorgocount1, reqcreatureorgoid2, reqcreatureorgocount2, reqcreatureorgoid3, reqcreatureorgocount3, reqcreatureorgoid4, reqcreatureorgocount4, srcitemid, srcitemcount, reworreqmoney, RewMoneyMaxLevel, rewxp, rewrepfaction1, rewrepvalue1,  rewrepfaction2, rewrepvalue2, rewrepfaction3, rewrepvalue3, rewrepfaction4, rewrepvalue4, rewspell, rewspellcast, completeemote, rewitemid1, rewitemcount1, rewitemid2, rewitemcount2, rewitemid3, rewitemcount3, rewitemid4, rewitemcount4, rewchoiceitemid1, rewchoiceitemcount1, rewchoiceitemid2, rewchoiceitemcount2, rewchoiceitemid3, rewchoiceitemcount3, rewchoiceitemid4, rewchoiceitemcount4,requiredminrepfaction,requiredminrepvalue,objectivetext1) values (0,41268,2,5130,35,20,0,0,'Restocking the Stockings','Oh no, you\'ve come looking for the Maison Serendipity Winter Veil clothing too? Well, it\'s embarrassing, but...I\'m completely sold out at the moment! You see, Rouge magazine just did an article about us and, well... we didn\'t expect such a rush! $B$BI need to get word back to the shop that I need a new shipment, but I really shouldn\'t leave my post. You know, judging by your clothing, you seem a well-traveled sort. Could you just run back to Stormwind and ask them to send me more product? The atelier is in the Park, near the entrance. Just ask for Madame Gres and let her know the situation. She\'ll get it handled!','Travel to the Atelier Serendipity shop in Stormwind Park and ask Alix Gres to send Vera Lauren a new shipment of clothes.','Yes? I am Madame Gres. How may I assist you?','Vera sold out already, did she? Well, I suppose we should have been prepared for such a possibility, but you simply can\'t rush couture. You wouldn\'t want your festive fashion to look like you bought prêt-à-porter Undermine Outfitters, hmm? There\'s just one little problem...',0,0,0,0,0,0,0,0, 0,0,0,0,0,0,0,0, 0,0, 0,1500,250, 0,0,0,0,0,0,0,0, 0,0,0, 0,0,0,0,0,0,0,0, 0,0,0,0,0,0,0,0, 0,0,'');

replace into creature_questrelation		(id, quest) values (61903, 41268);
replace into creature_involvedrelation  (id, quest) values (61896, 41268);
update quest_template set requiredraces = 589		 where entry = 41268;

-- \'Fair Trade\' Is Not Legally Defined in Azeroth
delete from quest_template where entry = 41269;
replace into quest_template (prevquestid, entry, method, zoneorsort, questlevel, minlevel, questflags, specialflags, title, details, objectives, requestitemstext, offerrewardtext, reqitemid1, reqitemcount1, reqitemid2, reqitemcount2, reqitemid3, reqitemcount3, reqitemid4, reqitemcount4, reqcreatureorgoid1, reqcreatureorgocount1, reqcreatureorgoid2, reqcreatureorgocount2, reqcreatureorgoid3, reqcreatureorgocount3, reqcreatureorgoid4, reqcreatureorgocount4, srcitemid, srcitemcount, reworreqmoney, RewMoneyMaxLevel, rewxp, rewrepfaction1, rewrepvalue1,  rewrepfaction2, rewrepvalue2, rewrepfaction3, rewrepvalue3, rewrepfaction4, rewrepvalue4, rewspell, rewspellcast, completeemote, rewitemid1, rewitemcount1, rewitemid2, rewitemcount2, rewitemid3, rewitemcount3, rewitemid4, rewitemcount4, rewchoiceitemid1, rewchoiceitemcount1, rewchoiceitemid2, rewchoiceitemcount2, rewchoiceitemid3, rewchoiceitemcount3, rewchoiceitemid4, rewchoiceitemcount4,requiredminrepfaction,requiredminrepvalue,objectivetext1) values (41268,41269,2,5130,35,20,0,0,'\'Fair Trade\' Is Not Legally Defined in Azeroth','I\'d be just delighted to send Vera more, except...well, darling, do you know how much fur we go through for the trimming? And not just any fur- genuine 100% free-range Alterac Yeti fur! It\'s the warmest. Unfortunately, we are all out and our suppliers are being difficult- something about a shortage and a snowman? Anyway, I- oh don\'t take this the wrong way, darling, but your outfit certainly makes a statement. And that statement is, oh, shall we say...\'experienced in the art of combat.\'$B$BI don\'t suppose you\'d be a dear and just go to Alterac and fetch me some fresh yeti hides? The yetis may be a bit reluctant to part with their hides, but I\'m sure you can manage. I\'ll need about ten of the finest, fluffiest, preferably cleanest furry hides.','Travel to the Atelier Serendipity shop in Stormwind Park and ask Alix Gres to send Vera Lauren a new shipment of clothes.','You know, orange is the new purple this season. Have you considered updating your wardrobe, darling?','Welcome back, darling! And you brought me the hides! Aren\'t you just a dear. Why, we\'ll have these cleaned, tanned, optically whitened, and attached in no time! Well, relatively speaking of course. You can\'t rush couture after all.',41294,10,0,0,0,0,0,0, 0,0,0,0,0,0,0,0, 0,0, 0,11700,1950, 0,0,0,0,0,0,0,0, 0,0,0, 0,0,0,0,0,0,0,0, 0,0,0,0,0,0,0,0, 0,0,'');

replace into creature_questrelation		(id, quest) values (61896, 41269);
replace into creature_involvedrelation  (id, quest) values (61896, 41269);
update quest_template set requiredraces = 589		 where entry = 41269;

replace into item_template (entry, display_id, name, class, quality, flags, buy_count, allowable_class, allowable_race, item_level, stackable, spellcooldown_1, spellcategorycooldown_1, spellcooldown_2, spellcategorycooldown_2, bonding, description, page_text, material) values
(41294,18169,'Fine Free-Range Alterac Yeti Hide',12,1,2048,1,-1,-1,1,10,-1,-1,-1,-1,4,'Wild-harvested Fair Trade!',0,8);

replace into creature_loot_template values
(2251,41294,-80,0,1,1,0);

-- Fresh Clothes For Winterveil!
delete from quest_template where entry = 41270;
replace into quest_template (prevquestid, entry, method, zoneorsort, questlevel, minlevel, questflags, specialflags, title, details, objectives, requestitemstext, offerrewardtext, reqitemid1, reqitemcount1, reqitemid2, reqitemcount2, reqitemid3, reqitemcount3, reqitemid4, reqitemcount4, reqcreatureorgoid1, reqcreatureorgocount1, reqcreatureorgoid2, reqcreatureorgocount2, reqcreatureorgoid3, reqcreatureorgocount3, reqcreatureorgoid4, reqcreatureorgocount4, srcitemid, srcitemcount, reworreqmoney, RewMoneyMaxLevel, rewxp, rewrepfaction1, rewrepvalue1,  rewrepfaction2, rewrepvalue2, rewrepfaction3, rewrepvalue3, rewrepfaction4, rewrepvalue4, rewspell, rewspellcast, completeemote, rewitemid1, rewitemcount1, rewitemid2, rewitemcount2, rewitemid3, rewitemcount3, rewitemid4, rewitemcount4, rewchoiceitemid1, rewchoiceitemcount1, rewchoiceitemid2, rewchoiceitemcount2, rewchoiceitemid3, rewchoiceitemcount3, rewchoiceitemid4, rewchoiceitemcount4,requiredminrepfaction,requiredminrepvalue,objectivetext1) values (41269,41270,2,5130,35,20,0,0,'Fresh Clothes For Winterveil!','You did well getting everything that I needed darling. While you were away I sent a fresh batch of some of our best thread to Winterveil. It would be a shame if everyone were not dressed as fashionable as possible. Head to Vera, she should be very thankful.','Return to Winterveil Vale and speak with Vera Lauren','Yes?','Oh hello again, I heard word from Alix that she had received her hides, she already sent some stuff ahead early. You can speak with Mr.Freeze here, he keeps our stock of goods.',0,0,0,0,0,0,0,0, 0,0,0,0,0,0,0,0, 0,0, 0,900,150, 0,0,0,0,0,0,0,0, 0,0,0, 0,0,0,0,0,0,0,0, 0,0,0,0,0,0,0,0, 0,0,'');

replace into creature_questrelation		(id, quest) values (61896, 41270);
replace into creature_involvedrelation  (id, quest) values (61903, 41270);
update quest_template set requiredraces = 589		 where entry = 41270;

-- HORDE christmas quests for REN copy:
-- Restocking the Stockings
delete from quest_template where entry = 41271;
replace into quest_template (prevquestid, entry, method, zoneorsort, questlevel, minlevel, questflags, specialflags, title, details, objectives, requestitemstext, offerrewardtext, reqitemid1, reqitemcount1, reqitemid2, reqitemcount2, reqitemid3, reqitemcount3, reqitemid4, reqitemcount4, reqcreatureorgoid1, reqcreatureorgocount1, reqcreatureorgoid2, reqcreatureorgocount2, reqcreatureorgoid3, reqcreatureorgocount3, reqcreatureorgoid4, reqcreatureorgocount4, srcitemid, srcitemcount, reworreqmoney, RewMoneyMaxLevel, rewxp, rewrepfaction1, rewrepvalue1,  rewrepfaction2, rewrepvalue2, rewrepfaction3, rewrepvalue3, rewrepfaction4, rewrepvalue4, rewspell, rewspellcast, completeemote, rewitemid1, rewitemcount1, rewitemid2, rewitemcount2, rewitemid3, rewitemcount3, rewitemid4, rewitemcount4, rewchoiceitemid1, rewchoiceitemcount1, rewchoiceitemid2, rewchoiceitemcount2, rewchoiceitemid3, rewchoiceitemcount3, rewchoiceitemid4, rewchoiceitemcount4,requiredminrepfaction,requiredminrepvalue,objectivetext1) values (0,41271,2,5130,35,20,0,0,'Restocking the Stockings','Gah, you\'ve come looking for the Maison Serendipity Winter Veil clothing too? Well, I\'m sorry to say but you\'re a bit late. I\'m completely sold out at the moment. That Rouge magazine just did an article about us and, well... I didn\'t expect such a rush.$B$BI need to get word back to the shop that I need a new shipment, but I\'m not supposed to leave my post. Hey, judging by your clothing, you seem a well-traveled sort. If you could just run back to Undercity and ask them to send me more product? The atelier is in the Apothecarium, near the Enchanting shop. Just ask for Coco and let her know the situation. She\'ll fix this mess!','Travel to the Atelier Serendipity shop in the Undercity Apothecarium shopping area and ask Coco to send Ralph Jacobs a new shipment of clothes.','You\'re looking for Coco? That\'s me, darling, what can I do for you?','Ralph sold out already, did he? Well, I suppose we should have been prepared for such a possibility, but you simply can\'t rush couture. You wouldn\'t want your festive fashion to look like you bought prêt-à-porter Undermine Outfitters, hmm? There\'s just one little problem...',0,0,0,0,0,0,0,0, 0,0,0,0,0,0,0,0, 0,0, 0,1500,250, 0,0,0,0,0,0,0,0, 0,0,0, 0,0,0,0,0,0,0,0, 0,0,0,0,0,0,0,0, 0,0,'');

replace into creature_questrelation		(id, quest) values (61904, 41271);
replace into creature_involvedrelation  (id, quest) values (61902, 41271);
update quest_template set requiredraces = 434		 where entry = 41271;

-- \'Fair Trade\' Is Not Legally Defined in Azeroth
delete from quest_template where entry = 41272;
replace into quest_template (prevquestid, entry, method, zoneorsort, questlevel, minlevel, questflags, specialflags, title, details, objectives, requestitemstext, offerrewardtext, reqitemid1, reqitemcount1, reqitemid2, reqitemcount2, reqitemid3, reqitemcount3, reqitemid4, reqitemcount4, reqcreatureorgoid1, reqcreatureorgocount1, reqcreatureorgoid2, reqcreatureorgocount2, reqcreatureorgoid3, reqcreatureorgocount3, reqcreatureorgoid4, reqcreatureorgocount4, srcitemid, srcitemcount, reworreqmoney, RewMoneyMaxLevel, rewxp, rewrepfaction1, rewrepvalue1,  rewrepfaction2, rewrepvalue2, rewrepfaction3, rewrepvalue3, rewrepfaction4, rewrepvalue4, rewspell, rewspellcast, completeemote, rewitemid1, rewitemcount1, rewitemid2, rewitemcount2, rewitemid3, rewitemcount3, rewitemid4, rewitemcount4, rewchoiceitemid1, rewchoiceitemcount1, rewchoiceitemid2, rewchoiceitemcount2, rewchoiceitemid3, rewchoiceitemcount3, rewchoiceitemid4, rewchoiceitemcount4,requiredminrepfaction,requiredminrepvalue,objectivetext1) values (41271,41272,2,5130,35,20,0,0,'\'Fair Trade\' Is Not Legally Defined in Azeroth','I\'d be just delighted to send Ralph more, except...well, darling, do you know how much fur we go through for the trimming? And not just any fur- genuine 100% free-range Alterac Yeti fur! It\'s the warmest. Unfortunately, we are all out and our suppliers are being difficult- something about a shortage and a snowman? Anyway, I- oh don\'t take this the wrong way, darling, but your outfit certainly makes a statement. That statement is, oh, shall we say...\'experienced in the art of combat.\'$B$BI don\'t suppose you\'d be a dear and just go to Alterac and fetch me some fresh yeti hides? The yetis may be a bit reluctant to part with their hides, but I\'m sure you can manage. I\'ll need about ten of the finest, fluffiest, preferably cleanest furry hides.','Travel to the Atelier Serendipity shop in the Undercity Apothecarium shopping area and ask Coco to send Ralph Jacobs a new shipment of clothes.','You know, orange is the new purple this season. Have you considered updating your wardrobe, darling?','Welcome back, darling! And you brought me the hides! Aren\'t you just a dear. Why, we\'ll have these cleaned, tanned, optically whitened, and attached in no time! Well, relatively speaking of course. You can\'t rush couture after all.$B$BI suppose I owe you your supplier\'s fee. And if you happen to see Ralph, do let him know to expect a shipment. I would check back with him sooner rather than later- the early bird sets the trend, you know.',41294,10,0,0,0,0,0,0, 0,0,0,0,0,0,0,0, 0,0, 0,11700,1950, 0,0,0,0,0,0,0,0, 0,0,0, 0,0,0,0,0,0,0,0, 0,0,0,0,0,0,0,0, 0,0,'');

replace into creature_questrelation		(id, quest) values (61902, 41272);
replace into creature_involvedrelation  (id, quest) values (61902, 41272);
update quest_template set requiredraces = 434		 where entry = 41272;

-- Fresh Clothes For Winterveil!
delete from quest_template where entry = 41273;
replace into quest_template (prevquestid, entry, method, zoneorsort, questlevel, minlevel, questflags, specialflags, title, details, objectives, requestitemstext, offerrewardtext, reqitemid1, reqitemcount1, reqitemid2, reqitemcount2, reqitemid3, reqitemcount3, reqitemid4, reqitemcount4, reqcreatureorgoid1, reqcreatureorgocount1, reqcreatureorgoid2, reqcreatureorgocount2, reqcreatureorgoid3, reqcreatureorgocount3, reqcreatureorgoid4, reqcreatureorgocount4, srcitemid, srcitemcount, reworreqmoney, RewMoneyMaxLevel, rewxp, rewrepfaction1, rewrepvalue1,  rewrepfaction2, rewrepvalue2, rewrepfaction3, rewrepvalue3, rewrepfaction4, rewrepvalue4, rewspell, rewspellcast, completeemote, rewitemid1, rewitemcount1, rewitemid2, rewitemcount2, rewitemid3, rewitemcount3, rewitemid4, rewitemcount4, rewchoiceitemid1, rewchoiceitemcount1, rewchoiceitemid2, rewchoiceitemcount2, rewchoiceitemid3, rewchoiceitemcount3, rewchoiceitemid4, rewchoiceitemcount4,requiredminrepfaction,requiredminrepvalue,objectivetext1) values (41272,41273,2,5130,35,20,0,0,'Fresh Clothes For Winterveil!','You did well getting everything that I needed darling. While you were away I sent a fresh batch of some of our best thread to Winterveil. It would be a shame if everyone were not dressed as fashionable as possible. Head to Vera, she should be very thankful.','Return to Winterveil Vale and speak with Vera Lauren','You know, orange is the new purple this season. Have you considered updating your wardrobe, darling?','Oh hello again, I heard word from Coco that she had received her hides, she already sent some stuff ahead early. You can speak with Mr.Freeze here, he keeps our stock of goods.',0,0,0,0,0,0,0,0, 0,0,0,0,0,0,0,0, 0,0, 0,900,150, 0,0,0,0,0,0,0,0, 0,0,0, 0,0,0,0,0,0,0,0, 0,0,0,0,0,0,0,0, 0,0,'');

replace into creature_questrelation		(id, quest) values (61902, 41273);
replace into creature_involvedrelation  (id, quest) values (61904, 41273);
update quest_template set requiredraces = 434		 where entry = 41273;

-- Change gossip for Commander Anarileth 61851.
set @gossip_menu_id = 41601; set @magic_number = 61851;
replace into gossip_menu (entry, text_id, condition_id) VALUES (@gossip_menu_id, @magic_number, '0'); 
replace into broadcast_text (entry, Male_Text) values (@magic_number, 'Welcome to Brinthilien, young $c. May the Eternal Sun shine upon you');
replace into npc_text (ID, BroadcastTextID0) values (@magic_number, @magic_number);
update creature_template set gossip_menu_id = @gossip_menu_id where entry = @magic_number;

-- Stat adjustment for npc:
-- Reduce health of Defective Arcane Golem 61778 to 86.
update creature_template set health_min = 86, health_max = 86 where entry = 61778;
-- Reduce damage of Defective Arcane Golem 61778 to 4-5.
update creature_template set dmg_min = 4, dmg_max = 5 where entry = 61778;
-- Reduce health of Malfunctioning Arcane Golem 61777 to 86.
update creature_template set health_min = 86, health_max = 86 where entry = 61777;
-- Reduce damage of Malfunctioning Arcane Golem 61777 to 4-5.
update creature_template set dmg_min = 4, dmg_max = 5 where entry = 61777;
-- Reduce health of Arcane Pounder 61779 to 102.
update creature_template set health_min = 102, health_max = 102 where entry = 61779;
-- Reduce damage of Arcane Pounder 61779 to 6-7.
update creature_template set dmg_min = 6, dmg_max = 7 where entry = 61779;

-- Glyph of war text fixes.
update spell_template set description = 'You can no longer disable PvP mode but experience and honor gains from all sources are increased by 20%.' where entry = 50008;
update broadcast_text set Male_Text = 'The armistice between the Horde and the Alliance is tenuous at best, and though mercenaries and adventurers such as yourself are able to ally with whoever you wish regardless of race of faction, there still exists bad blood between those who recall the First and Second Wars. This glyph will raise your war banner for all to see, proclaiming that you will fight for the honor of your people. You will be permanently flagged for PvP, but in return, you will gain 20% more EXP and Honor from all sources.' where entry = 52131;
update broadcast_text set Male_Text = 'I would like to end the War Mode Challenge.' where entry = 66631;
