-- Add new texts.
INSERT INTO `gossip_menu` (`entry`,`text_id`) VALUES (47025, 47025);
INSERT INTO `gossip_menu` (`entry`,`text_id`) VALUES (47030, 47030);
INSERT INTO `npc_text` (`ID`, `BroadcastTextID0`, `Probability0`, `BroadcastTextID1`, `Probability1`, `BroadcastTextID2`, `Probability2`, `BroadcastTextID3`, `Probability3`, `BroadcastTextID4`, `Probability4`, `BroadcastTextID5`, `Probability5`, `BroadcastTextID6`, `Probability6`, `BroadcastTextID7`, `Probability7`) VALUES (60903, 60903, 1, 0, 0, 0, 0, 0, 0, 0, 0, 0, 0, 0, 0, 0, 0);
INSERT INTO `npc_text` (`ID`, `BroadcastTextID0`, `Probability0`, `BroadcastTextID1`, `Probability1`, `BroadcastTextID2`, `Probability2`, `BroadcastTextID3`, `Probability3`, `BroadcastTextID4`, `Probability4`, `BroadcastTextID5`, `Probability5`, `BroadcastTextID6`, `Probability6`, `BroadcastTextID7`, `Probability7`) VALUES (47024, 47024, 1, 0, 0, 0, 0, 0, 0, 0, 0, 0, 0, 0, 0, 0, 0);
INSERT INTO `npc_text` (`ID`, `BroadcastTextID0`, `Probability0`, `BroadcastTextID1`, `Probability1`, `BroadcastTextID2`, `Probability2`, `BroadcastTextID3`, `Probability3`, `BroadcastTextID4`, `Probability4`, `BroadcastTextID5`, `Probability5`, `BroadcastTextID6`, `Probability6`, `BroadcastTextID7`, `Probability7`) VALUES (47025, 47025, 1, 0, 0, 0, 0, 0, 0, 0, 0, 0, 0, 0, 0, 0, 0);
INSERT INTO `npc_text` (`ID`, `BroadcastTextID0`, `Probability0`, `BroadcastTextID1`, `Probability1`, `BroadcastTextID2`, `Probability2`, `BroadcastTextID3`, `Probability3`, `BroadcastTextID4`, `Probability4`, `BroadcastTextID5`, `Probability5`, `BroadcastTextID6`, `Probability6`, `BroadcastTextID7`, `Probability7`) VALUES (47030, 47030, 1, 0, 0, 0, 0, 0, 0, 0, 0, 0, 0, 0, 0, 0, 0);
INSERT INTO `broadcast_text` (`entry`, `male_text`, `female_text`, `chat_type`, `sound_id`, `language_id`, `emote_id1`, `emote_id2`, `emote_id3`, `emote_delay1`, `emote_delay2`, `emote_delay3`) VALUES (60903, 'Hey there, and welcome to SHELLCONNECCCTTT!\n\n With my genius I have invented a brand new currency that will take the world by storm, the magical Shellcoin will turn the world on its head, and create an all new way to get rich. Down on your luck, well, now is the time to invest in Shellcoin and hit big like many others have!', 'Hey there, and welcome to SHELLCONNECCCTTT!\n\n With my genius I have invented a brand new currency that will take the world by storm, the magical Shellcoin will turn the world on its head, and create an all new way to get rich. Down on your luck, well, now is the time to invest in Shellcoin and hit big like many others have!', 0, 0, 0, 5, 0, 0, 0, 0, 0);
INSERT INTO `broadcast_text` (`entry`, `male_text`, `female_text`, `chat_type`, `sound_id`, `language_id`, `emote_id1`, `emote_id2`, `emote_id3`, `emote_delay1`, `emote_delay2`, `emote_delay3`) VALUES (47000, 'I got a 100 gold check from my grandma, and my dad says I have to put it in the bank so it can grow over the years.', NULL, 0, 0, 0, 0, 0, 0, 0, 0, 0);
INSERT INTO `broadcast_text` (`entry`, `male_text`, `female_text`, `chat_type`, `sound_id`, `language_id`, `emote_id1`, `emote_id2`, `emote_id3`, `emote_delay1`, `emote_delay2`, `emote_delay3`) VALUES (47001, 'Well that\'s fantastic. A really smart decision, young man.', NULL, 0, 0, 0, 0, 0, 0, 0, 0, 0);
INSERT INTO `broadcast_text` (`entry`, `male_text`, `female_text`, `chat_type`, `sound_id`, `language_id`, `emote_id1`, `emote_id2`, `emote_id3`, `emote_delay1`, `emote_delay2`, `emote_delay3`) VALUES (47002, 'We can put that check in a money market mutual fund...', NULL, 0, 0, 0, 0, 0, 0, 0, 0, 0);
INSERT INTO `broadcast_text` (`entry`, `male_text`, `female_text`, `chat_type`, `sound_id`, `language_id`, `emote_id1`, `emote_id2`, `emote_id3`, `emote_delay1`, `emote_delay2`, `emote_delay3`) VALUES (47003, 'Then we\'ll re-invest the earnings into foreign currency accounts with compounding interest...', NULL, 0, 0, 0, 0, 0, 0, 0, 0, 0);
INSERT INTO `broadcast_text` (`entry`, `male_text`, `female_text`, `chat_type`, `sound_id`, `language_id`, `emote_id1`, `emote_id2`, `emote_id3`, `emote_delay1`, `emote_delay2`, `emote_delay3`) VALUES (47004, 'Aaaaand it\'s gone.', NULL, 0, 0, 0, 5, 0, 0, 0, 0, 0);
INSERT INTO `broadcast_text` (`entry`, `male_text`, `female_text`, `chat_type`, `sound_id`, `language_id`, `emote_id1`, `emote_id2`, `emote_id3`, `emote_delay1`, `emote_delay2`, `emote_delay3`) VALUES (47005, 'Uh... what? ', NULL, 0, 0, 0, 6, 0, 0, 0, 0, 0);
INSERT INTO `broadcast_text` (`entry`, `male_text`, `female_text`, `chat_type`, `sound_id`, `language_id`, `emote_id1`, `emote_id2`, `emote_id3`, `emote_delay1`, `emote_delay2`, `emote_delay3`) VALUES (47006, 'It\'s gone, it\'s all gone. ', NULL, 0, 0, 0, 0, 0, 0, 0, 0, 0);
INSERT INTO `broadcast_text` (`entry`, `male_text`, `female_text`, `chat_type`, `sound_id`, `language_id`, `emote_id1`, `emote_id2`, `emote_id3`, `emote_delay1`, `emote_delay2`, `emote_delay3`) VALUES (47007, 'What\'s all gone? ', NULL, 0, 0, 0, 0, 0, 0, 0, 0, 0);
INSERT INTO `broadcast_text` (`entry`, `male_text`, `female_text`, `chat_type`, `sound_id`, `language_id`, `emote_id1`, `emote_id2`, `emote_id3`, `emote_delay1`, `emote_delay2`, `emote_delay3`) VALUES (47008, 'The money in your account. It didn\'t do too well, it\'s gone.', NULL, 0, 0, 0, 0, 0, 0, 0, 0, 0);
INSERT INTO `broadcast_text` (`entry`, `male_text`, `female_text`, `chat_type`, `sound_id`, `language_id`, `emote_id1`, `emote_id2`, `emote_id3`, `emote_delay1`, `emote_delay2`, `emote_delay3`) VALUES (47009, 'What do you mean? I-I have a hundred gold! ', NULL, 0, 0, 0, 0, 0, 0, 0, 0, 0);
INSERT INTO `broadcast_text` (`entry`, `male_text`, `female_text`, `chat_type`, `sound_id`, `language_id`, `emote_id1`, `emote_id2`, `emote_id3`, `emote_delay1`, `emote_delay2`, `emote_delay3`) VALUES (47010, 'Not any more, you don\'t. ', NULL, 0, 0, 0, 0, 0, 0, 0, 0, 0);
INSERT INTO `broadcast_text` (`entry`, `male_text`, `female_text`, `chat_type`, `sound_id`, `language_id`, `emote_id1`, `emote_id2`, `emote_id3`, `emote_delay1`, `emote_delay2`, `emote_delay3`) VALUES (47011, 'Next!', NULL, 0, 0, 0, 5, 0, 0, 0, 0, 0);
INSERT INTO `broadcast_text` (`entry`, `male_text`, `female_text`, `chat_type`, `sound_id`, `language_id`, `emote_id1`, `emote_id2`, `emote_id3`, `emote_delay1`, `emote_delay2`, `emote_delay3`) VALUES (47012, 'I can\'t wait to give him my money.', NULL, 0, 0, 0, 0, 0, 0, 0, 0, 0);
INSERT INTO `broadcast_text` (`entry`, `male_text`, `female_text`, `chat_type`, `sound_id`, `language_id`, `emote_id1`, `emote_id2`, `emote_id3`, `emote_delay1`, `emote_delay2`, `emote_delay3`) VALUES (47013, 'We are all going to be rich.', NULL, 0, 0, 0, 0, 0, 0, 0, 0, 0);
INSERT INTO `broadcast_text` (`entry`, `male_text`, `female_text`, `chat_type`, `sound_id`, `language_id`, `emote_id1`, `emote_id2`, `emote_id3`, `emote_delay1`, `emote_delay2`, `emote_delay3`) VALUES (47014, 'Shellcoin to the moon!', NULL, 0, 0, 0, 0, 0, 0, 0, 0, 0);
INSERT INTO `broadcast_text` (`entry`, `male_text`, `female_text`, `chat_type`, `sound_id`, `language_id`, `emote_id1`, `emote_id2`, `emote_id3`, `emote_delay1`, `emote_delay2`, `emote_delay3`) VALUES (47015, 'Literally can\'t go melons up.', NULL, 0, 0, 0, 0, 0, 0, 0, 0, 0);
INSERT INTO `broadcast_text` (`entry`, `male_text`, `female_text`, `chat_type`, `sound_id`, `language_id`, `emote_id1`, `emote_id2`, `emote_id3`, `emote_delay1`, `emote_delay2`, `emote_delay3`) VALUES (47016, 'And then I told them - If you never sell, you never lose!', '', 0, 0, 0, 0, 0, 0, 0, 0, 0);
INSERT INTO `broadcast_text` (`entry`, `male_text`, `female_text`, `chat_type`, `sound_id`, `language_id`, `emote_id1`, `emote_id2`, `emote_id3`, `emote_delay1`, `emote_delay2`, `emote_delay3`) VALUES (47017, 'I will not let the children grow up in poverty. I\'ll be back later, I\'m going to invest the ophanage donations into Shellcoin.', NULL, 0, 0, 0, 1, 0, 0, 0, 0, 0);
INSERT INTO `broadcast_text` (`entry`, `male_text`, `female_text`, `chat_type`, `sound_id`, `language_id`, `emote_id1`, `emote_id2`, `emote_id3`, `emote_delay1`, `emote_delay2`, `emote_delay3`) VALUES (47018, 'Only a fool would miss such an opportunity, Justine. And I am not a fool.', NULL, 0, 0, 0, 1, 0, 0, 0, 0, 0);
INSERT INTO `broadcast_text` (`entry`, `male_text`, `female_text`, `chat_type`, `sound_id`, `language_id`, `emote_id1`, `emote_id2`, `emote_id3`, `emote_delay1`, `emote_delay2`, `emote_delay3`) VALUES (47019, 'Cover for me, will you? I need to go invest my wages over at the Shell Connect office.', NULL, 0, 0, 0, 0, 0, 0, 0, 0, 0);
INSERT INTO `broadcast_text` (`entry`, `male_text`, `female_text`, `chat_type`, `sound_id`, `language_id`, `emote_id1`, `emote_id2`, `emote_id3`, `emote_delay1`, `emote_delay2`, `emote_delay3`) VALUES (47020, 'Hey, hey, heyyyyy! Wake up Stormwind, it is time to invest!', NULL, 1, 0, 0, 0, 0, 0, 0, 0, 0);
INSERT INTO `broadcast_text` (`entry`, `male_text`, `female_text`, `chat_type`, `sound_id`, `language_id`, `emote_id1`, `emote_id2`, `emote_id3`, `emote_delay1`, `emote_delay2`, `emote_delay3`) VALUES (47021, 'Faith and belief is the one thing you need to change the entire world. Believe in Shellcoin, and it will change your world.', NULL, 1, 0, 0, 0, 0, 0, 0, 0, 0);
INSERT INTO `broadcast_text` (`entry`, `male_text`, `female_text`, `chat_type`, `sound_id`, `language_id`, `emote_id1`, `emote_id2`, `emote_id3`, `emote_delay1`, `emote_delay2`, `emote_delay3`) VALUES (47022, 'Shellcoin is a seed that will germinate and explode into an amazing opportunity. I need you all to come and help me plant that seed by investing.', NULL, 1, 0, 0, 0, 0, 0, 0, 0, 0);
INSERT INTO `broadcast_text` (`entry`, `male_text`, `female_text`, `chat_type`, `sound_id`, `language_id`, `emote_id1`, `emote_id2`, `emote_id3`, `emote_delay1`, `emote_delay2`, `emote_delay3`) VALUES (47023, 'SHEEEELLL CONNEEEEEEECTTTT!!!', NULL, 1, 0, 0, 0, 0, 0, 0, 0, 0);
INSERT INTO `broadcast_text` (`entry`, `male_text`, `female_text`, `chat_type`, `sound_id`, `language_id`, `emote_id1`, `emote_id2`, `emote_id3`, `emote_delay1`, `emote_delay2`, `emote_delay3`) VALUES (47024, 'Investing in Shellcoin can change your life. It changed mine. I was once an outcast, ostricized by society for being a half breed. Nobody would give me a chance to prove my worth. I slaved away as a simple gold mining peon, until the day I met Marlos Catos and became his associate.\n\nYou too can take control of your destiny, by investing in your future. Are you ready?', 'Investing in Shellcoin can change your life. It changed mine. I was once an outcast, ostricized by society for being a half breed. Nobody would give me a chance to prove my worth. I slaved away as a simple gold mining peon, until the day I met Marlos Catos and became his associate.\n\nYou too can take control of your destiny, by investing in your future. Are you ready?', 0, 0, 0, 0, 0, 0, 0, 0, 0);
INSERT INTO `broadcast_text` (`entry`, `male_text`, `female_text`, `chat_type`, `sound_id`, `language_id`, `emote_id1`, `emote_id2`, `emote_id3`, `emote_delay1`, `emote_delay2`, `emote_delay3`) VALUES (47025, 'Hello there, future partner! Surprised to see a gnome in Orgrimmar?\n\nWell don\'t be! We are all friends here at Shell Connect. You see, the world is divided into two kinds of people. No, I don\'t mean Alliance and Horde. That\'s an artificial division. I\'m talking about us, entrepreneurs with a vision, and the poor ignorant commoners.\n\nYou are one of us, right?', 'Hello there, future partner! Surprised to see a gnome in Orgrimmar?\n\nWell don\'t be! We are all friends here at Shell Connect. You see, the world is divided into two kinds of people. No, I don\'t mean Alliance and Horde. That\'s an artificial division. I\'m talking about us, entrepreneurs with a vision, and the poor ignorant commoners.\n\nYou are one of us, right?', 0, 0, 0, 0, 0, 0, 0, 0, 0);
INSERT INTO `broadcast_text` (`entry`, `male_text`, `female_text`, `chat_type`, `sound_id`, `language_id`, `emote_id1`, `emote_id2`, `emote_id3`, `emote_delay1`, `emote_delay2`, `emote_delay3`) VALUES (47026, 'It\'s going up!', 'It\'s going up!', 0, 0, 0, 4, 0, 0, 0, 0, 0);
INSERT INTO `broadcast_text` (`entry`, `male_text`, `female_text`, `chat_type`, `sound_id`, `language_id`, `emote_id1`, `emote_id2`, `emote_id3`, `emote_delay1`, `emote_delay2`, `emote_delay3`) VALUES (47027, 'Buy! Buy! Buy!', 'Buy! Buy! Buy!', 0, 0, 0, 5, 0, 0, 0, 0, 0);
INSERT INTO `broadcast_text` (`entry`, `male_text`, `female_text`, `chat_type`, `sound_id`, `language_id`, `emote_id1`, `emote_id2`, `emote_id3`, `emote_delay1`, `emote_delay2`, `emote_delay3`) VALUES (47028, 'Sell!', 'Sell!', 0, 0, 0, 5, 0, 0, 0, 0, 0);
INSERT INTO `broadcast_text` (`entry`, `male_text`, `female_text`, `chat_type`, `sound_id`, `language_id`, `emote_id1`, `emote_id2`, `emote_id3`, `emote_delay1`, `emote_delay2`, `emote_delay3`) VALUES (47029, 'I\'m going all in!', 'I\'m going all in!', 0, 0, 0, 1, 0, 0, 0, 0, 0);
INSERT INTO `broadcast_text` (`entry`, `male_text`, `female_text`, `chat_type`, `sound_id`, `language_id`, `emote_id1`, `emote_id2`, `emote_id3`, `emote_delay1`, `emote_delay2`, `emote_delay3`) VALUES (47030, 'You there, I see you have brought yourself to Shell Connect!\n\nA new currency has reached our ears in Orgrimmar, one that is taking the humans by storm. It is a magical coin that will change Azeroth forever. It is time to invest your spoils, young one.\n\nLook at me, I was once a pathetic druid, nothing to my name, and now I am one of the biggest shareholders of Shellcoin. Invest early, and you\'ll become richer than you can imagine.', '', 0, 0, 0, 0, 0, 0, 0, 0, 0);
INSERT INTO `broadcast_text` (`entry`, `male_text`, `female_text`, `chat_type`, `sound_id`, `language_id`, `emote_id1`, `emote_id2`, `emote_id3`, `emote_delay1`, `emote_delay2`, `emote_delay3`) VALUES (47031, 'Hey, $n! Have you considered investing in Shellcoin?', '', 0, 0, 0, 0, 0, 0, 0, 0, 0);
INSERT INTO `broadcast_text` (`entry`, `male_text`, `female_text`, `chat_type`, `sound_id`, `language_id`, `emote_id1`, `emote_id2`, `emote_id3`, `emote_delay1`, `emote_delay2`, `emote_delay3`) VALUES (47032, 'Buy Shellcoin, and obtain power beyond your wildest dreams!', '', 1, 0, 0, 0, 0, 0, 0, 0, 0);
INSERT INTO `broadcast_text` (`entry`, `male_text`, `female_text`, `chat_type`, `sound_id`, `language_id`, `emote_id1`, `emote_id2`, `emote_id3`, `emote_delay1`, `emote_delay2`, `emote_delay3`) VALUES (47033, 'Wait a second, $n! I want to speak to you about an investment opportunity.', '', 0, 0, 0, 0, 0, 0, 0, 0, 0);
INSERT INTO `broadcast_text` (`entry`, `male_text`, `female_text`, `chat_type`, `sound_id`, `language_id`, `emote_id1`, `emote_id2`, `emote_id3`, `emote_delay1`, `emote_delay2`, `emote_delay3`) VALUES (47034, 'Good news, everyone! The Shellcoin office is open for business!', '', 1, 0, 0, 0, 0, 0, 0, 0, 0);
INSERT INTO `broadcast_text` (`entry`, `male_text`, `female_text`, `chat_type`, `sound_id`, `language_id`, `emote_id1`, `emote_id2`, `emote_id3`, `emote_delay1`, `emote_delay2`, `emote_delay3`) VALUES (47035, 'This whole thing seems awfully risky.', '', 0, 0, 0, 1, 0, 0, 0, 0, 0);
INSERT INTO `broadcast_text` (`entry`, `male_text`, `female_text`, `chat_type`, `sound_id`, `language_id`, `emote_id1`, `emote_id2`, `emote_id3`, `emote_delay1`, `emote_delay2`, `emote_delay3`) VALUES (47036, 'I mean, do we really want to invest all of our gold in SHELLS?', '', 0, 0, 0, 6, 0, 0, 0, 0, 0);
INSERT INTO `broadcast_text` (`entry`, `male_text`, `female_text`, `chat_type`, `sound_id`, `language_id`, `emote_id1`, `emote_id2`, `emote_id3`, `emote_delay1`, `emote_delay2`, `emote_delay3`) VALUES (47037, 'What if the whole market collapses, and we lose all our money!', '', 0, 0, 0, 5, 0, 0, 0, 0, 0);
INSERT INTO `broadcast_text` (`entry`, `male_text`, `female_text`, `chat_type`, `sound_id`, `language_id`, `emote_id1`, `emote_id2`, `emote_id3`, `emote_delay1`, `emote_delay2`, `emote_delay3`) VALUES (47038, 'I should go speak to the...', '', 0, 0, 0, 1, 0, 0, 0, 0, 0);
INSERT INTO `broadcast_text` (`entry`, `male_text`, `female_text`, `chat_type`, `sound_id`, `language_id`, `emote_id1`, `emote_id2`, `emote_id3`, `emote_delay1`, `emote_delay2`, `emote_delay3`) VALUES (47039, 'I didn\'t see anything.', '', 0, 0, 0, 274, 0, 0, 0, 0, 0);
INSERT INTO `broadcast_text` (`entry`, `male_text`, `female_text`, `chat_type`, `sound_id`, `language_id`, `emote_id1`, `emote_id2`, `emote_id3`, `emote_delay1`, `emote_delay2`, `emote_delay3`) VALUES (47040, 'Me neither!', '', 0, 0, 0, 1, 0, 0, 0, 0, 0);

-- Add new creatures.
INSERT INTO `creature_template` (`entry`, `display_id1`, `display_id2`, `display_id3`, `display_id4`, `mount_display_id`, `name`, `subname`, `gossip_menu_id`, `level_min`, `level_max`, `health_min`, `health_max`, `mana_min`, `mana_max`, `armor`, `faction`, `npc_flags`, `speed_walk`, `speed_run`, `scale`, `detection_range`, `call_for_help_range`, `leash_range`, `rank`, `xp_multiplier`, `dmg_min`, `dmg_max`, `dmg_school`, `attack_power`, `dmg_multiplier`, `base_attack_time`, `ranged_attack_time`, `unit_class`, `unit_flags`, `dynamic_flags`, `beast_family`, `trainer_type`, `trainer_spell`, `trainer_class`, `trainer_race`, `ranged_dmg_min`, `ranged_dmg_max`, `ranged_attack_power`, `type`, `type_flags`, `loot_id`, `pickpocket_loot_id`, `skinning_loot_id`, `holy_res`, `fire_res`, `nature_res`, `frost_res`, `shadow_res`, `arcane_res`, `spell_id1`, `spell_id2`, `spell_id3`, `spell_id4`, `spell_list_id`, `pet_spell_list_id`, `auras`, `gold_min`, `gold_max`, `ai_name`, `movement_type`, `inhabit_type`, `civilian`, `racial_leader`, `regeneration`, `equipment_id`, `trainer_id`, `vendor_id`, `mechanic_immune_mask`, `school_immune_mask`, `flags_extra`, `phase_quest_id`, `script_name`) VALUES (51234, 14797, 14798, 14799, 14800, 0, 'Private Security', 'Shell Connect', 0, 55, 55, 4667, 5215, 0, 0, 7700, 85, 0, 1, 1.42857, 0, 18, 5, 0, 0, 0, 220, 288, 0, 248, 1, 2000, 2000, 1, 36864, 0, 0, 0, 0, 0, 0, 301.34, 422.17, 100, 7, 0, 0, 3296, 0, 0, 0, 0, 0, 0, 0, 0, 0, 0, 0, 32960, 0, NULL, 1, 714, '', 0, 1, 0, 0, 3, 3296, 0, 0, 1, 0, 525312, 0, '');
INSERT INTO `creature_template` (`entry`, `display_id1`, `display_id2`, `display_id3`, `display_id4`, `mount_display_id`, `name`, `subname`, `gossip_menu_id`, `level_min`, `level_max`, `health_min`, `health_max`, `mana_min`, `mana_max`, `armor`, `faction`, `npc_flags`, `speed_walk`, `speed_run`, `scale`, `detection_range`, `call_for_help_range`, `leash_range`, `rank`, `xp_multiplier`, `dmg_min`, `dmg_max`, `dmg_school`, `attack_power`, `dmg_multiplier`, `base_attack_time`, `ranged_attack_time`, `unit_class`, `unit_flags`, `dynamic_flags`, `beast_family`, `trainer_type`, `trainer_spell`, `trainer_class`, `trainer_race`, `ranged_dmg_min`, `ranged_dmg_max`, `ranged_attack_power`, `type`, `type_flags`, `loot_id`, `pickpocket_loot_id`, `skinning_loot_id`, `holy_res`, `fire_res`, `nature_res`, `frost_res`, `shadow_res`, `arcane_res`, `spell_id1`, `spell_id2`, `spell_id3`, `spell_id4`, `spell_list_id`, `pet_spell_list_id`, `auras`, `gold_min`, `gold_max`, `ai_name`, `movement_type`, `inhabit_type`, `civilian`, `racial_leader`, `regeneration`, `equipment_id`, `trainer_id`, `vendor_id`, `mechanic_immune_mask`, `school_immune_mask`, `flags_extra`, `phase_quest_id`, `script_name`) VALUES (51235, 1385, 1386, 9739, 10696, 0, 'Orgrimmar Commoner', '', 0, 1, 1, 1, 1, 0, 0, 1, 35, 0, 1, 1.14286, 0, 18, 5, 0, 0, 1, 42, 53, 0, 122, 1, 2000, 2000, 1, 4608, 0, 0, 2, 0, 0, 0, 45.144, 62.073, 100, 7, 0, 0, 0, 0, 0, 0, 0, 0, 0, 0, 0, 0, 0, 0, 0, 0, NULL, 0, 0, '', 0, 3, 0, 0, 3, 0, 0, 0, 0, 0, 2, 0, '');
INSERT INTO `creature_template` (`entry`, `display_id1`, `display_id2`, `display_id3`, `display_id4`, `mount_display_id`, `name`, `subname`, `gossip_menu_id`, `level_min`, `level_max`, `health_min`, `health_max`, `mana_min`, `mana_max`, `armor`, `faction`, `npc_flags`, `speed_walk`, `speed_run`, `scale`, `detection_range`, `call_for_help_range`, `leash_range`, `rank`, `xp_multiplier`, `dmg_min`, `dmg_max`, `dmg_school`, `attack_power`, `dmg_multiplier`, `base_attack_time`, `ranged_attack_time`, `unit_class`, `unit_flags`, `dynamic_flags`, `beast_family`, `trainer_type`, `trainer_spell`, `trainer_class`, `trainer_race`, `ranged_dmg_min`, `ranged_dmg_max`, `ranged_attack_power`, `type`, `type_flags`, `loot_id`, `pickpocket_loot_id`, `skinning_loot_id`, `holy_res`, `fire_res`, `nature_res`, `frost_res`, `shadow_res`, `arcane_res`, `spell_id1`, `spell_id2`, `spell_id3`, `spell_id4`, `spell_list_id`, `pet_spell_list_id`, `auras`, `gold_min`, `gold_max`, `ai_name`, `movement_type`, `inhabit_type`, `civilian`, `racial_leader`, `regeneration`, `equipment_id`, `trainer_id`, `vendor_id`, `mechanic_immune_mask`, `school_immune_mask`, `flags_extra`, `phase_quest_id`, `script_name`) VALUES (51236, 3751, 0, 0, 0, 0, 'Sceptic Peon', '', 0, 1, 1, 1, 1, 0, 0, 1, 35, 0, 1, 1.14286, 0, 18, 5, 0, 0, 1, 42, 53, 0, 122, 1, 2000, 2000, 1, 4608, 0, 0, 2, 0, 0, 0, 45.144, 62.073, 100, 7, 0, 0, 0, 0, 0, 0, 0, 0, 0, 0, 0, 0, 0, 0, 0, 0, NULL, 0, 0, 'EventAI', 0, 3, 0, 0, 3, 0, 0, 0, 0, 0, 524290, 0, '');
INSERT INTO `creature_template` (`entry`, `display_id1`, `display_id2`, `display_id3`, `display_id4`, `mount_display_id`, `name`, `subname`, `gossip_menu_id`, `level_min`, `level_max`, `health_min`, `health_max`, `mana_min`, `mana_max`, `armor`, `faction`, `npc_flags`, `speed_walk`, `speed_run`, `scale`, `detection_range`, `call_for_help_range`, `leash_range`, `rank`, `xp_multiplier`, `dmg_min`, `dmg_max`, `dmg_school`, `attack_power`, `dmg_multiplier`, `base_attack_time`, `ranged_attack_time`, `unit_class`, `unit_flags`, `dynamic_flags`, `beast_family`, `trainer_type`, `trainer_spell`, `trainer_class`, `trainer_race`, `ranged_dmg_min`, `ranged_dmg_max`, `ranged_attack_power`, `type`, `type_flags`, `loot_id`, `pickpocket_loot_id`, `skinning_loot_id`, `holy_res`, `fire_res`, `nature_res`, `frost_res`, `shadow_res`, `arcane_res`, `spell_id1`, `spell_id2`, `spell_id3`, `spell_id4`, `spell_list_id`, `pet_spell_list_id`, `auras`, `gold_min`, `gold_max`, `ai_name`, `movement_type`, `inhabit_type`, `civilian`, `racial_leader`, `regeneration`, `equipment_id`, `trainer_id`, `vendor_id`, `mechanic_immune_mask`, `school_immune_mask`, `flags_extra`, `phase_quest_id`, `script_name`) VALUES (51237, 14381, 15279, 0, 0, 0, 'Shellcoin Promoter', '', 0, 30, 40, 1465, 2753, 0, 0, 1009, 35, 0, 1, 1.14286, 0, 18, 5, 0, 0, 1, 42, 53, 0, 122, 1, 2000, 2000, 1, 4608, 0, 0, 2, 0, 0, 0, 45.144, 62.073, 100, 7, 0, 0, 0, 0, 0, 0, 0, 0, 0, 0, 0, 0, 0, 0, 0, 0, NULL, 0, 0, 'EventAI', 0, 3, 0, 0, 3, 0, 0, 0, 0, 0, 2, 0, '');
INSERT INTO `creature_template` (`entry`, `display_id1`, `display_id2`, `display_id3`, `display_id4`, `mount_display_id`, `name`, `subname`, `gossip_menu_id`, `level_min`, `level_max`, `health_min`, `health_max`, `mana_min`, `mana_max`, `armor`, `faction`, `npc_flags`, `speed_walk`, `speed_run`, `scale`, `detection_range`, `call_for_help_range`, `leash_range`, `rank`, `xp_multiplier`, `dmg_min`, `dmg_max`, `dmg_school`, `attack_power`, `dmg_multiplier`, `base_attack_time`, `ranged_attack_time`, `unit_class`, `unit_flags`, `dynamic_flags`, `beast_family`, `trainer_type`, `trainer_spell`, `trainer_class`, `trainer_race`, `ranged_dmg_min`, `ranged_dmg_max`, `ranged_attack_power`, `type`, `type_flags`, `loot_id`, `pickpocket_loot_id`, `skinning_loot_id`, `holy_res`, `fire_res`, `nature_res`, `frost_res`, `shadow_res`, `arcane_res`, `spell_id1`, `spell_id2`, `spell_id3`, `spell_id4`, `spell_list_id`, `pet_spell_list_id`, `auras`, `gold_min`, `gold_max`, `ai_name`, `movement_type`, `inhabit_type`, `civilian`, `racial_leader`, `regeneration`, `equipment_id`, `trainer_id`, `vendor_id`, `mechanic_immune_mask`, `school_immune_mask`, `flags_extra`, `phase_quest_id`, `script_name`) VALUES (51238, 8129, 0, 0, 0, 0, 'Ape', '', 0, 30, 40, 1465, 2753, 0, 0, 1009, 35, 0, 1, 1.14286, 0, 18, 5, 0, 0, 1, 42, 53, 0, 122, 1, 2000, 2000, 1, 4608, 0, 0, 2, 0, 0, 0, 45.144, 62.073, 100, 7, 0, 0, 0, 0, 0, 0, 0, 0, 0, 0, 0, 0, 0, 0, 0, 0, NULL, 0, 0, '', 0, 3, 0, 0, 3, 0, 0, 0, 0, 0, 2, 0, '');
INSERT INTO `creature_template` (`entry`, `display_id1`, `display_id2`, `display_id3`, `display_id4`, `mount_display_id`, `name`, `subname`, `gossip_menu_id`, `level_min`, `level_max`, `health_min`, `health_max`, `mana_min`, `mana_max`, `armor`, `faction`, `npc_flags`, `speed_walk`, `speed_run`, `scale`, `detection_range`, `call_for_help_range`, `leash_range`, `rank`, `xp_multiplier`, `dmg_min`, `dmg_max`, `dmg_school`, `attack_power`, `dmg_multiplier`, `base_attack_time`, `ranged_attack_time`, `unit_class`, `unit_flags`, `dynamic_flags`, `beast_family`, `trainer_type`, `trainer_spell`, `trainer_class`, `trainer_race`, `ranged_dmg_min`, `ranged_dmg_max`, `ranged_attack_power`, `type`, `type_flags`, `loot_id`, `pickpocket_loot_id`, `skinning_loot_id`, `holy_res`, `fire_res`, `nature_res`, `frost_res`, `shadow_res`, `arcane_res`, `spell_id1`, `spell_id2`, `spell_id3`, `spell_id4`, `spell_list_id`, `pet_spell_list_id`, `auras`, `gold_min`, `gold_max`, `ai_name`, `movement_type`, `inhabit_type`, `civilian`, `racial_leader`, `regeneration`, `equipment_id`, `trainer_id`, `vendor_id`, `mechanic_immune_mask`, `school_immune_mask`, `flags_extra`, `phase_quest_id`, `script_name`) VALUES (51239, 4177, 4526, 8332, 9853, 0, 'Female Companion', '', 0, 18, 19, 1111, 1169, 0, 0, 1009, 35, 0, 1, 1.14286, 0, 18, 5, 0, 0, 1, 42, 53, 0, 122, 1, 2000, 2000, 1, 4608, 0, 0, 2, 0, 0, 0, 45.144, 62.073, 100, 7, 0, 0, 0, 0, 0, 0, 0, 0, 0, 0, 0, 0, 0, 0, 0, 0, NULL, 0, 0, '', 0, 3, 0, 0, 3, 0, 0, 0, 0, 0, 2, 0, '');
INSERT INTO `creature_template` (`entry`, `display_id1`, `display_id2`, `display_id3`, `display_id4`, `mount_display_id`, `name`, `subname`, `gossip_menu_id`, `level_min`, `level_max`, `health_min`, `health_max`, `mana_min`, `mana_max`, `armor`, `faction`, `npc_flags`, `speed_walk`, `speed_run`, `scale`, `detection_range`, `call_for_help_range`, `leash_range`, `rank`, `xp_multiplier`, `dmg_min`, `dmg_max`, `dmg_school`, `attack_power`, `dmg_multiplier`, `base_attack_time`, `ranged_attack_time`, `unit_class`, `unit_flags`, `dynamic_flags`, `beast_family`, `trainer_type`, `trainer_spell`, `trainer_class`, `trainer_race`, `ranged_dmg_min`, `ranged_dmg_max`, `ranged_attack_power`, `type`, `type_flags`, `loot_id`, `pickpocket_loot_id`, `skinning_loot_id`, `holy_res`, `fire_res`, `nature_res`, `frost_res`, `shadow_res`, `arcane_res`, `spell_id1`, `spell_id2`, `spell_id3`, `spell_id4`, `spell_list_id`, `pet_spell_list_id`, `auras`, `gold_min`, `gold_max`, `ai_name`, `movement_type`, `inhabit_type`, `civilian`, `racial_leader`, `regeneration`, `equipment_id`, `trainer_id`, `vendor_id`, `mechanic_immune_mask`, `school_immune_mask`, `flags_extra`, `phase_quest_id`, `script_name`) VALUES (51240, 15955, 0, 0, 0, 0, 'Successful Investor', '', 47030, 60, 60, 5500, 5500, 0, 0, 1009, 35, 1, 1, 1.14286, 0, 18, 5, 0, 0, 1, 42, 53, 0, 122, 1, 2000, 2000, 1, 4608, 0, 0, 2, 0, 0, 0, 45.144, 62.073, 100, 7, 0, 0, 0, 0, 0, 0, 0, 0, 0, 0, 0, 0, 0, 0, 0, 0, NULL, 0, 0, '', 0, 3, 0, 0, 3, 0, 0, 0, 0, 0, 2, 0, '');
INSERT INTO `creature_template` (`entry`, `display_id1`, `display_id2`, `display_id3`, `display_id4`, `mount_display_id`, `name`, `subname`, `gossip_menu_id`, `level_min`, `level_max`, `health_min`, `health_max`, `mana_min`, `mana_max`, `armor`, `faction`, `npc_flags`, `speed_walk`, `speed_run`, `scale`, `detection_range`, `call_for_help_range`, `leash_range`, `rank`, `xp_multiplier`, `dmg_min`, `dmg_max`, `dmg_school`, `attack_power`, `dmg_multiplier`, `base_attack_time`, `ranged_attack_time`, `unit_class`, `unit_flags`, `dynamic_flags`, `beast_family`, `trainer_type`, `trainer_spell`, `trainer_class`, `trainer_race`, `ranged_dmg_min`, `ranged_dmg_max`, `ranged_attack_power`, `type`, `type_flags`, `loot_id`, `pickpocket_loot_id`, `skinning_loot_id`, `holy_res`, `fire_res`, `nature_res`, `frost_res`, `shadow_res`, `arcane_res`, `spell_id1`, `spell_id2`, `spell_id3`, `spell_id4`, `spell_list_id`, `pet_spell_list_id`, `auras`, `gold_min`, `gold_max`, `ai_name`, `movement_type`, `inhabit_type`, `civilian`, `racial_leader`, `regeneration`, `equipment_id`, `trainer_id`, `vendor_id`, `mechanic_immune_mask`, `school_immune_mask`, `flags_extra`, `phase_quest_id`, `script_name`) VALUES (51241, 7994, 15207, 15863, 15954, 0, 'Fanatical Investor', '', 0, 30, 40, 1465, 2753, 0, 0, 1009, 35, 0, 1, 1.14286, 0, 18, 5, 0, 0, 1, 42, 53, 0, 122, 1, 2000, 2000, 1, 4608, 0, 0, 2, 0, 0, 0, 45.144, 62.073, 100, 7, 0, 0, 0, 0, 0, 0, 0, 0, 0, 0, 0, 0, 0, 0, 0, 0, NULL, 0, 0, 'EventAI', 0, 3, 0, 0, 3, 0, 0, 0, 0, 0, 2, 0, '');
INSERT INTO `creature_template` (`entry`, `display_id1`, `display_id2`, `display_id3`, `display_id4`, `mount_display_id`, `name`, `subname`, `gossip_menu_id`, `level_min`, `level_max`, `health_min`, `health_max`, `mana_min`, `mana_max`, `armor`, `faction`, `npc_flags`, `speed_walk`, `speed_run`, `scale`, `detection_range`, `call_for_help_range`, `leash_range`, `rank`, `xp_multiplier`, `dmg_min`, `dmg_max`, `dmg_school`, `attack_power`, `dmg_multiplier`, `base_attack_time`, `ranged_attack_time`, `unit_class`, `unit_flags`, `dynamic_flags`, `beast_family`, `trainer_type`, `trainer_spell`, `trainer_class`, `trainer_race`, `ranged_dmg_min`, `ranged_dmg_max`, `ranged_attack_power`, `type`, `type_flags`, `loot_id`, `pickpocket_loot_id`, `skinning_loot_id`, `holy_res`, `fire_res`, `nature_res`, `frost_res`, `shadow_res`, `arcane_res`, `spell_id1`, `spell_id2`, `spell_id3`, `spell_id4`, `spell_list_id`, `pet_spell_list_id`, `auras`, `gold_min`, `gold_max`, `ai_name`, `movement_type`, `inhabit_type`, `civilian`, `racial_leader`, `regeneration`, `equipment_id`, `trainer_id`, `vendor_id`, `mechanic_immune_mask`, `school_immune_mask`, `flags_extra`, `phase_quest_id`, `script_name`) VALUES (51242, 7951, 0, 0, 0, 0, 'Foreign Associate', '', 47025, 60, 60, 5500, 5500, 0, 0, 1009, 35, 1, 1, 1.14286, 0, 18, 5, 0, 0, 1, 42, 53, 0, 122, 1, 2000, 2000, 1, 4608, 0, 0, 2, 0, 0, 0, 45.144, 62.073, 100, 7, 0, 0, 0, 0, 0, 0, 0, 0, 0, 0, 0, 0, 0, 0, 0, 0, NULL, 0, 0, '', 0, 3, 0, 0, 3, 0, 0, 0, 0, 0, 2, 0, '');
INSERT INTO `creature_template` (`entry`, `display_id1`, `display_id2`, `display_id3`, `display_id4`, `mount_display_id`, `name`, `subname`, `gossip_menu_id`, `level_min`, `level_max`, `health_min`, `health_max`, `mana_min`, `mana_max`, `armor`, `faction`, `npc_flags`, `speed_walk`, `speed_run`, `scale`, `detection_range`, `call_for_help_range`, `leash_range`, `rank`, `xp_multiplier`, `dmg_min`, `dmg_max`, `dmg_school`, `attack_power`, `dmg_multiplier`, `base_attack_time`, `ranged_attack_time`, `unit_class`, `unit_flags`, `dynamic_flags`, `beast_family`, `trainer_type`, `trainer_spell`, `trainer_class`, `trainer_race`, `ranged_dmg_min`, `ranged_dmg_max`, `ranged_attack_power`, `type`, `type_flags`, `loot_id`, `pickpocket_loot_id`, `skinning_loot_id`, `holy_res`, `fire_res`, `nature_res`, `frost_res`, `shadow_res`, `arcane_res`, `spell_id1`, `spell_id2`, `spell_id3`, `spell_id4`, `spell_list_id`, `pet_spell_list_id`, `auras`, `gold_min`, `gold_max`, `ai_name`, `movement_type`, `inhabit_type`, `civilian`, `racial_leader`, `regeneration`, `equipment_id`, `trainer_id`, `vendor_id`, `mechanic_immune_mask`, `school_immune_mask`, `flags_extra`, `phase_quest_id`, `script_name`) VALUES (51243, 8989, 0, 0, 0, 0, 'K\'ron Tusk', 'Shell Connect', 0, 60, 60, 13337, 13337, 0, 0, 1009, 85, 1, 1, 1.14286, 0, 18, 5, 0, 1, 1, 42, 53, 0, 122, 1, 2000, 2000, 1, 4608, 0, 0, 2, 0, 0, 0, 45.144, 62.073, 100, 7, 0, 0, 0, 0, 0, 0, 0, 0, 0, 0, 0, 0, 0, 0, 0, 0, NULL, 10000, 10000, '', 0, 3, 0, 0, 3, 0, 0, 0, 0, 0, 524298, 0, 'npc_carlos_matos');
INSERT INTO `creature_template` (`entry`, `display_id1`, `display_id2`, `display_id3`, `display_id4`, `mount_display_id`, `name`, `subname`, `gossip_menu_id`, `level_min`, `level_max`, `health_min`, `health_max`, `mana_min`, `mana_max`, `armor`, `faction`, `npc_flags`, `speed_walk`, `speed_run`, `scale`, `detection_range`, `call_for_help_range`, `leash_range`, `rank`, `xp_multiplier`, `dmg_min`, `dmg_max`, `dmg_school`, `attack_power`, `dmg_multiplier`, `base_attack_time`, `ranged_attack_time`, `unit_class`, `unit_flags`, `dynamic_flags`, `beast_family`, `trainer_type`, `trainer_spell`, `trainer_class`, `trainer_race`, `ranged_dmg_min`, `ranged_dmg_max`, `ranged_attack_power`, `type`, `type_flags`, `loot_id`, `pickpocket_loot_id`, `skinning_loot_id`, `holy_res`, `fire_res`, `nature_res`, `frost_res`, `shadow_res`, `arcane_res`, `spell_id1`, `spell_id2`, `spell_id3`, `spell_id4`, `spell_list_id`, `pet_spell_list_id`, `auras`, `gold_min`, `gold_max`, `ai_name`, `movement_type`, `inhabit_type`, `civilian`, `racial_leader`, `regeneration`, `equipment_id`, `trainer_id`, `vendor_id`, `mechanic_immune_mask`, `school_immune_mask`, `flags_extra`, `phase_quest_id`, `script_name`) VALUES (51244, 15718, 15719, 0, 0, 0, 'Foreign Investor', NULL, 0, 18, 19, 763, 853, 0, 0, 0, 12, 0, 1, 1.14286, 0, 18, 5, 0, 0, 1, 25, 27, 0, 122, 1, 2000, 2000, 0, 4608, 0, 0, 0, 0, 0, 0, 45.144, 62.073, 0, 7, 0, 0, 0, 0, 0, 0, 0, 0, 0, 0, 0, 0, 0, 0, 0, 0, NULL, 0, 0, '', 0, 3, 0, 0, 3, 0, 0, 0, 0, 0, 524298, 0, '');
INSERT INTO `creature_template` (`entry`, `display_id1`, `display_id2`, `display_id3`, `display_id4`, `mount_display_id`, `name`, `subname`, `gossip_menu_id`, `level_min`, `level_max`, `health_min`, `health_max`, `mana_min`, `mana_max`, `armor`, `faction`, `npc_flags`, `speed_walk`, `speed_run`, `scale`, `detection_range`, `call_for_help_range`, `leash_range`, `rank`, `xp_multiplier`, `dmg_min`, `dmg_max`, `dmg_school`, `attack_power`, `dmg_multiplier`, `base_attack_time`, `ranged_attack_time`, `unit_class`, `unit_flags`, `dynamic_flags`, `beast_family`, `trainer_type`, `trainer_spell`, `trainer_class`, `trainer_race`, `ranged_dmg_min`, `ranged_dmg_max`, `ranged_attack_power`, `type`, `type_flags`, `loot_id`, `pickpocket_loot_id`, `skinning_loot_id`, `holy_res`, `fire_res`, `nature_res`, `frost_res`, `shadow_res`, `arcane_res`, `spell_id1`, `spell_id2`, `spell_id3`, `spell_id4`, `spell_list_id`, `pet_spell_list_id`, `auras`, `gold_min`, `gold_max`, `ai_name`, `movement_type`, `inhabit_type`, `civilian`, `racial_leader`, `regeneration`, `equipment_id`, `trainer_id`, `vendor_id`, `mechanic_immune_mask`, `school_immune_mask`, `flags_extra`, `phase_quest_id`, `script_name`) VALUES (51245, 258, 751, 1473, 9754, 0, 'Female Admirer', NULL, 0, 18, 19, 763, 853, 0, 0, 0, 12, 0, 1, 1.14286, 0, 18, 5, 0, 0, 1, 25, 27, 0, 122, 1, 2000, 2000, 0, 4608, 0, 0, 0, 0, 0, 0, 45.144, 62.073, 0, 7, 0, 0, 0, 0, 0, 0, 0, 0, 0, 0, 0, 0, 0, 0, 0, 0, NULL, 0, 0, '', 0, 3, 0, 0, 3, 0, 0, 0, 0, 0, 524298, 0, '');
INSERT INTO `creature_template` (`entry`, `display_id1`, `display_id2`, `display_id3`, `display_id4`, `mount_display_id`, `name`, `subname`, `gossip_menu_id`, `level_min`, `level_max`, `health_min`, `health_max`, `mana_min`, `mana_max`, `armor`, `faction`, `npc_flags`, `speed_walk`, `speed_run`, `scale`, `detection_range`, `call_for_help_range`, `leash_range`, `rank`, `xp_multiplier`, `dmg_min`, `dmg_max`, `dmg_school`, `attack_power`, `dmg_multiplier`, `base_attack_time`, `ranged_attack_time`, `unit_class`, `unit_flags`, `dynamic_flags`, `beast_family`, `trainer_type`, `trainer_spell`, `trainer_class`, `trainer_race`, `ranged_dmg_min`, `ranged_dmg_max`, `ranged_attack_power`, `type`, `type_flags`, `loot_id`, `pickpocket_loot_id`, `skinning_loot_id`, `holy_res`, `fire_res`, `nature_res`, `frost_res`, `shadow_res`, `arcane_res`, `spell_id1`, `spell_id2`, `spell_id3`, `spell_id4`, `spell_list_id`, `pet_spell_list_id`, `auras`, `gold_min`, `gold_max`, `ai_name`, `movement_type`, `inhabit_type`, `civilian`, `racial_leader`, `regeneration`, `equipment_id`, `trainer_id`, `vendor_id`, `mechanic_immune_mask`, `school_immune_mask`, `flags_extra`, `phase_quest_id`, `script_name`) VALUES (51246, 1505, 0, 0, 0, 0, 'Successful Investor', '', 0, 60, 60, 3562, 3562, 0, 0, 2009, 12, 0, 1, 1.14286, 0, 18, 5, 0, 0, 1, 42, 53, 0, 122, 1, 2000, 2000, 1, 4608, 0, 0, 2, 0, 0, 0, 45.144, 62.073, 100, 7, 0, 0, 0, 0, 0, 0, 0, 0, 0, 0, 0, 0, 0, 0, 0, 0, NULL, 0, 0, 'EventAI', 0, 3, 0, 0, 3, 0, 0, 0, 0, 0, 524298, 0, '');
INSERT INTO `creature_template` (`entry`, `display_id1`, `display_id2`, `display_id3`, `display_id4`, `mount_display_id`, `name`, `subname`, `gossip_menu_id`, `level_min`, `level_max`, `health_min`, `health_max`, `mana_min`, `mana_max`, `armor`, `faction`, `npc_flags`, `speed_walk`, `speed_run`, `scale`, `detection_range`, `call_for_help_range`, `leash_range`, `rank`, `xp_multiplier`, `dmg_min`, `dmg_max`, `dmg_school`, `attack_power`, `dmg_multiplier`, `base_attack_time`, `ranged_attack_time`, `unit_class`, `unit_flags`, `dynamic_flags`, `beast_family`, `trainer_type`, `trainer_spell`, `trainer_class`, `trainer_race`, `ranged_dmg_min`, `ranged_dmg_max`, `ranged_attack_power`, `type`, `type_flags`, `loot_id`, `pickpocket_loot_id`, `skinning_loot_id`, `holy_res`, `fire_res`, `nature_res`, `frost_res`, `shadow_res`, `arcane_res`, `spell_id1`, `spell_id2`, `spell_id3`, `spell_id4`, `spell_list_id`, `pet_spell_list_id`, `auras`, `gold_min`, `gold_max`, `ai_name`, `movement_type`, `inhabit_type`, `civilian`, `racial_leader`, `regeneration`, `equipment_id`, `trainer_id`, `vendor_id`, `mechanic_immune_mask`, `school_immune_mask`, `flags_extra`, `phase_quest_id`, `script_name`) VALUES (51247, 22, 191, 232, 560, 0, 'Novice Investor', '', 0, 30, 40, 1465, 2753, 0, 0, 1009, 12, 0, 1, 1.14286, 0, 18, 5, 0, 0, 1, 42, 53, 0, 122, 1, 2000, 2000, 1, 4608, 0, 0, 2, 0, 0, 0, 45.144, 62.073, 100, 7, 0, 0, 0, 0, 0, 0, 0, 0, 0, 0, 0, 0, 0, 0, 0, 0, NULL, 0, 0, 'EventAI', 0, 3, 0, 0, 3, 0, 0, 0, 0, 0, 524298, 0, '');
INSERT INTO `creature_template` (`entry`, `display_id1`, `display_id2`, `display_id3`, `display_id4`, `mount_display_id`, `name`, `subname`, `gossip_menu_id`, `level_min`, `level_max`, `health_min`, `health_max`, `mana_min`, `mana_max`, `armor`, `faction`, `npc_flags`, `speed_walk`, `speed_run`, `scale`, `detection_range`, `call_for_help_range`, `leash_range`, `rank`, `xp_multiplier`, `dmg_min`, `dmg_max`, `dmg_school`, `attack_power`, `dmg_multiplier`, `base_attack_time`, `ranged_attack_time`, `unit_class`, `unit_flags`, `dynamic_flags`, `beast_family`, `trainer_type`, `trainer_spell`, `trainer_class`, `trainer_race`, `ranged_dmg_min`, `ranged_dmg_max`, `ranged_attack_power`, `type`, `type_flags`, `loot_id`, `pickpocket_loot_id`, `skinning_loot_id`, `holy_res`, `fire_res`, `nature_res`, `frost_res`, `shadow_res`, `arcane_res`, `spell_id1`, `spell_id2`, `spell_id3`, `spell_id4`, `spell_list_id`, `pet_spell_list_id`, `auras`, `gold_min`, `gold_max`, `ai_name`, `movement_type`, `inhabit_type`, `civilian`, `racial_leader`, `regeneration`, `equipment_id`, `trainer_id`, `vendor_id`, `mechanic_immune_mask`, `school_immune_mask`, `flags_extra`, `phase_quest_id`, `script_name`) VALUES (51248, 8353, 0, 0, 0, 0, 'Boy', '', 0, 10, 10, 565, 565, 0, 0, 1009, 12, 0, 1, 1.14286, 0, 18, 5, 0, 0, 1, 42, 53, 0, 122, 1, 2000, 2000, 1, 4608, 0, 0, 2, 0, 0, 0, 45.144, 62.073, 100, 7, 0, 0, 0, 0, 0, 0, 0, 0, 0, 0, 0, 0, 0, 0, 0, 0, NULL, 0, 0, 'EventAI', 0, 3, 0, 0, 3, 0, 0, 0, 0, 0, 524298, 0, '');
INSERT INTO `creature_template` (`entry`, `display_id1`, `display_id2`, `display_id3`, `display_id4`, `mount_display_id`, `name`, `subname`, `gossip_menu_id`, `level_min`, `level_max`, `health_min`, `health_max`, `mana_min`, `mana_max`, `armor`, `faction`, `npc_flags`, `speed_walk`, `speed_run`, `scale`, `detection_range`, `call_for_help_range`, `leash_range`, `rank`, `xp_multiplier`, `dmg_min`, `dmg_max`, `dmg_school`, `attack_power`, `dmg_multiplier`, `base_attack_time`, `ranged_attack_time`, `unit_class`, `unit_flags`, `dynamic_flags`, `beast_family`, `trainer_type`, `trainer_spell`, `trainer_class`, `trainer_race`, `ranged_dmg_min`, `ranged_dmg_max`, `ranged_attack_power`, `type`, `type_flags`, `loot_id`, `pickpocket_loot_id`, `skinning_loot_id`, `holy_res`, `fire_res`, `nature_res`, `frost_res`, `shadow_res`, `arcane_res`, `spell_id1`, `spell_id2`, `spell_id3`, `spell_id4`, `spell_list_id`, `pet_spell_list_id`, `auras`, `gold_min`, `gold_max`, `ai_name`, `movement_type`, `inhabit_type`, `civilian`, `racial_leader`, `regeneration`, `equipment_id`, `trainer_id`, `vendor_id`, `mechanic_immune_mask`, `school_immune_mask`, `flags_extra`, `phase_quest_id`, `script_name`) VALUES (51250, 1665, 0, 0, 0, 0, 'Investment Broker', '', 0, 60, 60, 5500, 5500, 0, 0, 1009, 12, 0, 1, 1.14286, 0, 18, 5, 0, 0, 1, 42, 53, 0, 122, 1, 2000, 2000, 1, 4608, 0, 0, 2, 0, 0, 0, 45.144, 62.073, 100, 7, 0, 0, 0, 0, 0, 0, 0, 0, 0, 0, 0, 0, 0, 0, 0, 0, NULL, 0, 0, '', 0, 3, 0, 0, 3, 0, 0, 0, 0, 0, 524298, 0, '');
INSERT INTO `creature_template` (`entry`, `display_id1`, `display_id2`, `display_id3`, `display_id4`, `mount_display_id`, `name`, `subname`, `gossip_menu_id`, `level_min`, `level_max`, `health_min`, `health_max`, `mana_min`, `mana_max`, `armor`, `faction`, `npc_flags`, `speed_walk`, `speed_run`, `scale`, `detection_range`, `call_for_help_range`, `leash_range`, `rank`, `xp_multiplier`, `dmg_min`, `dmg_max`, `dmg_school`, `attack_power`, `dmg_multiplier`, `base_attack_time`, `ranged_attack_time`, `unit_class`, `unit_flags`, `dynamic_flags`, `beast_family`, `trainer_type`, `trainer_spell`, `trainer_class`, `trainer_race`, `ranged_dmg_min`, `ranged_dmg_max`, `ranged_attack_power`, `type`, `type_flags`, `loot_id`, `pickpocket_loot_id`, `skinning_loot_id`, `holy_res`, `fire_res`, `nature_res`, `frost_res`, `shadow_res`, `arcane_res`, `spell_id1`, `spell_id2`, `spell_id3`, `spell_id4`, `spell_list_id`, `pet_spell_list_id`, `auras`, `gold_min`, `gold_max`, `ai_name`, `movement_type`, `inhabit_type`, `civilian`, `racial_leader`, `regeneration`, `equipment_id`, `trainer_id`, `vendor_id`, `mechanic_immune_mask`, `school_immune_mask`, `flags_extra`, `phase_quest_id`, `script_name`) VALUES (51251, 1410, 0, 0, 0, 0, 'Investment Broker', '', 0, 60, 60, 5500, 5500, 0, 0, 1009, 12, 0, 1, 1.14286, 0, 18, 5, 0, 0, 1, 42, 53, 0, 122, 1, 2000, 2000, 1, 4608, 0, 0, 2, 0, 0, 0, 45.144, 62.073, 100, 7, 0, 0, 0, 0, 0, 0, 0, 0, 0, 0, 0, 0, 0, 0, 0, 0, NULL, 0, 0, '', 0, 3, 0, 0, 3, 0, 0, 0, 0, 0, 524298, 0, '');
INSERT INTO `creature_template` (`entry`, `display_id1`, `display_id2`, `display_id3`, `display_id4`, `mount_display_id`, `name`, `subname`, `gossip_menu_id`, `level_min`, `level_max`, `health_min`, `health_max`, `mana_min`, `mana_max`, `armor`, `faction`, `npc_flags`, `speed_walk`, `speed_run`, `scale`, `detection_range`, `call_for_help_range`, `leash_range`, `rank`, `xp_multiplier`, `dmg_min`, `dmg_max`, `dmg_school`, `attack_power`, `dmg_multiplier`, `base_attack_time`, `ranged_attack_time`, `unit_class`, `unit_flags`, `dynamic_flags`, `beast_family`, `trainer_type`, `trainer_spell`, `trainer_class`, `trainer_race`, `ranged_dmg_min`, `ranged_dmg_max`, `ranged_attack_power`, `type`, `type_flags`, `loot_id`, `pickpocket_loot_id`, `skinning_loot_id`, `holy_res`, `fire_res`, `nature_res`, `frost_res`, `shadow_res`, `arcane_res`, `spell_id1`, `spell_id2`, `spell_id3`, `spell_id4`, `spell_list_id`, `pet_spell_list_id`, `auras`, `gold_min`, `gold_max`, `ai_name`, `movement_type`, `inhabit_type`, `civilian`, `racial_leader`, `regeneration`, `equipment_id`, `trainer_id`, `vendor_id`, `mechanic_immune_mask`, `school_immune_mask`, `flags_extra`, `phase_quest_id`, `script_name`) VALUES (51252, 7011, 0, 0, 0, 0, 'Marlos Catos', 'Shell Connect', 0, 60, 60, 13337, 13337, 0, 0, 1009, 12, 1, 1, 1.14286, 0, 18, 5, 0, 1, 1, 42, 53, 0, 122, 1, 2000, 2000, 1, 4608, 0, 0, 2, 0, 0, 0, 45.144, 62.073, 100, 7, 0, 0, 0, 0, 0, 0, 0, 0, 0, 0, 0, 0, 0, 0, 0, 0, NULL, 10000, 10000, 'EventAI', 0, 3, 0, 0, 3, 0, 0, 0, 0, 0, 524298, 0, 'npc_carlos_matos');
INSERT INTO `creature` (`guid`, `id`, `id2`, `id3`, `id4`, `map`, `position_x`, `position_y`, `position_z`, `orientation`, `spawntimesecsmin`, `spawntimesecsmax`, `wander_distance`, `health_percent`, `mana_percent`, `movement_type`, `spawn_flags`, `visibility_mod`) VALUES (68758, 51251, 0, 0, 0, 0, -8304.55, 553.266, 99.7125, 2.24275, 300, 300, 0, 100, 0, 0, 0, 0);
INSERT INTO `creature` (`guid`, `id`, `id2`, `id3`, `id4`, `map`, `position_x`, `position_y`, `position_z`, `orientation`, `spawntimesecsmin`, `spawntimesecsmax`, `wander_distance`, `health_percent`, `mana_percent`, `movement_type`, `spawn_flags`, `visibility_mod`) VALUES (68759, 51250, 0, 0, 0, 0, -8314.28, 545.672, 99.7125, 2.24275, 300, 300, 0, 100, 0, 0, 0, 0);
INSERT INTO `creature` (`guid`, `id`, `id2`, `id3`, `id4`, `map`, `position_x`, `position_y`, `position_z`, `orientation`, `spawntimesecsmin`, `spawntimesecsmax`, `wander_distance`, `health_percent`, `mana_percent`, `movement_type`, `spawn_flags`, `visibility_mod`) VALUES (68760, 51248, 0, 0, 0, 0, -8306.04, 555.265, 99.602, 5.38, 300, 300, 0, 100, 0, 0, 0, 0);
INSERT INTO `creature` (`guid`, `id`, `id2`, `id3`, `id4`, `map`, `position_x`, `position_y`, `position_z`, `orientation`, `spawntimesecsmin`, `spawntimesecsmax`, `wander_distance`, `health_percent`, `mana_percent`, `movement_type`, `spawn_flags`, `visibility_mod`) VALUES (68761, 51245, 0, 0, 0, 0, -8322.83, 582.06, 99.6025, 5.36747, 120, 120, 0, 100, 100, 0, 0, 0);
INSERT INTO `creature` (`guid`, `id`, `id2`, `id3`, `id4`, `map`, `position_x`, `position_y`, `position_z`, `orientation`, `spawntimesecsmin`, `spawntimesecsmax`, `wander_distance`, `health_percent`, `mana_percent`, `movement_type`, `spawn_flags`, `visibility_mod`) VALUES (68762, 51245, 0, 0, 0, 0, -8320.76, 582.624, 99.6025, 4.63312, 120, 120, 0, 100, 100, 0, 0, 0);
INSERT INTO `creature` (`guid`, `id`, `id2`, `id3`, `id4`, `map`, `position_x`, `position_y`, `position_z`, `orientation`, `spawntimesecsmin`, `spawntimesecsmax`, `wander_distance`, `health_percent`, `mana_percent`, `movement_type`, `spawn_flags`, `visibility_mod`) VALUES (68763, 51245, 0, 0, 0, 0, -8318.85, 581.852, 99.6025, 3.99695, 120, 120, 0, 100, 100, 0, 0, 0);
INSERT INTO `creature` (`guid`, `id`, `id2`, `id3`, `id4`, `map`, `position_x`, `position_y`, `position_z`, `orientation`, `spawntimesecsmin`, `spawntimesecsmax`, `wander_distance`, `health_percent`, `mana_percent`, `movement_type`, `spawn_flags`, `visibility_mod`) VALUES (68764, 51246, 0, 0, 0, 0, -8320.94, 579.587, 99.6033, 1.37764, 120, 120, 0, 100, 100, 0, 0, 0);
INSERT INTO `creature` (`guid`, `id`, `id2`, `id3`, `id4`, `map`, `position_x`, `position_y`, `position_z`, `orientation`, `spawntimesecsmin`, `spawntimesecsmax`, `wander_distance`, `health_percent`, `mana_percent`, `movement_type`, `spawn_flags`, `visibility_mod`) VALUES (68765, 51247, 0, 0, 0, 0, -8315.91, 548.153, 99.6021, 5.33584, 120, 120, 0, 100, 100, 0, 0, 0);
INSERT INTO `creature` (`guid`, `id`, `id2`, `id3`, `id4`, `map`, `position_x`, `position_y`, `position_z`, `orientation`, `spawntimesecsmin`, `spawntimesecsmax`, `wander_distance`, `health_percent`, `mana_percent`, `movement_type`, `spawn_flags`, `visibility_mod`) VALUES (68766, 51247, 0, 0, 0, 0, -8324.04, 558.751, 99.6021, 5.35155, 120, 120, 0, 100, 100, 0, 0, 0);
INSERT INTO `creature` (`guid`, `id`, `id2`, `id3`, `id4`, `map`, `position_x`, `position_y`, `position_z`, `orientation`, `spawntimesecsmin`, `spawntimesecsmax`, `wander_distance`, `health_percent`, `mana_percent`, `movement_type`, `spawn_flags`, `visibility_mod`) VALUES (68767, 51247, 0, 0, 0, 0, -8321.7, 555.845, 99.6021, 5.36333, 120, 120, 0, 100, 100, 0, 0, 0);
INSERT INTO `creature` (`guid`, `id`, `id2`, `id3`, `id4`, `map`, `position_x`, `position_y`, `position_z`, `orientation`, `spawntimesecsmin`, `spawntimesecsmax`, `wander_distance`, `health_percent`, `mana_percent`, `movement_type`, `spawn_flags`, `visibility_mod`) VALUES (68768, 51247, 0, 0, 0, 0, -8317.67, 550.601, 99.6021, 5.33584, 120, 120, 0, 100, 100, 0, 0, 0);
INSERT INTO `creature` (`guid`, `id`, `id2`, `id3`, `id4`, `map`, `position_x`, `position_y`, `position_z`, `orientation`, `spawntimesecsmin`, `spawntimesecsmax`, `wander_distance`, `health_percent`, `mana_percent`, `movement_type`, `spawn_flags`, `visibility_mod`) VALUES (68769, 51247, 0, 0, 0, 0, -8319.5, 553.053, 99.6021, 5.31228, 120, 120, 0, 100, 100, 0, 0, 0);
INSERT INTO `creature` (`guid`, `id`, `id2`, `id3`, `id4`, `map`, `position_x`, `position_y`, `position_z`, `orientation`, `spawntimesecsmin`, `spawntimesecsmax`, `wander_distance`, `health_percent`, `mana_percent`, `movement_type`, `spawn_flags`, `visibility_mod`) VALUES (68770, 51247, 0, 0, 0, 0, -8326.36, 561.658, 99.6021, 5.3869, 120, 120, 0, 100, 100, 0, 0, 0);
INSERT INTO `creature` (`guid`, `id`, `id2`, `id3`, `id4`, `map`, `position_x`, `position_y`, `position_z`, `orientation`, `spawntimesecsmin`, `spawntimesecsmax`, `wander_distance`, `health_percent`, `mana_percent`, `movement_type`, `spawn_flags`, `visibility_mod`) VALUES (68771, 51247, 0, 0, 0, 0, -8308.48, 558.127, 99.6021, 5.39555, 120, 120, 0, 100, 100, 0, 0, 0);
INSERT INTO `creature` (`guid`, `id`, `id2`, `id3`, `id4`, `map`, `position_x`, `position_y`, `position_z`, `orientation`, `spawntimesecsmin`, `spawntimesecsmax`, `wander_distance`, `health_percent`, `mana_percent`, `movement_type`, `spawn_flags`, `visibility_mod`) VALUES (68772, 51247, 0, 0, 0, 0, -8310.85, 561.162, 99.6021, 5.37984, 120, 120, 0, 100, 100, 0, 0, 0);
INSERT INTO `creature` (`guid`, `id`, `id2`, `id3`, `id4`, `map`, `position_x`, `position_y`, `position_z`, `orientation`, `spawntimesecsmin`, `spawntimesecsmax`, `wander_distance`, `health_percent`, `mana_percent`, `movement_type`, `spawn_flags`, `visibility_mod`) VALUES (68773, 51247, 0, 0, 0, 0, -8312.81, 563.651, 99.6021, 5.37984, 120, 120, 0, 100, 100, 0, 0, 0);
INSERT INTO `creature` (`guid`, `id`, `id2`, `id3`, `id4`, `map`, `position_x`, `position_y`, `position_z`, `orientation`, `spawntimesecsmin`, `spawntimesecsmax`, `wander_distance`, `health_percent`, `mana_percent`, `movement_type`, `spawn_flags`, `visibility_mod`) VALUES (68774, 51247, 0, 0, 0, 0, -8315.32, 566.827, 99.6021, 5.37984, 120, 120, 0, 100, 100, 0, 0, 0);
INSERT INTO `creature` (`guid`, `id`, `id2`, `id3`, `id4`, `map`, `position_x`, `position_y`, `position_z`, `orientation`, `spawntimesecsmin`, `spawntimesecsmax`, `wander_distance`, `health_percent`, `mana_percent`, `movement_type`, `spawn_flags`, `visibility_mod`) VALUES (68775, 51247, 0, 0, 0, 0, -8317.5, 569.601, 99.6021, 5.37984, 120, 120, 0, 100, 100, 0, 0, 0);
INSERT INTO `creature` (`guid`, `id`, `id2`, `id3`, `id4`, `map`, `position_x`, `position_y`, `position_z`, `orientation`, `spawntimesecsmin`, `spawntimesecsmax`, `wander_distance`, `health_percent`, `mana_percent`, `movement_type`, `spawn_flags`, `visibility_mod`) VALUES (68776, 51252, 0, 0, 0, 0, -8311.81, 552.442, 99.6023, 2.2325, 600, 600, 0, 100, 100, 0, 0, 0);
INSERT INTO `creature` (`guid`, `id`, `id2`, `id3`, `id4`, `map`, `position_x`, `position_y`, `position_z`, `orientation`, `spawntimesecsmin`, `spawntimesecsmax`, `wander_distance`, `health_percent`, `mana_percent`, `movement_type`, `spawn_flags`, `visibility_mod`) VALUES (68777, 51244, 0, 0, 0, 0, -8362.99, 534.714, 91.7972, 2.23209, 300, 300, 0, 100, 100, 2, 0, 0);
INSERT INTO `creature_addon` (`guid`, `display_id`, `mount_display_id`, `equipment_id`, `stand_state`, `sheath_state`, `emote_state`, `auras`) VALUES (68758, 0, -1, -1, 5, 1, 0, NULL);
INSERT INTO `creature_addon` (`guid`, `display_id`, `mount_display_id`, `equipment_id`, `stand_state`, `sheath_state`, `emote_state`, `auras`) VALUES (68759, 0, -1, -1, 5, 1, 0, NULL);
INSERT INTO `creature_movement_template` (`entry`, `point`, `position_x`, `position_y`, `position_z`, `orientation`, `waittime`, `wander_distance`, `script_id`) VALUES (51244, 1, -8366.67, 539.418, 91.7972, 100, 0, 0, 0);
INSERT INTO `creature_movement_template` (`entry`, `point`, `position_x`, `position_y`, `position_z`, `orientation`, `waittime`, `wander_distance`, `script_id`) VALUES (51244, 2, -8372.4, 546.974, 91.7972, 100, 0, 0, 0);
INSERT INTO `creature_movement_template` (`entry`, `point`, `position_x`, `position_y`, `position_z`, `orientation`, `waittime`, `wander_distance`, `script_id`) VALUES (51244, 3, -8382.04, 558.586, 91.7972, 100, 0, 0, 0);
INSERT INTO `creature_movement_template` (`entry`, `point`, `position_x`, `position_y`, `position_z`, `orientation`, `waittime`, `wander_distance`, `script_id`) VALUES (51244, 4, -8390.93, 569.296, 91.7972, 100, 0, 0, 0);
INSERT INTO `creature_movement_template` (`entry`, `point`, `position_x`, `position_y`, `position_z`, `orientation`, `waittime`, `wander_distance`, `script_id`) VALUES (51244, 5, -8391.19, 576.35, 91.2696, 100, 0, 0, 0);
INSERT INTO `creature_movement_template` (`entry`, `point`, `position_x`, `position_y`, `position_z`, `orientation`, `waittime`, `wander_distance`, `script_id`) VALUES (51244, 6, -8383.78, 588.469, 92.0011, 100, 0, 0, 0);
INSERT INTO `creature_movement_template` (`entry`, `point`, `position_x`, `position_y`, `position_z`, `orientation`, `waittime`, `wander_distance`, `script_id`) VALUES (51244, 7, -8384.75, 602.86, 93.8824, 100, 0, 0, 0);
INSERT INTO `creature_movement_template` (`entry`, `point`, `position_x`, `position_y`, `position_z`, `orientation`, `waittime`, `wander_distance`, `script_id`) VALUES (51244, 8, -8386.87, 614.056, 94.9738, 100, 0, 0, 0);
INSERT INTO `creature_movement_template` (`entry`, `point`, `position_x`, `position_y`, `position_z`, `orientation`, `waittime`, `wander_distance`, `script_id`) VALUES (51244, 9, -8382.02, 621.869, 95.3145, 100, 0, 0, 0);
INSERT INTO `creature_movement_template` (`entry`, `point`, `position_x`, `position_y`, `position_z`, `orientation`, `waittime`, `wander_distance`, `script_id`) VALUES (51244, 10, -8370.8, 625.052, 94.7941, 100, 0, 0, 0);
INSERT INTO `creature_movement_template` (`entry`, `point`, `position_x`, `position_y`, `position_z`, `orientation`, `waittime`, `wander_distance`, `script_id`) VALUES (51244, 11, -8359.6, 623.484, 95.1702, 100, 0, 0, 0);
INSERT INTO `creature_movement_template` (`entry`, `point`, `position_x`, `position_y`, `position_z`, `orientation`, `waittime`, `wander_distance`, `script_id`) VALUES (51244, 12, -8350.58, 621.023, 95.1989, 100, 0, 0, 0);
INSERT INTO `creature_movement_template` (`entry`, `point`, `position_x`, `position_y`, `position_z`, `orientation`, `waittime`, `wander_distance`, `script_id`) VALUES (51244, 13, -8344.84, 616.123, 98.1144, 100, 0, 0, 0);
INSERT INTO `creature_movement_template` (`entry`, `point`, `position_x`, `position_y`, `position_z`, `orientation`, `waittime`, `wander_distance`, `script_id`) VALUES (51244, 14, -8339.9, 611.905, 99.602, 100, 0, 0, 0);
INSERT INTO `creature_movement_template` (`entry`, `point`, `position_x`, `position_y`, `position_z`, `orientation`, `waittime`, `wander_distance`, `script_id`) VALUES (51244, 15, -8332.87, 604.968, 99.602, 100, 0, 0, 0);
INSERT INTO `creature_movement_template` (`entry`, `point`, `position_x`, `position_y`, `position_z`, `orientation`, `waittime`, `wander_distance`, `script_id`) VALUES (51244, 16, -8330.94, 597, 99.602, 100, 0, 0, 0);
INSERT INTO `creature_movement_template` (`entry`, `point`, `position_x`, `position_y`, `position_z`, `orientation`, `waittime`, `wander_distance`, `script_id`) VALUES (51244, 17, -8339.23, 588.543, 99.602, 100, 0, 0, 0);
INSERT INTO `creature_movement_template` (`entry`, `point`, `position_x`, `position_y`, `position_z`, `orientation`, `waittime`, `wander_distance`, `script_id`) VALUES (51244, 18, -8331.88, 578.159, 99.602, 100, 0, 0, 0);
INSERT INTO `creature_movement_template` (`entry`, `point`, `position_x`, `position_y`, `position_z`, `orientation`, `waittime`, `wander_distance`, `script_id`) VALUES (51244, 19, -8332.94, 571.746, 99.602, 100, 0, 0, 0);
INSERT INTO `creature_movement_template` (`entry`, `point`, `position_x`, `position_y`, `position_z`, `orientation`, `waittime`, `wander_distance`, `script_id`) VALUES (51244, 20, -8335.2, 566.41, 99.602, 100, 0, 0, 0);
INSERT INTO `creature_movement_template` (`entry`, `point`, `position_x`, `position_y`, `position_z`, `orientation`, `waittime`, `wander_distance`, `script_id`) VALUES (51244, 21, -8338.91, 562.423, 99.602, 100, 3000, 0, 0);
INSERT INTO `creature_movement_template` (`entry`, `point`, `position_x`, `position_y`, `position_z`, `orientation`, `waittime`, `wander_distance`, `script_id`) VALUES (51244, 22, -8338.91, 562.423, 99.602, 100, 1000, 0, 4);

-- New gameobjects.
INSERT INTO `gameobject_template` (`entry`, `type`, `displayId`, `name`, `faction`, `flags`, `size`, `data0`, `data1`, `data2`, `data3`, `data4`, `data5`, `data6`, `data7`, `data8`, `data9`, `data10`, `data11`, `data12`, `data13`, `data14`, `data15`, `data16`, `data17`, `data18`, `data19`, `data20`, `data21`, `data22`, `data23`, `mingold`, `maxgold`, `phase_quest_id`, `script_name`) VALUES (1000108, 5, 25993, 'The Shell', 0, 0, 2, 0, 0, 0, 0, 0, 0, 0, 0, 0, 0, 0, 0, 0, 0, 0, 0, 0, 0, 0, 0, 0, 0, 0, 0, 0, 0, 0, '');
INSERT INTO `gameobject` (`guid`, `id`, `map`, `position_x`, `position_y`, `position_z`, `orientation`, `rotation0`, `rotation1`, `rotation2`, `rotation3`, `spawntimesecsmin`, `spawntimesecsmax`, `animprogress`, `state`, `spawn_flags`, `visibility_mod`) VALUES (4003233, 1000108, 0, -8306.54, 545.714, 99.6027, 2.2192, 0, 0, 0.89552, 0.445021, 300, 300, 100, 1, 0, 0);
INSERT INTO `gameobject` (`guid`, `id`, `map`, `position_x`, `position_y`, `position_z`, `orientation`, `rotation0`, `rotation1`, `rotation2`, `rotation3`, `spawntimesecsmin`, `spawntimesecsmax`, `animprogress`, `state`, `spawn_flags`, `visibility_mod`) VALUES (4003232, 1000108, 1, 2176.17, -4763.52, 54.9112, 5.73356, 0, 0, 0.271366, -0.962476, 300, 300, 100, 1, 0, 0);

-- Waypoints for Orphan Matron Nightingale.
INSERT INTO `creature_movement_template` (`entry`, `point`, `position_x`, `position_y`, `position_z`, `orientation`, `waittime`, `wander_distance`, `script_id`) VALUES (14450, 1, -8621.17, 744.422, 96.7809, 3.33358, 1800000, 0, 0);
INSERT INTO `creature_movement_template` (`entry`, `point`, `position_x`, `position_y`, `position_z`, `orientation`, `waittime`, `wander_distance`, `script_id`) VALUES (14450, 2, -8621.17, 744.422, 96.7809, 3.33358, 3000, 0, 14450);
INSERT INTO `creature_movement_template` (`entry`, `point`, `position_x`, `position_y`, `position_z`, `orientation`, `waittime`, `wander_distance`, `script_id`) VALUES (14450, 3, -8624.13, 747.253, 96.7776, 100, 0, 0, 0);
INSERT INTO `creature_movement_template` (`entry`, `point`, `position_x`, `position_y`, `position_z`, `orientation`, `waittime`, `wander_distance`, `script_id`) VALUES (14450, 4, -8610.54, 758.136, 96.7529, 100, 0, 0, 0);
INSERT INTO `creature_movement_template` (`entry`, `point`, `position_x`, `position_y`, `position_z`, `orientation`, `waittime`, `wander_distance`, `script_id`) VALUES (14450, 5, -8597.83, 758.405, 96.754, 100, 0, 0, 0);
INSERT INTO `creature_movement_template` (`entry`, `point`, `position_x`, `position_y`, `position_z`, `orientation`, `waittime`, `wander_distance`, `script_id`) VALUES (14450, 6, -8589.12, 748.053, 96.7555, 100, 0, 0, 0);
INSERT INTO `creature_movement_template` (`entry`, `point`, `position_x`, `position_y`, `position_z`, `orientation`, `waittime`, `wander_distance`, `script_id`) VALUES (14450, 7, -8580.9, 737.632, 96.7584, 100, 0, 0, 0);
INSERT INTO `creature_movement_template` (`entry`, `point`, `position_x`, `position_y`, `position_z`, `orientation`, `waittime`, `wander_distance`, `script_id`) VALUES (14450, 8, -8590.92, 724.016, 96.6974, 100, 0, 0, 0);
INSERT INTO `creature_movement_template` (`entry`, `point`, `position_x`, `position_y`, `position_z`, `orientation`, `waittime`, `wander_distance`, `script_id`) VALUES (14450, 9, -8591.96, 711.989, 96.652, 100, 0, 0, 0);
INSERT INTO `creature_movement_template` (`entry`, `point`, `position_x`, `position_y`, `position_z`, `orientation`, `waittime`, `wander_distance`, `script_id`) VALUES (14450, 10, -8582.4, 699.265, 97.0172, 100, 0, 0, 0);
INSERT INTO `creature_movement_template` (`entry`, `point`, `position_x`, `position_y`, `position_z`, `orientation`, `waittime`, `wander_distance`, `script_id`) VALUES (14450, 11, -8573.42, 688.023, 97.0172, 100, 0, 0, 0);
INSERT INTO `creature_movement_template` (`entry`, `point`, `position_x`, `position_y`, `position_z`, `orientation`, `waittime`, `wander_distance`, `script_id`) VALUES (14450, 12, -8566.73, 679.639, 97.0172, 100, 0, 0, 0);
INSERT INTO `creature_movement_template` (`entry`, `point`, `position_x`, `position_y`, `position_z`, `orientation`, `waittime`, `wander_distance`, `script_id`) VALUES (14450, 13, -8562.02, 673.737, 97.0172, 100, 0, 0, 0);
INSERT INTO `creature_movement_template` (`entry`, `point`, `position_x`, `position_y`, `position_z`, `orientation`, `waittime`, `wander_distance`, `script_id`) VALUES (14450, 14, -8550.35, 681.947, 97.1655, 100, 0, 0, 0);
INSERT INTO `creature_movement_template` (`entry`, `point`, `position_x`, `position_y`, `position_z`, `orientation`, `waittime`, `wander_distance`, `script_id`) VALUES (14450, 15, -8538.68, 689.523, 97.6696, 100, 0, 0, 0);
INSERT INTO `creature_movement_template` (`entry`, `point`, `position_x`, `position_y`, `position_z`, `orientation`, `waittime`, `wander_distance`, `script_id`) VALUES (14450, 16, -8532.81, 682.315, 98.4652, 100, 0, 0, 0);
INSERT INTO `creature_movement_template` (`entry`, `point`, `position_x`, `position_y`, `position_z`, `orientation`, `waittime`, `wander_distance`, `script_id`) VALUES (14450, 17, -8526, 673.715, 102.39, 100, 0, 0, 0);
INSERT INTO `creature_movement_template` (`entry`, `point`, `position_x`, `position_y`, `position_z`, `orientation`, `waittime`, `wander_distance`, `script_id`) VALUES (14450, 18, -8518.89, 664.748, 102.425, 100, 0, 0, 0);
INSERT INTO `creature_movement_template` (`entry`, `point`, `position_x`, `position_y`, `position_z`, `orientation`, `waittime`, `wander_distance`, `script_id`) VALUES (14450, 19, -8513.6, 658.061, 101.175, 100, 0, 0, 0);
INSERT INTO `creature_movement_template` (`entry`, `point`, `position_x`, `position_y`, `position_z`, `orientation`, `waittime`, `wander_distance`, `script_id`) VALUES (14450, 20, -8509.5, 652.881, 100.292, 100, 0, 0, 0);
INSERT INTO `creature_movement_template` (`entry`, `point`, `position_x`, `position_y`, `position_z`, `orientation`, `waittime`, `wander_distance`, `script_id`) VALUES (14450, 21, -8502.62, 658.595, 100.321, 100, 0, 0, 0);
INSERT INTO `creature_movement_template` (`entry`, `point`, `position_x`, `position_y`, `position_z`, `orientation`, `waittime`, `wander_distance`, `script_id`) VALUES (14450, 22, -8493.86, 668.334, 100.425, 100, 0, 0, 0);
INSERT INTO `creature_movement_template` (`entry`, `point`, `position_x`, `position_y`, `position_z`, `orientation`, `waittime`, `wander_distance`, `script_id`) VALUES (14450, 23, -8487.3, 676.78, 100.713, 100, 0, 0, 0);
INSERT INTO `creature_movement_template` (`entry`, `point`, `position_x`, `position_y`, `position_z`, `orientation`, `waittime`, `wander_distance`, `script_id`) VALUES (14450, 24, -8479.97, 683.542, 100.264, 100, 0, 0, 0);
INSERT INTO `creature_movement_template` (`entry`, `point`, `position_x`, `position_y`, `position_z`, `orientation`, `waittime`, `wander_distance`, `script_id`) VALUES (14450, 25, -8471.63, 689.266, 99.7408, 100, 0, 0, 0);
INSERT INTO `creature_movement_template` (`entry`, `point`, `position_x`, `position_y`, `position_z`, `orientation`, `waittime`, `wander_distance`, `script_id`) VALUES (14450, 26, -8464.48, 680.656, 98.3865, 100, 0, 0, 0);
INSERT INTO `creature_movement_template` (`entry`, `point`, `position_x`, `position_y`, `position_z`, `orientation`, `waittime`, `wander_distance`, `script_id`) VALUES (14450, 27, -8455.22, 668.886, 96.0388, 100, 0, 0, 0);
INSERT INTO `creature_movement_template` (`entry`, `point`, `position_x`, `position_y`, `position_z`, `orientation`, `waittime`, `wander_distance`, `script_id`) VALUES (14450, 28, -8449.16, 661.192, 94.079, 100, 0, 0, 0);
INSERT INTO `creature_movement_template` (`entry`, `point`, `position_x`, `position_y`, `position_z`, `orientation`, `waittime`, `wander_distance`, `script_id`) VALUES (14450, 29, -8443.25, 653.683, 92.9387, 100, 0, 0, 0);
INSERT INTO `creature_movement_template` (`entry`, `point`, `position_x`, `position_y`, `position_z`, `orientation`, `waittime`, `wander_distance`, `script_id`) VALUES (14450, 30, -8432.15, 660.329, 93.4553, 100, 0, 0, 0);
INSERT INTO `creature_movement_template` (`entry`, `point`, `position_x`, `position_y`, `position_z`, `orientation`, `waittime`, `wander_distance`, `script_id`) VALUES (14450, 31, -8422.25, 667.136, 94.2947, 100, 0, 0, 0);
INSERT INTO `creature_movement_template` (`entry`, `point`, `position_x`, `position_y`, `position_z`, `orientation`, `waittime`, `wander_distance`, `script_id`) VALUES (14450, 32, -8412.91, 672.357, 94.8389, 100, 0, 0, 0);
INSERT INTO `creature_movement_template` (`entry`, `point`, `position_x`, `position_y`, `position_z`, `orientation`, `waittime`, `wander_distance`, `script_id`) VALUES (14450, 33, -8405.44, 672.248, 94.8952, 100, 0, 0, 0);
INSERT INTO `creature_movement_template` (`entry`, `point`, `position_x`, `position_y`, `position_z`, `orientation`, `waittime`, `wander_distance`, `script_id`) VALUES (14450, 34, -8398.1, 667.286, 94.8952, 100, 0, 0, 0);
INSERT INTO `creature_movement_template` (`entry`, `point`, `position_x`, `position_y`, `position_z`, `orientation`, `waittime`, `wander_distance`, `script_id`) VALUES (14450, 35, -8388.99, 658.554, 94.8774, 100, 0, 0, 0);
INSERT INTO `creature_movement_template` (`entry`, `point`, `position_x`, `position_y`, `position_z`, `orientation`, `waittime`, `wander_distance`, `script_id`) VALUES (14450, 36, -8379.2, 649.169, 94.7659, 100, 0, 0, 0);
INSERT INTO `creature_movement_template` (`entry`, `point`, `position_x`, `position_y`, `position_z`, `orientation`, `waittime`, `wander_distance`, `script_id`) VALUES (14450, 37, -8370.17, 640.515, 94.8915, 100, 0, 0, 0);
INSERT INTO `creature_movement_template` (`entry`, `point`, `position_x`, `position_y`, `position_z`, `orientation`, `waittime`, `wander_distance`, `script_id`) VALUES (14450, 38, -8361.32, 634.986, 94.9927, 100, 0, 0, 0);
INSERT INTO `creature_movement_template` (`entry`, `point`, `position_x`, `position_y`, `position_z`, `orientation`, `waittime`, `wander_distance`, `script_id`) VALUES (14450, 39, -8349.17, 626.886, 95.1996, 100, 0, 0, 0);
INSERT INTO `creature_movement_template` (`entry`, `point`, `position_x`, `position_y`, `position_z`, `orientation`, `waittime`, `wander_distance`, `script_id`) VALUES (14450, 40, -8343.42, 620.377, 97.1472, 100, 0, 0, 0);
INSERT INTO `creature_movement_template` (`entry`, `point`, `position_x`, `position_y`, `position_z`, `orientation`, `waittime`, `wander_distance`, `script_id`) VALUES (14450, 41, -8338.76, 613.996, 99.5999, 100, 0, 0, 0);
INSERT INTO `creature_movement_template` (`entry`, `point`, `position_x`, `position_y`, `position_z`, `orientation`, `waittime`, `wander_distance`, `script_id`) VALUES (14450, 42, -8331.88, 604.568, 99.6002, 100, 0, 0, 0);
INSERT INTO `creature_movement_template` (`entry`, `point`, `position_x`, `position_y`, `position_z`, `orientation`, `waittime`, `wander_distance`, `script_id`) VALUES (14450, 43, -8327.85, 599.048, 99.6002, 100, 0, 0, 0);
INSERT INTO `creature_movement_template` (`entry`, `point`, `position_x`, `position_y`, `position_z`, `orientation`, `waittime`, `wander_distance`, `script_id`) VALUES (14450, 44, -8339.7, 588.431, 99.6002, 100, 0, 0, 0);
INSERT INTO `creature_movement_template` (`entry`, `point`, `position_x`, `position_y`, `position_z`, `orientation`, `waittime`, `wander_distance`, `script_id`) VALUES (14450, 45, -8330.75, 579.399, 99.6002, 100, 0, 0, 0);
INSERT INTO `creature_movement_template` (`entry`, `point`, `position_x`, `position_y`, `position_z`, `orientation`, `waittime`, `wander_distance`, `script_id`) VALUES (14450, 46, -8322.57, 575.524, 99.6002, 100, 0, 0, 0);
INSERT INTO `creature_movement_template` (`entry`, `point`, `position_x`, `position_y`, `position_z`, `orientation`, `waittime`, `wander_distance`, `script_id`) VALUES (14450, 47, -8319.36, 571.951, 99.6002, 100, 3000, 0, 0);
INSERT INTO `creature_movement_template` (`entry`, `point`, `position_x`, `position_y`, `position_z`, `orientation`, `waittime`, `wander_distance`, `script_id`) VALUES (14450, 48, -8319.36, 571.951, 99.6002, 100, 1000, 0, 4);
DELETE FROM `creature_movement_scripts` WHERE `id`=14450;
INSERT INTO `creature_movement_scripts` (`id`, `delay`, `priority`, `command`, `datalong`, `datalong2`, `datalong3`, `datalong4`, `target_param1`, `target_param2`, `target_type`, `data_flags`, `dataint`, `dataint2`, `dataint3`, `dataint4`, `x`, `y`, `z`, `o`, `condition_id`, `comments`) VALUES
(14450, 0, 0, 0, 0, 0, 0, 0, 0, 0, 0, 0, 47017, 0, 0, 0, 0, 0, 0, 0, 0, 'Orphan Matron Nightingale - Say Text');
UPDATE `creature` SET `movement_type`=2 WHERE `id`=14450;

-- Waypoints for Melris Malagan.
INSERT INTO `creature_movement_template` (`entry`, `point`, `position_x`, `position_y`, `position_z`, `orientation`, `waittime`, `wander_distance`, `script_id`) VALUES (12480, 1, -8824.71, 629.821, 94.0246, 4.03171, 1800000, 0, 0);
INSERT INTO `creature_movement_template` (`entry`, `point`, `position_x`, `position_y`, `position_z`, `orientation`, `waittime`, `wander_distance`, `script_id`) VALUES (12480, 2, -8824.71, 629.823, 94.0253, 4.03180, 3000, 2.27, 12480);
INSERT INTO `creature_movement_template` (`entry`, `point`, `position_x`, `position_y`, `position_z`, `orientation`, `waittime`, `wander_distance`, `script_id`) VALUES (12480, 3, -8825.25, 621.915, 94.0459, 100, 0, 0, 0);
INSERT INTO `creature_movement_template` (`entry`, `point`, `position_x`, `position_y`, `position_z`, `orientation`, `waittime`, `wander_distance`, `script_id`) VALUES (12480, 4, -8817.68, 613.269, 95.2444, 100, 0, 0, 0);
INSERT INTO `creature_movement_template` (`entry`, `point`, `position_x`, `position_y`, `position_z`, `orientation`, `waittime`, `wander_distance`, `script_id`) VALUES (12480, 5, -8810.23, 604.741, 96.1484, 100, 0, 0, 0);
INSERT INTO `creature_movement_template` (`entry`, `point`, `position_x`, `position_y`, `position_z`, `orientation`, `waittime`, `wander_distance`, `script_id`) VALUES (12480, 6, -8803.79, 597.369, 96.8496, 100, 0, 0, 0);
INSERT INTO `creature_movement_template` (`entry`, `point`, `position_x`, `position_y`, `position_z`, `orientation`, `waittime`, `wander_distance`, `script_id`) VALUES (12480, 7, -8796.33, 589.56, 97.4177, 100, 0, 0, 0);
INSERT INTO `creature_movement_template` (`entry`, `point`, `position_x`, `position_y`, `position_z`, `orientation`, `waittime`, `wander_distance`, `script_id`) VALUES (12480, 8, -8787.57, 594.738, 97.4886, 100, 0, 0, 0);
INSERT INTO `creature_movement_template` (`entry`, `point`, `position_x`, `position_y`, `position_z`, `orientation`, `waittime`, `wander_distance`, `script_id`) VALUES (12480, 9, -8779.62, 601.217, 97.3019, 100, 0, 0, 0);
INSERT INTO `creature_movement_template` (`entry`, `point`, `position_x`, `position_y`, `position_z`, `orientation`, `waittime`, `wander_distance`, `script_id`) VALUES (12480, 10, -8771.17, 607.62, 97.1654, 100, 0, 0, 0);
INSERT INTO `creature_movement_template` (`entry`, `point`, `position_x`, `position_y`, `position_z`, `orientation`, `waittime`, `wander_distance`, `script_id`) VALUES (12480, 11, -8761.92, 599.627, 97.0468, 100, 0, 0, 0);
INSERT INTO `creature_movement_template` (`entry`, `point`, `position_x`, `position_y`, `position_z`, `orientation`, `waittime`, `wander_distance`, `script_id`) VALUES (12480, 12, -8749.56, 586.693, 97.3858, 100, 0, 0, 0);
INSERT INTO `creature_movement_template` (`entry`, `point`, `position_x`, `position_y`, `position_z`, `orientation`, `waittime`, `wander_distance`, `script_id`) VALUES (12480, 13, -8743.22, 580.37, 97.4678, 100, 0, 0, 0);
INSERT INTO `creature_movement_template` (`entry`, `point`, `position_x`, `position_y`, `position_z`, `orientation`, `waittime`, `wander_distance`, `script_id`) VALUES (12480, 14, -8739.01, 573.933, 97.4133, 100, 0, 0, 0);
INSERT INTO `creature_movement_template` (`entry`, `point`, `position_x`, `position_y`, `position_z`, `orientation`, `waittime`, `wander_distance`, `script_id`) VALUES (12480, 15, -8744.14, 566.585, 97.3962, 100, 0, 0, 0);
INSERT INTO `creature_movement_template` (`entry`, `point`, `position_x`, `position_y`, `position_z`, `orientation`, `waittime`, `wander_distance`, `script_id`) VALUES (12480, 16, -8746.59, 558.925, 97.4026, 100, 0, 0, 0);
INSERT INTO `creature_movement_template` (`entry`, `point`, `position_x`, `position_y`, `position_z`, `orientation`, `waittime`, `wander_distance`, `script_id`) VALUES (12480, 17, -8739.42, 550.51, 100.034, 100, 0, 0, 0);
INSERT INTO `creature_movement_template` (`entry`, `point`, `position_x`, `position_y`, `position_z`, `orientation`, `waittime`, `wander_distance`, `script_id`) VALUES (12480, 18, -8731.71, 542.225, 101.113, 100, 0, 0, 0);
INSERT INTO `creature_movement_template` (`entry`, `point`, `position_x`, `position_y`, `position_z`, `orientation`, `waittime`, `wander_distance`, `script_id`) VALUES (12480, 19, -8723.81, 532.898, 100.081, 100, 0, 0, 0);
INSERT INTO `creature_movement_template` (`entry`, `point`, `position_x`, `position_y`, `position_z`, `orientation`, `waittime`, `wander_distance`, `script_id`) VALUES (12480, 20, -8718.26, 525.3, 98.3069, 100, 0, 0, 0);
INSERT INTO `creature_movement_template` (`entry`, `point`, `position_x`, `position_y`, `position_z`, `orientation`, `waittime`, `wander_distance`, `script_id`) VALUES (12480, 21, -8710.95, 520.823, 97.3647, 100, 0, 0, 0);
INSERT INTO `creature_movement_template` (`entry`, `point`, `position_x`, `position_y`, `position_z`, `orientation`, `waittime`, `wander_distance`, `script_id`) VALUES (12480, 22, -8700.49, 529.253, 97.7001, 100, 0, 0, 0);
INSERT INTO `creature_movement_template` (`entry`, `point`, `position_x`, `position_y`, `position_z`, `orientation`, `waittime`, `wander_distance`, `script_id`) VALUES (12480, 23, -8691.38, 537.635, 97.8308, 100, 0, 0, 0);
INSERT INTO `creature_movement_template` (`entry`, `point`, `position_x`, `position_y`, `position_z`, `orientation`, `waittime`, `wander_distance`, `script_id`) VALUES (12480, 24, -8681.66, 546.583, 97.5592, 100, 0, 0, 0);
INSERT INTO `creature_movement_template` (`entry`, `point`, `position_x`, `position_y`, `position_z`, `orientation`, `waittime`, `wander_distance`, `script_id`) VALUES (12480, 25, -8673.74, 550.958, 97.3062, 100, 0, 0, 0);
INSERT INTO `creature_movement_template` (`entry`, `point`, `position_x`, `position_y`, `position_z`, `orientation`, `waittime`, `wander_distance`, `script_id`) VALUES (12480, 26, -8663.18, 552.738, 96.9232, 100, 0, 0, 0);
INSERT INTO `creature_movement_template` (`entry`, `point`, `position_x`, `position_y`, `position_z`, `orientation`, `waittime`, `wander_distance`, `script_id`) VALUES (12480, 27, -8656.81, 553.224, 96.9475, 100, 0, 0, 0);
INSERT INTO `creature_movement_template` (`entry`, `point`, `position_x`, `position_y`, `position_z`, `orientation`, `waittime`, `wander_distance`, `script_id`) VALUES (12480, 28, -8648.51, 546.3, 97.6832, 100, 0, 0, 0);
INSERT INTO `creature_movement_template` (`entry`, `point`, `position_x`, `position_y`, `position_z`, `orientation`, `waittime`, `wander_distance`, `script_id`) VALUES (12480, 29, -8639.81, 538.352, 99.2895, 100, 0, 0, 0);
INSERT INTO `creature_movement_template` (`entry`, `point`, `position_x`, `position_y`, `position_z`, `orientation`, `waittime`, `wander_distance`, `script_id`) VALUES (12480, 30, -8631.54, 530.663, 100.661, 100, 0, 0, 0);
INSERT INTO `creature_movement_template` (`entry`, `point`, `position_x`, `position_y`, `position_z`, `orientation`, `waittime`, `wander_distance`, `script_id`) VALUES (12480, 31, -8623.71, 523.497, 102.04, 100, 0, 0, 0);
INSERT INTO `creature_movement_template` (`entry`, `point`, `position_x`, `position_y`, `position_z`, `orientation`, `waittime`, `wander_distance`, `script_id`) VALUES (12480, 32, -8612.87, 514.258, 103.427, 100, 0, 0, 0);
INSERT INTO `creature_movement_template` (`entry`, `point`, `position_x`, `position_y`, `position_z`, `orientation`, `waittime`, `wander_distance`, `script_id`) VALUES (12480, 33, -8606.73, 518.951, 105.139, 100, 0, 0, 0);
INSERT INTO `creature_movement_template` (`entry`, `point`, `position_x`, `position_y`, `position_z`, `orientation`, `waittime`, `wander_distance`, `script_id`) VALUES (12480, 34, -8597.76, 527.127, 106.388, 100, 0, 0, 0);
INSERT INTO `creature_movement_template` (`entry`, `point`, `position_x`, `position_y`, `position_z`, `orientation`, `waittime`, `wander_distance`, `script_id`) VALUES (12480, 35, -8585.48, 536.786, 103.413, 100, 0, 0, 0);
INSERT INTO `creature_movement_template` (`entry`, `point`, `position_x`, `position_y`, `position_z`, `orientation`, `waittime`, `wander_distance`, `script_id`) VALUES (12480, 36, -8577.03, 541.561, 101.785, 100, 0, 0, 0);
INSERT INTO `creature_movement_template` (`entry`, `point`, `position_x`, `position_y`, `position_z`, `orientation`, `waittime`, `wander_distance`, `script_id`) VALUES (12480, 37, -8570.72, 535.259, 101.545, 100, 0, 0, 0);
INSERT INTO `creature_movement_template` (`entry`, `point`, `position_x`, `position_y`, `position_z`, `orientation`, `waittime`, `wander_distance`, `script_id`) VALUES (12480, 38, -8563.14, 526.542, 100.846, 100, 0, 0, 0);
INSERT INTO `creature_movement_template` (`entry`, `point`, `position_x`, `position_y`, `position_z`, `orientation`, `waittime`, `wander_distance`, `script_id`) VALUES (12480, 39, -8556.09, 517.993, 99.7041, 100, 0, 0, 0);
INSERT INTO `creature_movement_template` (`entry`, `point`, `position_x`, `position_y`, `position_z`, `orientation`, `waittime`, `wander_distance`, `script_id`) VALUES (12480, 40, -8550.94, 510.991, 98.4502, 100, 0, 0, 0);
INSERT INTO `creature_movement_template` (`entry`, `point`, `position_x`, `position_y`, `position_z`, `orientation`, `waittime`, `wander_distance`, `script_id`) VALUES (12480, 41, -8544.07, 502.924, 98.5379, 100, 0, 0, 0);
INSERT INTO `creature_movement_template` (`entry`, `point`, `position_x`, `position_y`, `position_z`, `orientation`, `waittime`, `wander_distance`, `script_id`) VALUES (12480, 42, -8536.41, 507.963, 98.4349, 100, 0, 0, 0);
INSERT INTO `creature_movement_template` (`entry`, `point`, `position_x`, `position_y`, `position_z`, `orientation`, `waittime`, `wander_distance`, `script_id`) VALUES (12480, 43, -8526.32, 516.304, 98.3672, 100, 0, 0, 0);
INSERT INTO `creature_movement_template` (`entry`, `point`, `position_x`, `position_y`, `position_z`, `orientation`, `waittime`, `wander_distance`, `script_id`) VALUES (12480, 44, -8514.14, 526.37, 98.3021, 100, 0, 0, 0);
INSERT INTO `creature_movement_template` (`entry`, `point`, `position_x`, `position_y`, `position_z`, `orientation`, `waittime`, `wander_distance`, `script_id`) VALUES (12480, 45, -8504.32, 534.48, 97.6214, 100, 0, 0, 0);
INSERT INTO `creature_movement_template` (`entry`, `point`, `position_x`, `position_y`, `position_z`, `orientation`, `waittime`, `wander_distance`, `script_id`) VALUES (12480, 46, -8495.92, 543.69, 97.2653, 100, 0, 0, 0);
INSERT INTO `creature_movement_template` (`entry`, `point`, `position_x`, `position_y`, `position_z`, `orientation`, `waittime`, `wander_distance`, `script_id`) VALUES (12480, 47, -8487.64, 552.249, 97.6348, 100, 0, 0, 0);
INSERT INTO `creature_movement_template` (`entry`, `point`, `position_x`, `position_y`, `position_z`, `orientation`, `waittime`, `wander_distance`, `script_id`) VALUES (12480, 48, -8479.59, 560.552, 97.4542, 100, 0, 0, 0);
INSERT INTO `creature_movement_template` (`entry`, `point`, `position_x`, `position_y`, `position_z`, `orientation`, `waittime`, `wander_distance`, `script_id`) VALUES (12480, 49, -8470.41, 570.039, 96.2414, 100, 0, 0, 0);
INSERT INTO `creature_movement_template` (`entry`, `point`, `position_x`, `position_y`, `position_z`, `orientation`, `waittime`, `wander_distance`, `script_id`) VALUES (12480, 50, -8459.79, 577.866, 94.6739, 100, 0, 0, 0);
INSERT INTO `creature_movement_template` (`entry`, `point`, `position_x`, `position_y`, `position_z`, `orientation`, `waittime`, `wander_distance`, `script_id`) VALUES (12480, 51, -8448.44, 587.264, 93.9806, 100, 0, 0, 0);
INSERT INTO `creature_movement_template` (`entry`, `point`, `position_x`, `position_y`, `position_z`, `orientation`, `waittime`, `wander_distance`, `script_id`) VALUES (12480, 52, -8440.86, 596.457, 93.7913, 100, 0, 0, 0);
INSERT INTO `creature_movement_template` (`entry`, `point`, `position_x`, `position_y`, `position_z`, `orientation`, `waittime`, `wander_distance`, `script_id`) VALUES (12480, 53, -8434.44, 606.202, 94.981, 100, 0, 0, 0);
INSERT INTO `creature_movement_template` (`entry`, `point`, `position_x`, `position_y`, `position_z`, `orientation`, `waittime`, `wander_distance`, `script_id`) VALUES (12480, 54, -8431.4, 613.048, 95.1213, 100, 0, 0, 0);
INSERT INTO `creature_movement_template` (`entry`, `point`, `position_x`, `position_y`, `position_z`, `orientation`, `waittime`, `wander_distance`, `script_id`) VALUES (12480, 55, -8430.24, 621.091, 95.3812, 100, 0, 0, 0);
INSERT INTO `creature_movement_template` (`entry`, `point`, `position_x`, `position_y`, `position_z`, `orientation`, `waittime`, `wander_distance`, `script_id`) VALUES (12480, 56, -8421.23, 624.586, 95.6074, 100, 0, 0, 0);
INSERT INTO `creature_movement_template` (`entry`, `point`, `position_x`, `position_y`, `position_z`, `orientation`, `waittime`, `wander_distance`, `script_id`) VALUES (12480, 57, -8410.35, 623.293, 95.5997, 100, 0, 0, 0);
INSERT INTO `creature_movement_template` (`entry`, `point`, `position_x`, `position_y`, `position_z`, `orientation`, `waittime`, `wander_distance`, `script_id`) VALUES (12480, 58, -8398.37, 624.307, 95.3031, 100, 0, 0, 0);
INSERT INTO `creature_movement_template` (`entry`, `point`, `position_x`, `position_y`, `position_z`, `orientation`, `waittime`, `wander_distance`, `script_id`) VALUES (12480, 59, -8386.25, 625.073, 95.2035, 100, 0, 0, 0);
INSERT INTO `creature_movement_template` (`entry`, `point`, `position_x`, `position_y`, `position_z`, `orientation`, `waittime`, `wander_distance`, `script_id`) VALUES (12480, 60, -8374.94, 625.787, 94.7816, 100, 0, 0, 0);
INSERT INTO `creature_movement_template` (`entry`, `point`, `position_x`, `position_y`, `position_z`, `orientation`, `waittime`, `wander_distance`, `script_id`) VALUES (12480, 61, -8365.63, 625.899, 95.022, 100, 0, 0, 0);
INSERT INTO `creature_movement_template` (`entry`, `point`, `position_x`, `position_y`, `position_z`, `orientation`, `waittime`, `wander_distance`, `script_id`) VALUES (12480, 62, -8356.7, 625.165, 95.1471, 100, 0, 0, 0);
INSERT INTO `creature_movement_template` (`entry`, `point`, `position_x`, `position_y`, `position_z`, `orientation`, `waittime`, `wander_distance`, `script_id`) VALUES (12480, 63, -8348.14, 623.024, 95.2001, 100, 0, 0, 0);
INSERT INTO `creature_movement_template` (`entry`, `point`, `position_x`, `position_y`, `position_z`, `orientation`, `waittime`, `wander_distance`, `script_id`) VALUES (12480, 64, -8341.27, 614.787, 99.4358, 100, 0, 0, 0);
INSERT INTO `creature_movement_template` (`entry`, `point`, `position_x`, `position_y`, `position_z`, `orientation`, `waittime`, `wander_distance`, `script_id`) VALUES (12480, 65, -8334.85, 607.09, 99.6021, 100, 0, 0, 0);
INSERT INTO `creature_movement_template` (`entry`, `point`, `position_x`, `position_y`, `position_z`, `orientation`, `waittime`, `wander_distance`, `script_id`) VALUES (12480, 66, -8329.8, 599.684, 99.6021, 100, 0, 0, 0);
INSERT INTO `creature_movement_template` (`entry`, `point`, `position_x`, `position_y`, `position_z`, `orientation`, `waittime`, `wander_distance`, `script_id`) VALUES (12480, 67, -8335.51, 593.098, 99.6021, 100, 0, 0, 0);
INSERT INTO `creature_movement_template` (`entry`, `point`, `position_x`, `position_y`, `position_z`, `orientation`, `waittime`, `wander_distance`, `script_id`) VALUES (12480, 68, -8338.18, 585.925, 99.6021, 100, 0, 0, 0);
INSERT INTO `creature_movement_template` (`entry`, `point`, `position_x`, `position_y`, `position_z`, `orientation`, `waittime`, `wander_distance`, `script_id`) VALUES (12480, 69, -8331.47, 576.397, 99.6021, 100, 0, 0, 0);
INSERT INTO `creature_movement_template` (`entry`, `point`, `position_x`, `position_y`, `position_z`, `orientation`, `waittime`, `wander_distance`, `script_id`) VALUES (12480, 70, -8331.82, 568.456, 99.6021, 100, 0, 0, 0);
INSERT INTO `creature_movement_template` (`entry`, `point`, `position_x`, `position_y`, `position_z`, `orientation`, `waittime`, `wander_distance`, `script_id`) VALUES (12480, 71, -8328.58, 564.404, 99.6021, 100, 3000, 0, 0);
INSERT INTO `creature_movement_template` (`entry`, `point`, `position_x`, `position_y`, `position_z`, `orientation`, `waittime`, `wander_distance`, `script_id`) VALUES (12480, 72, -8328.58, 564.404, 99.6021, 100, 1000, 0, 4);
DELETE FROM `creature_movement_scripts` WHERE `id`=12480;
INSERT INTO `creature_movement_scripts` (`id`, `delay`, `priority`, `command`, `datalong`, `datalong2`, `datalong3`, `datalong4`, `target_param1`, `target_param2`, `target_type`, `data_flags`, `dataint`, `dataint2`, `dataint3`, `dataint4`, `x`, `y`, `z`, `o`, `condition_id`, `comments`) VALUES
(12480, 0, 0, 0, 0, 0, 0, 0, 0, 0, 0, 0, 47018, 0, 0, 0, 0, 0, 0, 0, 0, 'Melris Malagan - Say Text'),
(12480, 0, 0, 51, 0, 0, 0, 0, 0, 0, 0, 0, 0, 0, 0, 0, 0, 0, 0, 0, 0, 'Melris Malagan - Set Sheath State to Unarmed'),
(12480, 4, 0, 0, 0, 0, 0, 0, 0, 0, 0, 0, 47019, 0, 0, 0, 0, 0, 0, 0, 0, 'Melris Malagan - Say Text');
UPDATE `creature` SET `movement_type`=2 WHERE `id`=12480;

-- Events list for Marlos Catos
DELETE FROM `creature_ai_events` WHERE `creature_id`=51252;
INSERT INTO `creature_ai_events` (`id`, `creature_id`, `condition_id`, `event_type`, `event_inverse_phase_mask`, `event_chance`, `event_flags`, `event_param1`, `event_param2`, `event_param3`, `event_param4`, `action1_script`, `action2_script`, `action3_script`, `comment`) VALUES (5125201, 51252, 0, 1, 0, 100, 1, 10000, 30000, 300000, 600000, 5125201, 0, 0, 'Marlos Catos - Say Text OOC');
DELETE FROM `creature_ai_scripts` WHERE `id`=5125201;
INSERT INTO `creature_ai_scripts` (`id`, `delay`, `priority`, `command`, `datalong`, `datalong2`, `datalong3`, `datalong4`, `target_param1`, `target_param2`, `target_type`, `data_flags`, `dataint`, `dataint2`, `dataint3`, `dataint4`, `x`, `y`, `z`, `o`, `condition_id`, `comments`) VALUES
(5125201, 0, 0, 0, 0, 0, 0, 0, 0, 0, 0, 0, 47020, 47021, 47022, 47023, 0, 0, 0, 0, 0, 'Marlos Catos - Say Text OOC');

-- Events list for Boy
DELETE FROM `creature_ai_events` WHERE `creature_id`=51248;
INSERT INTO `creature_ai_events` (`id`, `creature_id`, `condition_id`, `event_type`, `event_inverse_phase_mask`, `event_chance`, `event_flags`, `event_param1`, `event_param2`, `event_param3`, `event_param4`, `action1_script`, `action2_script`, `action3_script`, `comment`) VALUES (5124801, 51248, 0, 1, 0, 100, 1, 10000, 10000, 300000, 600000, 5124801, 0, 0, 'Boy - Say Text OOC');
DELETE FROM `creature_ai_scripts` WHERE `id`=5124801;
INSERT INTO `creature_ai_scripts` (`id`, `delay`, `priority`, `command`, `datalong`, `datalong2`, `datalong3`, `datalong4`, `target_param1`, `target_param2`, `target_type`, `data_flags`, `dataint`, `dataint2`, `dataint3`, `dataint4`, `x`, `y`, `z`, `o`, `condition_id`, `comments`) VALUES
(5124801, 0, 0, 39, 51248, 0, 0, 0, 68758, 0, 9, 0, 100, 0, 0, 0, 0, 0, 0, 0, 0, 'Boy - Start Script to Say Text');
DELETE FROM `generic_scripts` WHERE `id`=51248;
INSERT INTO `generic_scripts` (`id`, `delay`, `priority`, `command`, `datalong`, `datalong2`, `datalong3`, `datalong4`, `target_param1`, `target_param2`, `target_type`, `data_flags`, `dataint`, `dataint2`, `dataint3`, `dataint4`, `x`, `y`, `z`, `o`, `condition_id`, `comments`) VALUES
(51248, 0, 0, 0, 0, 0, 0, 0, 0, 0, 0, 0, 47000, 0, 0, 0, 0, 0, 0, 0, 0, 'Boy - Say Text 1'),
(51248, 4, 0, 0, 0, 0, 0, 0, 0, 0, 0, 1, 47001, 0, 0, 0, 0, 0, 0, 0, 0, 'Investment Broker - Say Text 2'),
(51248, 6, 0, 0, 0, 0, 0, 0, 0, 0, 0, 1, 47002, 0, 0, 0, 0, 0, 0, 0, 0, 'Investment Broker - Say Text 3'),
(51248, 8, 0, 0, 0, 0, 0, 0, 0, 0, 0, 1, 47003, 0, 0, 0, 0, 0, 0, 0, 0, 'Investment Broker - Say Text 4'),
(51248, 12, 0, 0, 0, 0, 0, 0, 0, 0, 0, 1, 47004, 0, 0, 0, 0, 0, 0, 0, 0, 'Investment Broker - Say Text 5'),
(51248, 15, 0, 0, 0, 0, 0, 0, 0, 0, 0, 0, 47005, 0, 0, 0, 0, 0, 0, 0, 0, 'Boy - Say Text 6'),
(51248, 17, 0, 0, 0, 0, 0, 0, 0, 0, 0, 1, 47006, 0, 0, 0, 0, 0, 0, 0, 0, 'Investment Broker - Say Text 7'),
(51248, 19, 0, 0, 0, 0, 0, 0, 0, 0, 0, 0, 47007, 0, 0, 0, 0, 0, 0, 0, 0, 'Boy - Say Text 8'),
(51248, 21, 0, 0, 0, 0, 0, 0, 0, 0, 0, 1, 47008, 0, 0, 0, 0, 0, 0, 0, 0, 'Investment Broker - Say Text 9'),
(51248, 24, 0, 0, 0, 0, 0, 0, 0, 0, 0, 0, 47009, 0, 0, 0, 0, 0, 0, 0, 0, 'Boy - Say Text 10'),
(51248, 27, 0, 0, 0, 0, 0, 0, 0, 0, 0, 1, 47010, 0, 0, 0, 0, 0, 0, 0, 0, 'Investment Broker - Say Text 11'),
(51248, 29, 0, 0, 0, 0, 0, 0, 0, 0, 0, 1, 47011, 0, 0, 0, 0, 0, 0, 0, 0, 'Investment Broker - Say Text 12');

-- Events list for Novice Investor
DELETE FROM `creature_ai_events` WHERE `creature_id`=51247;
INSERT INTO `creature_ai_events` (`id`, `creature_id`, `condition_id`, `event_type`, `event_inverse_phase_mask`, `event_chance`, `event_flags`, `event_param1`, `event_param2`, `event_param3`, `event_param4`, `action1_script`, `action2_script`, `action3_script`, `comment`) VALUES (5124701, 51247, 0, 1, 0, 100, 1, 10000, 300000, 120000, 300000, 5124701, 0, 0, 'Novice Investor - Say Text OOC');
DELETE FROM `creature_ai_scripts` WHERE `id`=5124701;
INSERT INTO `creature_ai_scripts` (`id`, `delay`, `priority`, `command`, `datalong`, `datalong2`, `datalong3`, `datalong4`, `target_param1`, `target_param2`, `target_type`, `data_flags`, `dataint`, `dataint2`, `dataint3`, `dataint4`, `x`, `y`, `z`, `o`, `condition_id`, `comments`) VALUES
(5124701, 0, 0, 0, 0, 0, 0, 0, 0, 0, 0, 0, 47012, 47013, 47014, 47015, 0, 0, 0, 0, 0, 'Novice Investor - Say Text');

-- Events list for Successful Investor
DELETE FROM `creature_ai_events` WHERE `creature_id`=51246;
INSERT INTO `creature_ai_events` (`id`, `creature_id`, `condition_id`, `event_type`, `event_inverse_phase_mask`, `event_chance`, `event_flags`, `event_param1`, `event_param2`, `event_param3`, `event_param4`, `action1_script`, `action2_script`, `action3_script`, `comment`) VALUES (5124601, 51246, 0, 1, 0, 100, 1, 60000, 120000, 120000, 300000, 5124601, 0, 0, 'Successful Investor - Say Text OOC');
DELETE FROM `creature_ai_scripts` WHERE `id`=5124601;
INSERT INTO `creature_ai_scripts` (`id`, `delay`, `priority`, `command`, `datalong`, `datalong2`, `datalong3`, `datalong4`, `target_param1`, `target_param2`, `target_type`, `data_flags`, `dataint`, `dataint2`, `dataint3`, `dataint4`, `x`, `y`, `z`, `o`, `condition_id`, `comments`) VALUES
(5124601, 0, 0, 0, 0, 0, 0, 0, 0, 0, 0, 0, 47016, 0, 0, 0, 0, 0, 0, 0, 0, 'Successful Investor - Say Text'),
(5124601, 0, 1, 1, 1, 0, 0, 0, 0, 0, 0, 0, 0, 0, 0, 0, 0, 0, 0, 0, 0, 'Successful Investor - Emote Talk'),
(5124601, 0, 2, 39, 51246, 0, 0, 0, 0, 0, 0, 0, 100, 0, 0, 0, 0, 0, 0, 0, 0, 'Successful Investor - Start Script');
DELETE FROM `generic_scripts` WHERE `id`=51246;
INSERT INTO `generic_scripts` (`id`, `delay`, `priority`, `command`, `datalong`, `datalong2`, `datalong3`, `datalong4`, `target_param1`, `target_param2`, `target_type`, `data_flags`, `dataint`, `dataint2`, `dataint3`, `dataint4`, `x`, `y`, `z`, `o`, `condition_id`, `comments`) VALUES
(51246, 2, 0, 1, 11, 0, 0, 0, 0, 0, 0, 0, 0, 0, 0, 0, 0, 0, 0, 0, 0, 'Successful Investor - Emote Laugh'),
(51246, 3, 0, 1, 11, 0, 0, 0, 68761, 0, 9, 2, 0, 0, 0, 0, 0, 0, 0, 0, 0, 'Female Admirer 1 - Emote Laugh'),
(51246, 3, 0, 1, 11, 0, 0, 0, 68762, 0, 9, 2, 0, 0, 0, 0, 0, 0, 0, 0, 0, 'Female Admirer 2 - Emote Laugh'),
(51246, 3, 0, 1, 11, 0, 0, 0, 68763, 0, 9, 2, 0, 0, 0, 0, 0, 0, 0, 0, 0, 'Female Admirer 3 - Emote Laugh');

-- Events list for Fanatical Investor.
DELETE FROM `creature_ai_events` WHERE `creature_id`=51241;
INSERT INTO `creature_ai_events` (`id`, `creature_id`, `condition_id`, `event_type`, `event_inverse_phase_mask`, `event_chance`, `event_flags`, `event_param1`, `event_param2`, `event_param3`, `event_param4`, `action1_script`, `action2_script`, `action3_script`, `comment`) VALUES (5124101, 51241, 0, 1, 0, 100, 1, 20000, 60000, 20000, 60000, 5124101, 0, 0, 'Fanatical Investor - Say Text OOC');
DELETE FROM `creature_ai_scripts` WHERE `id`=5124101;
INSERT INTO `creature_ai_scripts` (`id`, `delay`, `priority`, `command`, `datalong`, `datalong2`, `datalong3`, `datalong4`, `target_param1`, `target_param2`, `target_type`, `data_flags`, `dataint`, `dataint2`, `dataint3`, `dataint4`, `x`, `y`, `z`, `o`, `condition_id`, `comments`) VALUES
(5124101, 0, 0, 0, 0, 0, 0, 0, 0, 0, 0, 0, 47026, 47027, 47028, 47029, 0, 0, 0, 0, 0, 'Fanatical Investor - Say Text');

-- Spawns in Orgrimmar.
INSERT INTO `creature` (`guid`, `id`, `id2`, `id3`, `id4`, `map`, `position_x`, `position_y`, `position_z`, `orientation`, `spawntimesecsmin`, `spawntimesecsmax`, `wander_distance`, `health_percent`, `mana_percent`, `movement_type`, `spawn_flags`, `visibility_mod`) VALUES (377674, 51243, 0, 0, 0, 1, 2206.46, -4782.38, 65.6064, 2.53306, 600, 600, 0, 100, 100, 0, 0, 0);
INSERT INTO `creature` (`guid`, `id`, `id2`, `id3`, `id4`, `map`, `position_x`, `position_y`, `position_z`, `orientation`, `spawntimesecsmin`, `spawntimesecsmax`, `wander_distance`, `health_percent`, `mana_percent`, `movement_type`, `spawn_flags`, `visibility_mod`) VALUES (377675, 51242, 0, 0, 0, 1, 2209.39, -4779.47, 65.1896, 2.96503, 120, 120, 0, 100, 100, 0, 0, 0);
INSERT INTO `creature` (`guid`, `id`, `id2`, `id3`, `id4`, `map`, `position_x`, `position_y`, `position_z`, `orientation`, `spawntimesecsmin`, `spawntimesecsmax`, `wander_distance`, `health_percent`, `mana_percent`, `movement_type`, `spawn_flags`, `visibility_mod`) VALUES (377676, 51241, 0, 0, 0, 1, 2180.6, -4769.33, 54.9112, 2.35242, 120, 120, 0, 100, 100, 0, 0, 0);
INSERT INTO `creature` (`guid`, `id`, `id2`, `id3`, `id4`, `map`, `position_x`, `position_y`, `position_z`, `orientation`, `spawntimesecsmin`, `spawntimesecsmax`, `wander_distance`, `health_percent`, `mana_percent`, `movement_type`, `spawn_flags`, `visibility_mod`) VALUES (377677, 51241, 0, 0, 0, 1, 2182.34, -4764.79, 54.9112, 3.08284, 120, 120, 0, 100, 100, 0, 0, 0);
INSERT INTO `creature` (`guid`, `id`, `id2`, `id3`, `id4`, `map`, `position_x`, `position_y`, `position_z`, `orientation`, `spawntimesecsmin`, `spawntimesecsmax`, `wander_distance`, `health_percent`, `mana_percent`, `movement_type`, `spawn_flags`, `visibility_mod`) VALUES (377678, 51241, 0, 0, 0, 1, 2184.58, -4760.63, 54.9112, 3.32632, 120, 120, 0, 100, 100, 0, 0, 0);
INSERT INTO `creature` (`guid`, `id`, `id2`, `id3`, `id4`, `map`, `position_x`, `position_y`, `position_z`, `orientation`, `spawntimesecsmin`, `spawntimesecsmax`, `wander_distance`, `health_percent`, `mana_percent`, `movement_type`, `spawn_flags`, `visibility_mod`) VALUES (377679, 51241, 0, 0, 0, 1, 2181.42, -4755.73, 54.9112, 4.02925, 120, 120, 0, 100, 100, 0, 0, 0);
INSERT INTO `creature` (`guid`, `id`, `id2`, `id3`, `id4`, `map`, `position_x`, `position_y`, `position_z`, `orientation`, `spawntimesecsmin`, `spawntimesecsmax`, `wander_distance`, `health_percent`, `mana_percent`, `movement_type`, `spawn_flags`, `visibility_mod`) VALUES (377680, 51241, 0, 0, 0, 1, 2176.29, -4755.08, 54.9111, 4.90103, 120, 120, 0, 100, 100, 0, 0, 0);
INSERT INTO `creature` (`guid`, `id`, `id2`, `id3`, `id4`, `map`, `position_x`, `position_y`, `position_z`, `orientation`, `spawntimesecsmin`, `spawntimesecsmax`, `wander_distance`, `health_percent`, `mana_percent`, `movement_type`, `spawn_flags`, `visibility_mod`) VALUES (377681, 51241, 0, 0, 0, 1, 2172.19, -4757.56, 54.9111, 5.39191, 120, 120, 0, 100, 100, 0, 0, 0);
INSERT INTO `creature` (`guid`, `id`, `id2`, `id3`, `id4`, `map`, `position_x`, `position_y`, `position_z`, `orientation`, `spawntimesecsmin`, `spawntimesecsmax`, `wander_distance`, `health_percent`, `mana_percent`, `movement_type`, `spawn_flags`, `visibility_mod`) VALUES (377682, 51241, 0, 0, 0, 1, 2168.01, -4762.96, 54.9111, 6.04771, 120, 120, 0, 100, 100, 0, 0, 0);
INSERT INTO `creature` (`guid`, `id`, `id2`, `id3`, `id4`, `map`, `position_x`, `position_y`, `position_z`, `orientation`, `spawntimesecsmin`, `spawntimesecsmax`, `wander_distance`, `health_percent`, `mana_percent`, `movement_type`, `spawn_flags`, `visibility_mod`) VALUES (377683, 51241, 0, 0, 0, 1, 2170.44, -4768.52, 54.9111, 0.557775, 120, 120, 0, 100, 100, 0, 0, 0);
INSERT INTO `creature` (`guid`, `id`, `id2`, `id3`, `id4`, `map`, `position_x`, `position_y`, `position_z`, `orientation`, `spawntimesecsmin`, `spawntimesecsmax`, `wander_distance`, `health_percent`, `mana_percent`, `movement_type`, `spawn_flags`, `visibility_mod`) VALUES (377684, 51241, 0, 0, 0, 1, 2165.01, -4770.6, 54.9111, 0.447819, 120, 120, 0, 100, 100, 0, 0, 0);
INSERT INTO `creature` (`guid`, `id`, `id2`, `id3`, `id4`, `map`, `position_x`, `position_y`, `position_z`, `orientation`, `spawntimesecsmin`, `spawntimesecsmax`, `wander_distance`, `health_percent`, `mana_percent`, `movement_type`, `spawn_flags`, `visibility_mod`) VALUES (377685, 51241, 0, 0, 0, 1, 2162.28, -4766.03, 54.9111, 0.0943896, 120, 120, 0, 100, 100, 0, 0, 0);
INSERT INTO `creature` (`guid`, `id`, `id2`, `id3`, `id4`, `map`, `position_x`, `position_y`, `position_z`, `orientation`, `spawntimesecsmin`, `spawntimesecsmax`, `wander_distance`, `health_percent`, `mana_percent`, `movement_type`, `spawn_flags`, `visibility_mod`) VALUES (377686, 51241, 0, 0, 0, 1, 2157.37, -4769.54, 54.9111, 0.153294, 120, 120, 0, 100, 100, 0, 0, 0);
INSERT INTO `creature` (`guid`, `id`, `id2`, `id3`, `id4`, `map`, `position_x`, `position_y`, `position_z`, `orientation`, `spawntimesecsmin`, `spawntimesecsmax`, `wander_distance`, `health_percent`, `mana_percent`, `movement_type`, `spawn_flags`, `visibility_mod`) VALUES (377687, 51241, 0, 0, 0, 1, 2156.73, -4760.55, 54.9111, 6.19693, 120, 120, 0, 100, 100, 0, 0, 0);
INSERT INTO `creature` (`guid`, `id`, `id2`, `id3`, `id4`, `map`, `position_x`, `position_y`, `position_z`, `orientation`, `spawntimesecsmin`, `spawntimesecsmax`, `wander_distance`, `health_percent`, `mana_percent`, `movement_type`, `spawn_flags`, `visibility_mod`) VALUES (377688, 51241, 0, 0, 0, 1, 2162.28, -4761.74, 54.9111, 6.09483, 120, 120, 0, 100, 100, 0, 0, 0);
INSERT INTO `creature` (`guid`, `id`, `id2`, `id3`, `id4`, `map`, `position_x`, `position_y`, `position_z`, `orientation`, `spawntimesecsmin`, `spawntimesecsmax`, `wander_distance`, `health_percent`, `mana_percent`, `movement_type`, `spawn_flags`, `visibility_mod`) VALUES (377689, 51241, 0, 0, 0, 1, 2165.88, -4758, 54.9111, 5.74534, 120, 120, 0, 100, 100, 0, 0, 0);
INSERT INTO `creature` (`guid`, `id`, `id2`, `id3`, `id4`, `map`, `position_x`, `position_y`, `position_z`, `orientation`, `spawntimesecsmin`, `spawntimesecsmax`, `wander_distance`, `health_percent`, `mana_percent`, `movement_type`, `spawn_flags`, `visibility_mod`) VALUES (377690, 51241, 0, 0, 0, 1, 2162.72, -4753.31, 54.9111, 5.64716, 120, 120, 0, 100, 100, 0, 0, 0);
INSERT INTO `creature` (`guid`, `id`, `id2`, `id3`, `id4`, `map`, `position_x`, `position_y`, `position_z`, `orientation`, `spawntimesecsmin`, `spawntimesecsmax`, `wander_distance`, `health_percent`, `mana_percent`, `movement_type`, `spawn_flags`, `visibility_mod`) VALUES (377691, 51241, 0, 0, 0, 1, 2169.74, -4753.12, 54.9111, 5.44297, 120, 120, 0, 100, 100, 0, 0, 0);
INSERT INTO `creature` (`guid`, `id`, `id2`, `id3`, `id4`, `map`, `position_x`, `position_y`, `position_z`, `orientation`, `spawntimesecsmin`, `spawntimesecsmax`, `wander_distance`, `health_percent`, `mana_percent`, `movement_type`, `spawn_flags`, `visibility_mod`) VALUES (377692, 51241, 0, 0, 0, 1, 2165.64, -4749.17, 54.9111, 5.23877, 120, 120, 0, 100, 100, 0, 0, 0);
INSERT INTO `creature` (`guid`, `id`, `id2`, `id3`, `id4`, `map`, `position_x`, `position_y`, `position_z`, `orientation`, `spawntimesecsmin`, `spawntimesecsmax`, `wander_distance`, `health_percent`, `mana_percent`, `movement_type`, `spawn_flags`, `visibility_mod`) VALUES (377693, 51241, 0, 0, 0, 1, 2171.36, -4746.25, 54.9111, 4.92854, 120, 120, 0, 100, 100, 0, 0, 0);
INSERT INTO `creature` (`guid`, `id`, `id2`, `id3`, `id4`, `map`, `position_x`, `position_y`, `position_z`, `orientation`, `spawntimesecsmin`, `spawntimesecsmax`, `wander_distance`, `health_percent`, `mana_percent`, `movement_type`, `spawn_flags`, `visibility_mod`) VALUES (377694, 51241, 0, 0, 0, 1, 2177.56, -4749.15, 54.9111, 4.85785, 120, 120, 0, 100, 100, 0, 0, 0);
INSERT INTO `creature` (`guid`, `id`, `id2`, `id3`, `id4`, `map`, `position_x`, `position_y`, `position_z`, `orientation`, `spawntimesecsmin`, `spawntimesecsmax`, `wander_distance`, `health_percent`, `mana_percent`, `movement_type`, `spawn_flags`, `visibility_mod`) VALUES (377695, 51241, 0, 0, 0, 1, 2183.56, -4748.26, 54.9111, 4.18634, 120, 120, 0, 100, 100, 0, 0, 0);
INSERT INTO `creature` (`guid`, `id`, `id2`, `id3`, `id4`, `map`, `position_x`, `position_y`, `position_z`, `orientation`, `spawntimesecsmin`, `spawntimesecsmax`, `wander_distance`, `health_percent`, `mana_percent`, `movement_type`, `spawn_flags`, `visibility_mod`) VALUES (377696, 51241, 0, 0, 0, 1, 2187.58, -4753.21, 54.9111, 4.02926, 120, 120, 0, 100, 100, 0, 0, 0);
INSERT INTO `creature` (`guid`, `id`, `id2`, `id3`, `id4`, `map`, `position_x`, `position_y`, `position_z`, `orientation`, `spawntimesecsmin`, `spawntimesecsmax`, `wander_distance`, `health_percent`, `mana_percent`, `movement_type`, `spawn_flags`, `visibility_mod`) VALUES (377697, 51241, 0, 0, 0, 1, 2190.7, -4758.33, 54.9111, 3.28706, 120, 120, 0, 100, 100, 0, 0, 0);
INSERT INTO `creature` (`guid`, `id`, `id2`, `id3`, `id4`, `map`, `position_x`, `position_y`, `position_z`, `orientation`, `spawntimesecsmin`, `spawntimesecsmax`, `wander_distance`, `health_percent`, `mana_percent`, `movement_type`, `spawn_flags`, `visibility_mod`) VALUES (377698, 51241, 0, 0, 0, 1, 2188.91, -4763.52, 54.9111, 3.05537, 120, 120, 0, 100, 100, 0, 0, 0);
INSERT INTO `creature` (`guid`, `id`, `id2`, `id3`, `id4`, `map`, `position_x`, `position_y`, `position_z`, `orientation`, `spawntimesecsmin`, `spawntimesecsmax`, `wander_distance`, `health_percent`, `mana_percent`, `movement_type`, `spawn_flags`, `visibility_mod`) VALUES (377699, 51241, 0, 0, 0, 1, 2192.16, -4769.81, 54.9111, 2.70587, 120, 120, 0, 100, 100, 0, 0, 0);
INSERT INTO `creature` (`guid`, `id`, `id2`, `id3`, `id4`, `map`, `position_x`, `position_y`, `position_z`, `orientation`, `spawntimesecsmin`, `spawntimesecsmax`, `wander_distance`, `health_percent`, `mana_percent`, `movement_type`, `spawn_flags`, `visibility_mod`) VALUES (377700, 51241, 0, 0, 0, 1, 2186.63, -4769.45, 54.9111, 2.71765, 120, 120, 0, 100, 100, 0, 0, 0);
INSERT INTO `creature` (`guid`, `id`, `id2`, `id3`, `id4`, `map`, `position_x`, `position_y`, `position_z`, `orientation`, `spawntimesecsmin`, `spawntimesecsmax`, `wander_distance`, `health_percent`, `mana_percent`, `movement_type`, `spawn_flags`, `visibility_mod`) VALUES (377701, 51241, 0, 0, 0, 1, 2175.74, -4771.03, 54.9111, 1.73983, 120, 120, 0, 100, 100, 0, 0, 0);
INSERT INTO `creature` (`guid`, `id`, `id2`, `id3`, `id4`, `map`, `position_x`, `position_y`, `position_z`, `orientation`, `spawntimesecsmin`, `spawntimesecsmax`, `wander_distance`, `health_percent`, `mana_percent`, `movement_type`, `spawn_flags`, `visibility_mod`) VALUES (377702, 51241, 0, 0, 0, 1, 2177.78, -4778.49, 54.9111, 1.47672, 120, 120, 0, 100, 100, 0, 0, 0);
INSERT INTO `creature` (`guid`, `id`, `id2`, `id3`, `id4`, `map`, `position_x`, `position_y`, `position_z`, `orientation`, `spawntimesecsmin`, `spawntimesecsmax`, `wander_distance`, `health_percent`, `mana_percent`, `movement_type`, `spawn_flags`, `visibility_mod`) VALUES (377703, 51241, 0, 0, 0, 1, 2182.79, -4777, 54.9111, 2.01864, 120, 120, 0, 100, 100, 0, 0, 0);
INSERT INTO `creature` (`guid`, `id`, `id2`, `id3`, `id4`, `map`, `position_x`, `position_y`, `position_z`, `orientation`, `spawntimesecsmin`, `spawntimesecsmax`, `wander_distance`, `health_percent`, `mana_percent`, `movement_type`, `spawn_flags`, `visibility_mod`) VALUES (377704, 51241, 0, 0, 0, 1, 2185.88, -4782.25, 54.9111, 2.08147, 120, 120, 0, 100, 100, 0, 0, 0);
INSERT INTO `creature` (`guid`, `id`, `id2`, `id3`, `id4`, `map`, `position_x`, `position_y`, `position_z`, `orientation`, `spawntimesecsmin`, `spawntimesecsmax`, `wander_distance`, `health_percent`, `mana_percent`, `movement_type`, `spawn_flags`, `visibility_mod`) VALUES (377705, 51241, 0, 0, 0, 1, 2187.89, -4775.4, 54.9111, 2.24248, 120, 120, 0, 100, 100, 0, 0, 0);
INSERT INTO `creature` (`guid`, `id`, `id2`, `id3`, `id4`, `map`, `position_x`, `position_y`, `position_z`, `orientation`, `spawntimesecsmin`, `spawntimesecsmax`, `wander_distance`, `health_percent`, `mana_percent`, `movement_type`, `spawn_flags`, `visibility_mod`) VALUES (377706, 51240, 0, 0, 0, 1, 2146.65, -4745.15, 50.4963, 2.53792, 120, 120, 0, 100, 100, 0, 0, 0);
INSERT INTO `creature` (`guid`, `id`, `id2`, `id3`, `id4`, `map`, `position_x`, `position_y`, `position_z`, `orientation`, `spawntimesecsmin`, `spawntimesecsmax`, `wander_distance`, `health_percent`, `mana_percent`, `movement_type`, `spawn_flags`, `visibility_mod`) VALUES (377707, 51239, 0, 0, 0, 1, 2204.73, -4786.18, 65.1896, 2.12635, 120, 120, 0, 100, 100, 0, 0, 0);
INSERT INTO `creature` (`guid`, `id`, `id2`, `id3`, `id4`, `map`, `position_x`, `position_y`, `position_z`, `orientation`, `spawntimesecsmin`, `spawntimesecsmax`, `wander_distance`, `health_percent`, `mana_percent`, `movement_type`, `spawn_flags`, `visibility_mod`) VALUES (377708, 51239, 0, 0, 0, 1, 2213.14, -4783.95, 64.7733, 1.74544, 120, 120, 0, 100, 100, 0, 0, 0);
INSERT INTO `creature` (`guid`, `id`, `id2`, `id3`, `id4`, `map`, `position_x`, `position_y`, `position_z`, `orientation`, `spawntimesecsmin`, `spawntimesecsmax`, `wander_distance`, `health_percent`, `mana_percent`, `movement_type`, `spawn_flags`, `visibility_mod`) VALUES (377709, 51239, 0, 0, 0, 1, 2213.42, -4781.67, 64.7733, 4.49733, 120, 120, 0, 100, 100, 0, 0, 0);
INSERT INTO `creature` (`guid`, `id`, `id2`, `id3`, `id4`, `map`, `position_x`, `position_y`, `position_z`, `orientation`, `spawntimesecsmin`, `spawntimesecsmax`, `wander_distance`, `health_percent`, `mana_percent`, `movement_type`, `spawn_flags`, `visibility_mod`) VALUES (377710, 51238, 0, 0, 0, 1, 2195.13, -4763.8, 54.9114, 2.81502, 120, 120, 0, 100, 100, 0, 0, 0);
INSERT INTO `creature` (`guid`, `id`, `id2`, `id3`, `id4`, `map`, `position_x`, `position_y`, `position_z`, `orientation`, `spawntimesecsmin`, `spawntimesecsmax`, `wander_distance`, `health_percent`, `mana_percent`, `movement_type`, `spawn_flags`, `visibility_mod`) VALUES (377711, 51237, 0, 0, 0, 1, 2150.54, -4791.72, 56.5116, 3.13425, 120, 120, 0, 100, 100, 0, 0, 0);
INSERT INTO `creature` (`guid`, `id`, `id2`, `id3`, `id4`, `map`, `position_x`, `position_y`, `position_z`, `orientation`, `spawntimesecsmin`, `spawntimesecsmax`, `wander_distance`, `health_percent`, `mana_percent`, `movement_type`, `spawn_flags`, `visibility_mod`) VALUES (377712, 51237, 0, 0, 0, 1, 2171.24, -4796.1, 67.5119, 1.33569, 120, 120, 0, 100, 100, 0, 0, 0);
INSERT INTO `creature` (`guid`, `id`, `id2`, `id3`, `id4`, `map`, `position_x`, `position_y`, `position_z`, `orientation`, `spawntimesecsmin`, `spawntimesecsmax`, `wander_distance`, `health_percent`, `mana_percent`, `movement_type`, `spawn_flags`, `visibility_mod`) VALUES (377713, 51237, 0, 0, 0, 1, 2161.05, -4727.48, 61.4638, 5.87215, 120, 120, 0, 100, 100, 0, 0, 0);
INSERT INTO `creature` (`guid`, `id`, `id2`, `id3`, `id4`, `map`, `position_x`, `position_y`, `position_z`, `orientation`, `spawntimesecsmin`, `spawntimesecsmax`, `wander_distance`, `health_percent`, `mana_percent`, `movement_type`, `spawn_flags`, `visibility_mod`) VALUES (377714, 51236, 0, 0, 0, 1, 2121.04, -4719.4, 48.0888, 4.03403, 120, 120, 0, 100, 100, 0, 0, 0);
INSERT INTO `creature` (`guid`, `id`, `id2`, `id3`, `id4`, `map`, `position_x`, `position_y`, `position_z`, `orientation`, `spawntimesecsmin`, `spawntimesecsmax`, `wander_distance`, `health_percent`, `mana_percent`, `movement_type`, `spawn_flags`, `visibility_mod`) VALUES (377715, 51235, 0, 0, 0, 1, 2119.12, -4721.99, 48.0227, 0.947411, 120, 120, 0, 100, 100, 0, 0, 0);
INSERT INTO `creature` (`guid`, `id`, `id2`, `id3`, `id4`, `map`, `position_x`, `position_y`, `position_z`, `orientation`, `spawntimesecsmin`, `spawntimesecsmax`, `wander_distance`, `health_percent`, `mana_percent`, `movement_type`, `spawn_flags`, `visibility_mod`) VALUES (377716, 51235, 0, 0, 0, 1, 2117.29, -4719.29, 47.4776, 6.0957, 120, 120, 0, 100, 100, 0, 0, 0);
INSERT INTO `creature_addon` (`guid`, `display_id`, `mount_display_id`, `equipment_id`, `stand_state`, `sheath_state`, `emote_state`, `auras`) VALUES (377674, 0, -1, -1, 1, 0, 0, NULL);
INSERT INTO `creature_addon` (`guid`, `display_id`, `mount_display_id`, `equipment_id`, `stand_state`, `sheath_state`, `emote_state`, `auras`) VALUES (377707, 0, -1, -1, 1, 0, 0, NULL);
INSERT INTO `creature_addon` (`guid`, `display_id`, `mount_display_id`, `equipment_id`, `stand_state`, `sheath_state`, `emote_state`, `auras`) VALUES (377708, 0, -1, -1, 0, 0, 10, NULL);
INSERT INTO `creature_addon` (`guid`, `display_id`, `mount_display_id`, `equipment_id`, `stand_state`, `sheath_state`, `emote_state`, `auras`) VALUES (377709, 0, -1, -1, 0, 0, 10, NULL);
UPDATE `creature` SET `id`=51234 WHERE `guid` IN (10297, 10353);

-- Events list for Shellcoin Promoter
DELETE FROM `creature_ai_events` WHERE `creature_id`=51237;
INSERT INTO `creature_ai_events` (`id`, `creature_id`, `condition_id`, `event_type`, `event_inverse_phase_mask`, `event_chance`, `event_flags`, `event_param1`, `event_param2`, `event_param3`, `event_param4`, `action1_script`, `action2_script`, `action3_script`, `comment`) VALUES (5123701, 51237, 85, 10, 0, 100, 1, 1, 20, 10000, 10000, 5123701, 0, 0, 'Shellcoin Promoter - Follow Player in LoS');
DELETE FROM `creature_ai_scripts` WHERE `id`=5123701;
INSERT INTO `creature_ai_scripts` (`id`, `delay`, `priority`, `command`, `datalong`, `datalong2`, `datalong3`, `datalong4`, `target_param1`, `target_param2`, `target_type`, `data_flags`, `dataint`, `dataint2`, `dataint3`, `dataint4`, `x`, `y`, `z`, `o`, `condition_id`, `comments`) VALUES
(5123701, 0, 0, 3, 2, 0, 3, 0, 0, 0, 0, 0, 0, 0, 0, 0, 1, 0, 0, 0, 0, 'Shellcoin Promoter - Move to Target'),
(5123701, 0, 0, 0, 0, 0, 0, 0, 0, 0, 0, 0, 47031, 47032, 47033, 47034, 0, 0, 0, 0, 0, 'Shellcoin Promoter - Say Text');

-- Events list for Sceptic Peon
DELETE FROM `creature_ai_events` WHERE `creature_id`=51236;
INSERT INTO `creature_ai_events` (`id`, `creature_id`, `condition_id`, `event_type`, `event_inverse_phase_mask`, `event_chance`, `event_flags`, `event_param1`, `event_param2`, `event_param3`, `event_param4`, `action1_script`, `action2_script`, `action3_script`, `comment`) VALUES (5123601, 51236, 0, 1, 0, 100, 1, 60000, 60000, 300000, 300000, 5123601, 0, 0, 'Sceptic Peon - Start Script OOC');
DELETE FROM `creature_ai_scripts` WHERE `id`=5123601;
INSERT INTO `creature_ai_scripts` (`id`, `delay`, `priority`, `command`, `datalong`, `datalong2`, `datalong3`, `datalong4`, `target_param1`, `target_param2`, `target_type`, `data_flags`, `dataint`, `dataint2`, `dataint3`, `dataint4`, `x`, `y`, `z`, `o`, `condition_id`, `comments`) VALUES
(5123601, 0, 0, 39, 5123601, 0, 0, 0, 0, 0, 0, 0, 100, 0, 0, 0, 0, 0, 0, 0, 0, 'Sceptic Peon - Start Script');
DELETE FROM `generic_scripts` WHERE `id`=5123601;
INSERT INTO `generic_scripts` (`id`, `delay`, `priority`, `command`, `datalong`, `datalong2`, `datalong3`, `datalong4`, `target_param1`, `target_param2`, `target_type`, `data_flags`, `dataint`, `dataint2`, `dataint3`, `dataint4`, `x`, `y`, `z`, `o`, `condition_id`, `comments`) VALUES
(5123601, 0, 0, 0, 0, 0, 0, 0, 0, 0, 0, 0, 47035, 0, 0, 0, 0, 0, 0, 0, 0, 'Sceptic Peon - Say Text'),
(5123601, 4, 0, 0, 0, 0, 0, 0, 0, 0, 0, 0, 47036, 0, 0, 0, 0, 0, 0, 0, 0, 'Sceptic Peon - Say Text'),
(5123601, 8, 0, 0, 0, 0, 0, 0, 0, 0, 0, 0, 47037, 0, 0, 0, 0, 0, 0, 0, 0, 'Sceptic Peon - Say Text'),
(5123601, 12, 0, 0, 0, 0, 0, 0, 0, 0, 0, 0, 47038, 0, 0, 0, 0, 0, 0, 0, 0, 'Sceptic Peon - Say Text'),
(5123601, 13, 0, 22, 14, 1, 0, 0, 0, 0, 0, 0, 0, 0, 0, 0, 0, 0, 0, 0, 0, 'Sceptic Peon - Set Faction to Monster'),
(5123601, 13, 1, 20, 17, 1, 1000, 0, 10353, 0, 9, 2, 0, 0, 0, 0, 0, 0, 0, 0, 0, 'Private Security - Charge Sceptic Peon'),
(5123601, 13, 1, 20, 17, 1, 1000, 0, 10297, 0, 9, 2, 0, 0, 0, 0, 0, 0, 0, 0, 0, 'Private Security - Charge Sceptic Peon'),
(5123601, 14, 0, 48, 100, 1, 0, 0, 0, 0, 0, 4, 0, 0, 0, 0, 0, 0, 0, 0, 1000, 'Sceptic Peon - Die'),
(5123601, 15, 0, 33, 0, 0, 0, 0, 10297, 0, 9, 2, 0, 0, 0, 0, 0, 0, 0, 0, 0, 'Private Security - Evade'),
(5123601, 15, 0, 33, 0, 0, 0, 0, 10353, 0, 9, 2, 0, 0, 0, 0, 0, 0, 0, 0, 0, 'Private Security - Evade'),
(5123601, 18, 0, 0, 0, 0, 0, 0, 377715, 0, 9, 2, 47039, 0, 0, 0, 0, 0, 0, 0, 0, 'Orgrimmar Commoner - Say Text'),
(5123601, 20, 0, 3, 0, 0, 67, 0, 377715, 0, 9, 2, 0, 0, 0, 0, 2134.285, -4737.524, 50.496, 5.65, 0, 'Orgrimmar Commoner - Move'),
(5123601, 22, 0, 0, 0, 0, 0, 0, 377716, 0, 9, 2, 47040, 0, 0, 0, 0, 0, 0, 0, 0, 'Orgrimmar Commoner - Say Text'),
(5123601, 24, 0, 3, 0, 0, 67, 0, 377716, 0, 9, 2, 0, 0, 0, 0, 2134.285, -4737.524, 50.496, 5.65, 0, 'Orgrimmar Commoner - Move'),
(5123601, 27, 0, 18, 0, 0, 0, 0, 377715, 0, 9, 2, 0, 0, 0, 0, 0, 0, 0, 0, 0, 'Orgrimmar Commoner - Despawn'),
(5123601, 31, 0, 18, 0, 0, 0, 0, 377716, 0, 9, 2, 0, 0, 0, 0, 0, 0, 0, 0, 0, 'Orgrimmar Commoner - Despawn');
